CARI_KOD,FISNO,TARIH,DOV_TUTAR,DOVTIP
"120-07-009","SIV2025000000001","2025-01-02","6515.93","0"
"120-07-005","SIV2025000000002","2025-01-02","64.28","1"
"A03229","SIV2025000000003","2025-01-02","364.00","2"
"120-01-018","SIV2025000000004","2025-01-02","177.36","2"
"120-07-013","SIV2025000000005","2025-01-02","738.61","1"
"120-07-001","SIV2025000000006","2025-01-02","311.59","2"
"120-10-014","SIV2025000000007","2025-01-02","195.52","2"
"120-02-007","SIV2025000000008","2025-01-02","267.56","2"
"120-10-010","SIV2025000000009","2025-01-02","8672.40","0"
"120-15-002","SIV2025000000010","2025-01-02","121.44","1"
"120-15-014","SIV2025000000011","2025-01-02","268.63","2"
"120-01-024","SIV2025000000012","2025-01-02","279.54","1"
"120-01-001","SIV2025000000013","2025-01-03","7319.32","0"
"120-02-006","SIV2025000000014","2025-01-03","387.31","1"
"A07501","SIV2025000000015","2025-01-03","739.83","2"
"120-12-002","SIV2025000000016","2025-01-03","145.34","1"
"120-05-002","SIV2025000000017","2025-01-03","135.24","1"
"120-15-016","SIV2025000000018","2025-01-03","179.82","1"
"120-07-003","SIV2025000000019","2025-01-03","6881.04","0"
"120-12-002","SIV2025000000020","2025-01-03","118.60","2"
"120-03-003","SIV2025000000021","2025-01-03","452.75","1"
"120-01-018","SIV2025000000022","2025-01-03","372.57","1"
"120-15-014","SIV2025000000023","2025-01-03","257.13","2"
"S06202","SIV2025000000024","2025-01-03","335.51","1"
"A04111","SIV2025000000025","2025-01-06","534.70","1"
"120-05-003","SIV2025000000026","2025-01-06","7066.44","0"
"120-02-017","SIV2025000000027","2025-01-06","159.38","1"
"120-05-011","SIV2025000000028","2025-01-06","231.55","1"
"120-07-007","SIV2025000000029","2025-01-06","9514.10","0"
"120-07-007","SIV2025000000030","2025-01-06","303.60","1"
"120-05-002","SIV2025000000031","2025-01-06","450.11","1"
"120-05-015","SIV2025000000032","2025-01-06","974.82","0"
"320-02-014","SIV2025000000033","2025-01-06","956.89","1"
"S06403","SIV2025000000034","2025-01-06","36817.26","0"
"120-03-002","SIV2025000000035","2025-01-06","195.60","1"
"120-05-024","SIV2025000000036","2025-01-07","268.80","1"
"120-15-017","SIV2025000000037","2025-01-07","1252.66","1"
"A02452","SIV2025000000038","2025-01-07","75.91","2"
"120-01-024","SIV2025000000039","2025-01-07","181.16","1"
"120-07-006","SIV2025000000040","2025-01-07","121.68","2"
"120-12-001","SIV2025000000041","2025-01-07","340.25","1"
"120-20-001","SIV2025000000042","2025-01-07","121.18","1"
"120-10-008","SIV2025000000043","2025-01-07","3334.75","0"
"120-02-009","SIV2025000000044","2025-01-07","294.76","1"
"A04902","SIV2025000000045","2025-01-07","564.82","2"
"120-01-022","SIV2025000000046","2025-01-07","884.62","1"
"120-03-001","SIV2025000000047","2025-01-07","3451.32","0"
"A07501","SIV2025000000048","2025-01-07","806.77","1"
"320-02-018","SIV2025000000049","2025-01-07","861.47","1"
"320-02-018","SIV2025000000050","2025-01-07","494.35","2"
"120-12-009","SIV2025000000051","2025-01-07","136.22","1"
"120-03-002","SIV2025000000052","2025-01-07","79.18","1"
"A09133","SIV2025000000053","2025-01-07","141.95","1"
"A09133","SIV2025000000054","2025-01-07","105.72","2"
"120-03-002","SIV2025000000055","2025-01-07","75.74","1"
"120-07-001","SIV2025000000056","2025-01-08","980.12","2"
"120-03-010","SIV2025000000057","2025-01-08","13797.18","0"
"120-07-011","SIV2025000000058","2025-01-08","116.05","1"
"120-02-004","SIV2025000000059","2025-01-08","496.91","1"
"120-16-001","SIV2025000000060","2025-01-08","90.17","2"
"120-05-013","SIV2025000000061","2025-01-08","8294.78","0"
"120-07-007","SIV2025000000062","2025-01-08","281.00","2"
"A02452","SIV2025000000063","2025-01-08","586.37","1"
"120-12-009","SIV2025000000064","2025-01-08","101.65","2"
"A09133","SIV2025000000065","2025-01-08","195.08","1"
"120-15-001","SIV2025000000066","2025-01-09","473.62","1"
"120-15-017","SIV2025000000067","2025-01-09","552.96","2"
"A03229","SIV2025000000068","2025-01-09","108.54","1"
"A02452","SIV2025000000069","2025-01-09","227.58","2"
"120-20-001","SIV2025000000070","2025-01-09","155.33","1"
"A02452","SIV2025000000071","2025-01-09","146.31","2"
"120-05-011","SIV2025000000072","2025-01-09","4759.36","0"
"320-02-005","SIV2025000000073","2025-01-09","3551.84","1"
"A09133","SIV2025000000074","2025-01-09","2779.30","0"
"120-03-002","SIV2025000000075","2025-01-09","74.93","1"
"120-02-016","SIV2025000000076","2025-01-10","9578.15","0"
"A01157","SIV2025000000077","2025-01-10","16403.02","0"
"A03229","SIV2025000000078","2025-01-10","201.49","1"
"120-05-030","SIV2025000000079","2025-01-10","6444.76","0"
"A02452","SIV2025000000080","2025-01-10","149.73","1"
"120-02-001","SIV2025000000081","2025-01-10","1094.76","0"
"120-15-013","SIV2025000000082","2025-01-10","95.49","2"
"120-15-017","SIV2025000000083","2025-01-10","183.97","1"
"120-10-006","SIV2025000000084","2025-01-10","168.37","2"
"120-05-011","SIV2025000000085","2025-01-10","39.23","1"
"120-07-004","SIV2025000000086","2025-01-10","462.16","1"
"120-10-019","SIV2025000000087","2025-01-10","279.88","2"
"120-02-007","SIV2025000000088","2025-01-13","299.10","2"
"A09369","SIV2025000000089","2025-01-13","443.52","1"
"120-02-005","SIV2025000000090","2025-01-13","708.22","2"
"120-05-015","SIV2025000000091","2025-01-13","476.84","2"
"120-05-011","SIV2025000000092","2025-01-13","176.50","2"
"120-05-015","SIV2025000000093","2025-01-13","523.80","0"
"A09369","SIV2025000000094","2025-01-13","46.14","1"
"120-01-024","SIV2025000000095","2025-01-13","8260.57","0"
"120-10-016","SIV2025000000096","2025-01-13","138.29","1"
"320-02-011","SIV2025000000097","2025-01-13","22917.19","0"
"S05728","SIV2025000000098","2025-01-13","24009.96","0"
"120-03-002","SIV2025000000099","2025-01-13","2569.97","0"
"120-15-002","SIV2025000000100","2025-01-14","552.33","1"
"120-02-018","SIV2025000000101","2025-01-14","195.43","1"
"120-15-010","SIV2025000000102","2025-01-14","139.74","1"
"A02452","SIV2025000000103","2025-01-14","9180.01","0"
"120-12-002","SIV2025000000104","2025-01-14","514.47","2"
"120-02-003","SIV2025000000105","2025-01-14","225.81","2"
"120-02-018","SIV2025000000106","2025-01-14","139.27","1"
"120-01-012","SIV2025000000107","2025-01-14","592.24","2"
"120-07-013","SIV2025000000108","2025-01-14","1484.12","0"
"120-02-012","SIV2025000000109","2025-01-14","108.67","1"
"120-01-023","SIV2025000000110","2025-01-14","171.76","2"
"320-02-013","SIV2025000000111","2025-01-14","1196.31","2"
"320-02-016","SIV2025000000112","2025-01-14","835.18","1"
"A09133","SIV2025000000113","2025-01-14","74.26","2"
"120-02-007","SIV2025000000114","2025-01-15","168.24","2"
"120-05-028","SIV2025000000115","2025-01-15","100.69","2"
"120-05-002","SIV2025000000116","2025-01-15","11331.96","0"
"120-05-011","SIV2025000000117","2025-01-15","265.34","1"
"120-03-011","SIV2025000000118","2025-01-15","367.23","1"
"120-05-003","SIV2025000000119","2025-01-15","4209.61","0"
"120-20-001","SIV2025000000120","2025-01-15","7606.80","0"
"320-02-013","SIV2025000000121","2025-01-15","381.39","1"
"A09133","SIV2025000000122","2025-01-15","57.34","2"
"A09133","SIV2025000000123","2025-01-15","131.89","1"
"A09133","SIV2025000000124","2025-01-15","65.71","2"
"A09133","SIV2025000000125","2025-01-15","99.98","2"
"120-01-012","SIV2025000000126","2025-01-16","1365.27","1"
"120-05-019","SIV2025000000127","2025-01-16","16221.85","0"
"120-02-013","SIV2025000000128","2025-01-16","333.51","1"
"120-10-015","SIV2025000000129","2025-01-16","256.04","2"
"120-07-001","SIV2025000000130","2025-01-16","325.39","2"
"120-10-007","SIV2025000000131","2025-01-16","445.97","1"
"120-02-004","SIV2025000000132","2025-01-16","6864.52","0"
"A05019","SIV2025000000133","2025-01-16","18876.85","0"
"120-15-009","SIV2025000000134","2025-01-16","7394.57","0"
"120-10-008","SIV2025000000135","2025-01-16","184.39","2"
"320-02-001","SIV2025000000136","2025-01-16","8925.23","0"
"120-05-011","SIV2025000000137","2025-01-17","200.57","2"
"120-05-011","SIV2025000000138","2025-01-17","295.76","1"
"120-03-003","SIV2025000000139","2025-01-17","3074.84","0"
"A07669","SIV2025000000140","2025-01-17","177.89","2"
"320-02-001","SIV2025000000141","2025-01-17","1734.67","1"
"120-03-002","SIV2025000000142","2025-01-17","194.40","1"
"120-01-019","SIV2025000000143","2025-01-20","12760.67","0"
"120-15-014","SIV2025000000144","2025-01-20","291.22","1"
"120-10-001","SIV2025000000145","2025-01-20","2187.53","1"
"120-20-001","SIV2025000000146","2025-01-20","5733.68","0"
"120-02-003","SIV2025000000147","2025-01-20","69.10","1"
"120-05-011","SIV2025000000148","2025-01-20","74.34","1"
"120-12-001","SIV2025000000149","2025-01-20","342.72","1"
"120-03-006","SIV2025000000150","2025-01-20","26.19","1"
"120-05-002","SIV2025000000151","2025-01-20","215.19","1"
"A00779","SIV2025000000152","2025-01-20","293.74","1"
"120-02-014","SIV2025000000153","2025-01-20","3646.07","0"
"120-12-002","SIV2025000000154","2025-01-20","38.28","1"
"120-01-011","SIV2025000000155","2025-01-20","232.65","1"
"120-02-008","SIV2025000000156","2025-01-20","728.16","1"
"A09133","SIV2025000000157","2025-01-20","77.40","2"
"A01157","SIV2025000000158","2025-01-21","169.45","1"
"120-01-009","SIV2025000000159","2025-01-21","5410.93","0"
"A02452","SIV2025000000160","2025-01-21","74.32","2"
"120-01-006","SIV2025000000161","2025-01-21","6394.58","0"
"A07669","SIV2025000000162","2025-01-21","232.49","1"
"A02704","SIV2025000000163","2025-01-21","180.48","1"
"120-03-010","SIV2025000000164","2025-01-21","75.44","1"
"120-10-005","SIV2025000000165","2025-01-21","215.99","1"
"120-10-010","SIV2025000000166","2025-01-21","89.32","2"
"120-15-015","SIV2025000000167","2025-01-21","606.55","1"
"120-05-005","SIV2025000000168","2025-01-21","206.91","1"
"120-02-018","SIV2025000000169","2025-01-21","4098.38","0"
"120-02-014","SIV2025000000170","2025-01-21","8865.29","0"
"320-02-012","SIV2025000000171","2025-01-21","1542.54","1"
"120-12-001","SIV2025000000172","2025-01-22","39.55","1"
"120-02-015","SIV2025000000173","2025-01-22","212.37","1"
"120-07-003","SIV2025000000174","2025-01-22","557.73","1"
"120-15-004","SIV2025000000175","2025-01-22","509.06","1"
"A01157","SIV2025000000176","2025-01-22","423.02","1"
"120-16-001","SIV2025000000177","2025-01-22","6231.48","0"
"120-01-001","SIV2025000000178","2025-01-22","588.73","1"
"120-10-009","SIV2025000000179","2025-01-22","265.55","1"
"A09133","SIV2025000000180","2025-01-22","133.86","2"
"A08540","SIV2025000000181","2025-01-23","53.85","1"
"120-20-001","SIV2025000000182","2025-01-23","154.74","2"
"120-01-001","SIV2025000000183","2025-01-23","753.96","2"
"A00247","SIV2025000000184","2025-01-23","22131.68","0"
"120-15-014","SIV2025000000185","2025-01-23","3117.17","0"
"120-07-007","SIV2025000000186","2025-01-23","454.47","1"
"120-12-001","SIV2025000000187","2025-01-23","192.74","2"
"A07669","SIV2025000000188","2025-01-23","5373.76","0"
"120-03-006","SIV2025000000189","2025-01-23","441.29","1"
"120-07-003","SIV2025000000190","2025-01-23","99.63","1"
"320-02-012","SIV2025000000191","2025-01-23","28561.46","0"
"320-02-001","SIV2025000000192","2025-01-23","743.73","1"
"320-02-006","SIV2025000000193","2025-01-23","239.38","1"
"A09133","SIV2025000000194","2025-01-23","102.86","2"
"120-07-012","SIV2025000000195","2025-01-24","5340.68","0"
"120-05-002","SIV2025000000196","2025-01-24","142.89","1"
"120-02-006","SIV2025000000197","2025-01-24","426.42","2"
"120-03-001","SIV2025000000198","2025-01-24","7401.26","0"
"120-02-017","SIV2025000000199","2025-01-24","321.06","1"
"120-05-003","SIV2025000000200","2025-01-24","47.57","1"
"120-15-001","SIV2025000000201","2025-01-24","522.04","1"
"A03229","SIV2025000000202","2025-01-24","133.54","2"
"120-05-003","SIV2025000000203","2025-01-24","7730.47","0"
"120-12-009","SIV2025000000204","2025-01-24","734.98","0"
"120-07-003","SIV2025000000205","2025-01-27","3623.15","0"
"120-10-017","SIV2025000000206","2025-01-27","115.34","2"
"120-05-015","SIV2025000000207","2025-01-27","440.02","1"
"120-01-023","SIV2025000000208","2025-01-27","4617.34","0"
"120-15-004","SIV2025000000209","2025-01-27","193.51","1"
"120-10-021","SIV2025000000210","2025-01-27","655.61","1"
"120-15-016","SIV2025000000211","2025-01-27","139.35","1"
"120-01-006","SIV2025000000212","2025-01-27","274.30","1"
"120-03-002","SIV2025000000213","2025-01-27","4153.87","0"
"A09133","SIV2025000000214","2025-01-27","805.78","0"
"120-03-001","SIV2025000000215","2025-01-28","546.94","1"
"120-10-008","SIV2025000000216","2025-01-28","489.95","2"
"120-02-003","SIV2025000000217","2025-01-28","439.69","1"
"120-10-008","SIV2025000000218","2025-01-28","53.02","1"
"120-20-001","SIV2025000000219","2025-01-28","5265.18","0"
"120-02-014","SIV2025000000220","2025-01-28","378.57","2"
"320-02-004","SIV2025000000221","2025-01-28","4187.37","1"
"120-12-009","SIV2025000000222","2025-01-28","236.35","1"
"A09133","SIV2025000000223","2025-01-28","83.21","2"
"120-03-002","SIV2025000000224","2025-01-28","89.71","1"
"120-05-009","SIV2025000000225","2025-01-29","483.69","2"
"A05019","SIV2025000000226","2025-01-29","459.92","1"
"120-15-008","SIV2025000000227","2025-01-29","47.19","2"
"120-20-001","SIV2025000000228","2025-01-29","85.19","2"
"120-01-007","SIV2025000000229","2025-01-29","169.97","1"
"120-12-001","SIV2025000000230","2025-01-29","1308.64","0"
"120-05-013","SIV2025000000231","2025-01-29","8112.82","0"
"120-03-008","SIV2025000000232","2025-01-29","9.91","1"
"120-01-004","SIV2025000000233","2025-01-29","390.17","1"
"120-03-002","SIV2025000000234","2025-01-29","171.22","2"
"A09133","SIV2025000000235","2025-01-29","201.31","1"
"A09133","SIV2025000000236","2025-01-29","430.42","1"
"A09133","SIV2025000000237","2025-01-29","2124.86","0"
"120-03-002","SIV2025000000238","2025-01-29","75.56","1"
"A07669","SIV2025000000239","2025-01-30","231.12","2"
"120-07-006","SIV2025000000240","2025-01-30","94.57","1"
"120-05-011","SIV2025000000241","2025-01-30","255.00","1"
"120-02-015","SIV2025000000242","2025-01-30","548.26","1"
"120-15-010","SIV2025000000243","2025-01-30","621.76","1"
"120-02-003","SIV2025000000244","2025-01-30","9003.55","0"
"120-02-012","SIV2025000000245","2025-01-30","250.91","1"
"120-05-015","SIV2025000000246","2025-01-30","180.75","1"
"120-05-002","SIV2025000000247","2025-01-30","8283.42","0"
"A03229","SIV2025000000248","2025-01-30","15.76","1"
"120-12-009","SIV2025000000249","2025-01-30","54.40","1"
"120-03-002","SIV2025000000250","2025-01-30","179.71","1"
"120-15-019","SIV2025000000251","2025-01-31","473.19","1"
"120-03-001","SIV2025000000252","2025-01-31","159.69","2"
"120-03-007","SIV2025000000253","2025-01-31","212.40","1"
"120-07-007","SIV2025000000254","2025-01-31","232.42","1"
"A04929","SIV2025000000255","2025-01-31","58.46","1"
"120-03-001","SIV2025000000256","2025-01-31","307.91","1"
"120-02-015","SIV2025000000257","2025-01-31","4343.90","0"
"120-15-014","SIV2025000000258","2025-01-31","376.49","1"
"320-02-001","SIV2025000000259","2025-01-31","988.38","2"
"A09133","SIV2025000000260","2025-01-31","1086.48","0"
"A09133","SIV2025000000261","2025-01-31","124.79","1"
"A00247","SIV2025000000262","2025-02-03","730.59","1"
"120-20-001","SIV2025000000263","2025-02-03","487.71","2"
"120-01-001","SIV2025000000264","2025-02-03","83.63","1"
"120-05-002","SIV2025000000265","2025-02-03","62.28","2"
"120-02-008","SIV2025000000266","2025-02-03","26580.73","0"
"120-03-002","SIV2025000000267","2025-02-03","76.61","1"
"120-12-009","SIV2025000000268","2025-02-03","145.66","1"
"A09133","SIV2025000000269","2025-02-03","4678.92","0"
"120-02-003","SIV2025000000270","2025-02-04","6910.03","0"
"120-05-028","SIV2025000000271","2025-02-04","773.98","0"
"120-07-007","SIV2025000000272","2025-02-04","219.65","1"
"120-01-018","SIV2025000000273","2025-02-04","2997.24","0"
"120-02-014","SIV2025000000274","2025-02-04","5006.88","0"
"A07669","SIV2025000000275","2025-02-04","4992.30","0"
"A09133","SIV2025000000276","2025-02-04","3170.94","0"
"120-03-002","SIV2025000000277","2025-02-04","105.89","1"
"A02452","SIV2025000000278","2025-02-05","548.56","1"
"A00247","SIV2025000000279","2025-02-05","6747.08","0"
"120-10-005","SIV2025000000280","2025-02-05","128.46","1"
"120-02-014","SIV2025000000281","2025-02-05","555.92","1"
"A06188","SIV2025000000282","2025-02-05","1448.20","1"
"120-12-006","SIV2025000000283","2025-02-05","2209.68","0"
"A01157","SIV2025000000284","2025-02-05","16210.13","0"
"120-12-001","SIV2025000000285","2025-02-05","9027.78","0"
"120-05-019","SIV2025000000286","2025-02-05","899.27","1"
"120-15-001","SIV2025000000287","2025-02-05","120.88","2"
"A09133","SIV2025000000288","2025-02-05","60.44","2"
"120-15-006","SIV2025000000289","2025-02-06","221.64","1"
"A01157","SIV2025000000290","2025-02-06","168.27","2"
"120-03-001","SIV2025000000291","2025-02-06","453.70","1"
"120-05-019","SIV2025000000292","2025-02-06","818.18","1"
"120-07-006","SIV2025000000293","2025-02-06","41.48","2"
"120-07-003","SIV2025000000294","2025-02-06","155.93","2"
"120-02-014","SIV2025000000295","2025-02-06","5194.45","0"
"120-05-003","SIV2025000000296","2025-02-06","359.41","1"
"120-02-010","SIV2025000000297","2025-02-06","273.05","2"
"320-02-012","SIV2025000000298","2025-02-06","855.33","1"
"320-02-001","SIV2025000000299","2025-02-06","1322.85","2"
"120-03-002","SIV2025000000300","2025-02-06","128.16","1"
"A09133","SIV2025000000301","2025-02-06","330.89","1"
"A09133","SIV2025000000302","2025-02-06","177.70","1"
"A09133","SIV2025000000303","2025-02-06","86.22","1"
"120-15-014","SIV2025000000304","2025-02-07","335.59","1"
"120-15-018","SIV2025000000305","2025-02-07","252.17","2"
"120-15-001","SIV2025000000306","2025-02-07","2769.23","0"
"A07163","SIV2025000000307","2025-02-07","284.19","1"
"120-07-009","SIV2025000000308","2025-02-07","660.82","1"
"120-15-016","SIV2025000000309","2025-02-07","6431.88","0"
"120-05-010","SIV2025000000310","2025-02-07","116.30","1"
"120-05-006","SIV2025000000311","2025-02-07","213.87","1"
"120-03-001","SIV2025000000312","2025-02-07","365.06","1"
"120-01-024","SIV2025000000313","2025-02-07","348.06","2"
"120-20-001","SIV2025000000314","2025-02-07","193.57","1"
"120-07-011","SIV2025000000315","2025-02-07","52.80","1"
"120-05-030","SIV2025000000316","2025-02-07","412.61","1"
"120-05-015","SIV2025000000317","2025-02-07","142.10","1"
"120-12-006","SIV2025000000318","2025-02-07","416.75","1"
"A03229","SIV2025000000319","2025-02-07","780.93","1"
"120-12-002","SIV2025000000320","2025-02-07","93.37","2"
"A04902","SIV2025000000321","2025-02-07","15268.51","0"
"320-02-007","SIV2025000000322","2025-02-07","1749.77","1"
"320-02-004","SIV2025000000323","2025-02-07","19157.90","0"
"A09133","SIV2025000000324","2025-02-07","32.02","2"
"120-03-002","SIV2025000000325","2025-02-07","104.26","2"
"120-03-012","SIV2025000000326","2025-02-10","5993.64","0"
"120-05-005","SIV2025000000327","2025-02-10","6815.92","0"
"120-05-002","SIV2025000000328","2025-02-10","119.97","2"
"120-10-006","SIV2025000000329","2025-02-10","256.26","1"
"120-03-005","SIV2025000000330","2025-02-10","11840.30","0"
"120-10-018","SIV2025000000331","2025-02-10","402.14","2"
"120-05-012","SIV2025000000332","2025-02-10","692.77","1"
"120-15-004","SIV2025000000333","2025-02-10","182.97","2"
"120-15-004","SIV2025000000334","2025-02-10","202.05","1"
"120-20-001","SIV2025000000335","2025-02-10","2313.86","0"
"A02452","SIV2025000000336","2025-02-10","257.53","2"
"A00247","SIV2025000000337","2025-02-10","212.00","1"
"320-02-006","SIV2025000000338","2025-02-10","4798.60","0"
"S06403","SIV2025000000339","2025-02-10","8257.22","0"
"120-05-020","SIV2025000000340","2025-02-11","127.11","1"
"120-02-011","SIV2025000000341","2025-02-11","109.25","1"
"120-02-011","SIV2025000000342","2025-02-11","226.61","1"
"120-05-029","SIV2025000000343","2025-02-11","4962.43","0"
"120-05-015","SIV2025000000344","2025-02-11","510.85","2"
"120-02-018","SIV2025000000345","2025-02-11","135.45","1"
"120-15-004","SIV2025000000346","2025-02-11","1232.81","0"
"120-03-008","SIV2025000000347","2025-02-11","11.97","2"
"120-05-008","SIV2025000000348","2025-02-11","61.43","2"
"120-02-010","SIV2025000000349","2025-02-11","102.43","1"
"120-12-009","SIV2025000000350","2025-02-11","2901.12","0"
"120-05-030","SIV2025000000351","2025-02-12","144.55","2"
"120-15-008","SIV2025000000352","2025-02-12","593.10","1"
"A05497","SIV2025000000353","2025-02-12","11754.13","0"
"120-15-004","SIV2025000000354","2025-02-12","10429.45","0"
"120-05-002","SIV2025000000355","2025-02-12","444.94","2"
"120-02-014","SIV2025000000356","2025-02-12","170.93","2"
"120-16-001","SIV2025000000357","2025-02-12","195.44","1"
"120-05-003","SIV2025000000358","2025-02-12","3421.33","0"
"120-07-007","SIV2025000000359","2025-02-12","453.43","1"
"S06202","SIV2025000000360","2025-02-12","16073.65","0"
"120-05-018","SIV2025000000361","2025-02-13","49.19","1"
"120-15-017","SIV2025000000362","2025-02-13","542.93","2"
"120-07-003","SIV2025000000363","2025-02-13","112.56","1"
"120-05-027","SIV2025000000364","2025-02-13","537.32","1"
"120-03-008","SIV2025000000365","2025-02-13","69.24","1"
"A05497","SIV2025000000366","2025-02-13","11839.97","0"
"120-05-002","SIV2025000000367","2025-02-13","369.39","2"
"120-15-001","SIV2025000000368","2025-02-13","681.65","1"
"120-01-015","SIV2025000000369","2025-02-13","5933.66","0"
"120-03-001","SIV2025000000370","2025-02-13","4689.30","0"
"S05728","SIV2025000000371","2025-02-13","426.27","1"
"A09133","SIV2025000000372","2025-02-13","21.00","1"
"120-03-002","SIV2025000000373","2025-02-13","1422.96","0"
"120-01-004","SIV2025000000374","2025-02-14","57.14","1"
"A03229","SIV2025000000375","2025-02-14","96.20","1"
"120-03-001","SIV2025000000376","2025-02-14","210.18","1"
"120-02-003","SIV2025000000377","2025-02-14","4589.71","0"
"A03229","SIV2025000000378","2025-02-14","5040.19","0"
"120-01-004","SIV2025000000379","2025-02-14","234.57","2"
"S06403","SIV2025000000380","2025-02-14","1388.43","1"
"S05728","SIV2025000000381","2025-02-14","430.16","1"
"120-02-004","SIV2025000000382","2025-02-17","4033.78","0"
"120-07-011","SIV2025000000383","2025-02-17","157.91","2"
"120-15-014","SIV2025000000384","2025-02-17","268.52","1"
"120-05-002","SIV2025000000385","2025-02-17","6142.94","0"
"A07163","SIV2025000000386","2025-02-17","327.62","2"
"120-05-017","SIV2025000000387","2025-02-17","271.19","1"
"A02452","SIV2025000000388","2025-02-17","256.90","1"
"A02452","SIV2025000000389","2025-02-17","330.81","1"
"120-15-015","SIV2025000000390","2025-02-17","4894.27","0"
"120-12-006","SIV2025000000391","2025-02-17","273.64","1"
"120-07-005","SIV2025000000392","2025-02-17","2263.42","0"
"120-05-011","SIV2025000000393","2025-02-17","21330.40","0"
"120-07-012","SIV2025000000394","2025-02-17","5.94","1"
"A07669","SIV2025000000395","2025-02-17","4724.03","0"
"A09133","SIV2025000000396","2025-02-17","118.34","1"
"A09133","SIV2025000000397","2025-02-17","34.51","2"
"120-03-002","SIV2025000000398","2025-02-17","334.56","1"
"120-03-002","SIV2025000000399","2025-02-17","189.76","1"
"120-05-011","SIV2025000000400","2025-02-18","270.85","2"
"120-02-003","SIV2025000000401","2025-02-18","14.46","2"
"120-12-001","SIV2025000000402","2025-02-18","4472.50","0"
"120-05-022","SIV2025000000403","2025-02-18","14363.78","0"
"120-15-001","SIV2025000000404","2025-02-18","687.86","1"
"120-02-011","SIV2025000000405","2025-02-18","75.17","1"
"120-05-009","SIV2025000000406","2025-02-18","218.36","1"
"A03229","SIV2025000000407","2025-02-18","447.59","1"
"120-07-013","SIV2025000000408","2025-02-18","226.16","2"
"120-01-003","SIV2025000000409","2025-02-18","142.15","1"
"120-05-011","SIV2025000000410","2025-02-18","153.26","1"
"120-05-002","SIV2025000000411","2025-02-18","337.11","2"
"120-10-001","SIV2025000000412","2025-02-18","23145.70","0"
"S05728","SIV2025000000413","2025-02-18","52896.92","0"
"320-02-012","SIV2025000000414","2025-02-18","11104.60","0"
"A09133","SIV2025000000415","2025-02-18","203.21","1"
"120-03-002","SIV2025000000416","2025-02-18","2559.19","0"
"120-02-007","SIV2025000000417","2025-02-19","178.94","1"
"120-15-013","SIV2025000000418","2025-02-19","179.76","1"
"120-03-001","SIV2025000000419","2025-02-19","11891.77","0"
"120-01-008","SIV2025000000420","2025-02-19","792.41","2"
"120-05-026","SIV2025000000421","2025-02-19","151.56","2"
"120-10-020","SIV2025000000422","2025-02-19","583.05","1"
"120-02-003","SIV2025000000423","2025-02-19","429.35","1"
"120-05-002","SIV2025000000424","2025-02-19","150.95","1"
"120-07-001","SIV2025000000425","2025-02-19","2243.54","0"
"120-02-013","SIV2025000000426","2025-02-19","4504.60","0"
"120-01-023","SIV2025000000427","2025-02-19","10648.92","0"
"120-15-003","SIV2025000000428","2025-02-19","338.57","1"
"120-02-018","SIV2025000000429","2025-02-19","226.55","1"
"120-01-011","SIV2025000000430","2025-02-19","353.91","1"
"320-02-001","SIV2025000000431","2025-02-19","1769.01","1"
"S06403","SIV2025000000432","2025-02-19","13452.00","0"
"120-03-002","SIV2025000000433","2025-02-19","1910.44","0"
"A09133","SIV2025000000434","2025-02-19","34.80","2"
"A02452","SIV2025000000435","2025-02-20","299.38","1"
"120-15-001","SIV2025000000436","2025-02-20","464.46","2"
"120-02-003","SIV2025000000437","2025-02-20","306.02","1"
"A06188","SIV2025000000438","2025-02-20","10019.75","0"
"120-05-029","SIV2025000000439","2025-02-20","8093.15","0"
"120-07-003","SIV2025000000440","2025-02-20","39.26","1"
"120-02-003","SIV2025000000441","2025-02-20","423.23","2"
"A03229","SIV2025000000442","2025-02-20","4337.65","0"
"S05728","SIV2025000000443","2025-02-20","318.19","1"
"120-03-002","SIV2025000000444","2025-02-20","6891.12","0"
"A09133","SIV2025000000445","2025-02-20","409.01","1"
"120-12-009","SIV2025000000446","2025-02-20","150.34","1"
"120-12-009","SIV2025000000447","2025-02-20","724.94","0"
"120-03-002","SIV2025000000448","2025-02-20","205.01","1"
"120-12-001","SIV2025000000449","2025-02-21","54.81","1"
"120-02-014","SIV2025000000450","2025-02-21","1267.58","0"
"120-07-012","SIV2025000000451","2025-02-21","707.50","1"
"120-02-014","SIV2025000000452","2025-02-21","4845.34","0"
"120-12-001","SIV2025000000453","2025-02-21","11002.57","0"
"A03229","SIV2025000000454","2025-02-21","383.79","1"
"120-10-007","SIV2025000000455","2025-02-21","11531.17","0"
"120-01-011","SIV2025000000456","2025-02-21","257.72","2"
"120-07-008","SIV2025000000457","2025-02-21","407.55","2"
"120-20-001","SIV2025000000458","2025-02-21","147.88","2"
"120-10-010","SIV2025000000459","2025-02-21","7779.60","0"
"120-07-003","SIV2025000000460","2025-02-21","134.78","0"
"120-03-002","SIV2025000000461","2025-02-21","39.82","1"
"120-02-004","SIV2025000000462","2025-02-24","5025.77","0"
"120-05-003","SIV2025000000463","2025-02-24","258.85","1"
"A01157","SIV2025000000464","2025-02-24","812.35","1"
"120-15-001","SIV2025000000465","2025-02-24","137.20","2"
"120-12-002","SIV2025000000466","2025-02-24","86.67","1"
"120-20-001","SIV2025000000467","2025-02-24","419.54","1"
"120-05-002","SIV2025000000468","2025-02-24","541.03","0"
"120-05-002","SIV2025000000469","2025-02-24","171.02","1"
"S06403","SIV2025000000470","2025-02-24","22639.12","0"
"320-02-001","SIV2025000000471","2025-02-24","535.00","1"
"320-02-001","SIV2025000000472","2025-02-24","836.40","1"
"120-12-009","SIV2025000000473","2025-02-24","292.60","1"
"120-03-001","SIV2025000000474","2025-02-25","178.37","1"
"120-10-008","SIV2025000000475","2025-02-25","209.36","1"
"120-12-001","SIV2025000000476","2025-02-25","2485.47","0"
"120-02-007","SIV2025000000477","2025-02-25","136.97","1"
"120-15-004","SIV2025000000478","2025-02-25","260.89","2"
"120-03-005","SIV2025000000479","2025-02-25","619.94","1"
"120-05-030","SIV2025000000480","2025-02-25","125.84","2"
"S05728","SIV2025000000481","2025-02-25","540.28","1"
"120-02-013","SIV2025000000482","2025-02-26","60.46","1"
"120-03-001","SIV2025000000483","2025-02-26","7847.10","0"
"120-05-002","SIV2025000000484","2025-02-26","274.95","1"
"120-05-005","SIV2025000000485","2025-02-26","230.72","2"
"320-02-003","SIV2025000000486","2025-02-26","1264.71","1"
"A09133","SIV2025000000487","2025-02-26","287.62","2"
"120-03-002","SIV2025000000488","2025-02-26","1570.56","0"
"120-12-002","SIV2025000000489","2025-02-27","378.93","1"
"120-05-005","SIV2025000000490","2025-02-27","342.31","1"
"120-10-001","SIV2025000000491","2025-02-27","6612.48","0"
"120-03-010","SIV2025000000492","2025-02-27","84.73","1"
"A03229","SIV2025000000493","2025-02-27","188.19","2"
"120-10-018","SIV2025000000494","2025-02-27","221.63","1"
"120-05-009","SIV2025000000495","2025-02-27","277.30","2"
"120-10-016","SIV2025000000496","2025-02-27","9970.36","0"
"120-01-009","SIV2025000000497","2025-02-27","173.67","1"
"120-07-013","SIV2025000000498","2025-02-27","480.99","2"
"120-02-018","SIV2025000000499","2025-02-27","11069.40","0"
"120-02-003","SIV2025000000500","2025-02-27","239.45","1"
"120-05-001","SIV2025000000501","2025-02-27","202.32","2"
"320-02-003","SIV2025000000502","2025-02-27","643.29","1"
"120-03-002","SIV2025000000503","2025-02-27","2266.75","0"
"A09133","SIV2025000000504","2025-02-27","98.40","2"
"120-20-001","SIV2025000000505","2025-02-28","390.19","2"
"120-07-001","SIV2025000000506","2025-02-28","328.73","1"
"A02452","SIV2025000000507","2025-02-28","648.13","1"
"120-01-018","SIV2025000000508","2025-02-28","12889.33","0"
"120-10-009","SIV2025000000509","2025-02-28","8413.93","0"
"120-10-016","SIV2025000000510","2025-02-28","218.04","1"
"120-02-003","SIV2025000000511","2025-02-28","138.61","1"
"120-07-001","SIV2025000000512","2025-02-28","251.81","1"
"120-07-007","SIV2025000000513","2025-02-28","556.49","1"
"120-02-018","SIV2025000000514","2025-02-28","72.55","1"
"A06429","SIV2025000000515","2025-02-28","126.24","1"
"120-01-011","SIV2025000000516","2025-02-28","496.34","1"
"A04929","SIV2025000000517","2025-02-28","17929.26","0"
"120-05-030","SIV2025000000518","2025-02-28","403.39","1"
"120-15-014","SIV2025000000519","2025-02-28","6544.42","0"
"120-03-001","SIV2025000000520","2025-02-28","10548.38","0"
"320-02-011","SIV2025000000521","2025-02-28","1654.35","1"
"120-03-002","SIV2025000000522","2025-02-28","2605.73","0"
"120-07-001","SIV2025000000523","2025-03-03","438.74","2"
"A00779","SIV2025000000524","2025-03-03","6402.26","0"
"120-05-002","SIV2025000000525","2025-03-03","719.60","1"
"120-05-015","SIV2025000000526","2025-03-03","171.79","1"
"120-15-002","SIV2025000000527","2025-03-03","346.04","1"
"120-01-015","SIV2025000000528","2025-03-03","30.06","2"
"120-05-019","SIV2025000000529","2025-03-03","194.59","1"
"120-05-017","SIV2025000000530","2025-03-03","18821.21","0"
"120-07-012","SIV2025000000531","2025-03-03","1626.06","0"
"320-02-012","SIV2025000000532","2025-03-03","2004.30","2"
"320-02-014","SIV2025000000533","2025-03-03","1005.45","2"
"120-12-009","SIV2025000000534","2025-03-03","6387.74","0"
"120-05-030","SIV2025000000535","2025-03-04","733.90","1"
"A03229","SIV2025000000536","2025-03-04","357.30","1"
"120-02-011","SIV2025000000537","2025-03-04","201.12","1"
"120-01-003","SIV2025000000538","2025-03-04","7595.33","0"
"A01157","SIV2025000000539","2025-03-04","5522.94","0"
"120-01-011","SIV2025000000540","2025-03-04","351.88","1"
"120-10-001","SIV2025000000541","2025-03-04","280.02","1"
"120-03-006","SIV2025000000542","2025-03-04","17264.53","0"
"A03429","SIV2025000000543","2025-03-04","52.75","2"
"120-02-015","SIV2025000000544","2025-03-04","67.85","2"
"120-05-019","SIV2025000000545","2025-03-04","7186.55","0"
"120-01-017","SIV2025000000546","2025-03-04","393.62","1"
"120-05-025","SIV2025000000547","2025-03-04","5652.82","0"
"120-07-003","SIV2025000000548","2025-03-04","435.53","2"
"120-03-002","SIV2025000000549","2025-03-04","1680.77","0"
"120-03-002","SIV2025000000550","2025-03-04","79.25","1"
"120-02-005","SIV2025000000551","2025-03-05","207.44","1"
"120-02-008","SIV2025000000552","2025-03-05","16046.98","0"
"120-05-002","SIV2025000000553","2025-03-05","320.10","1"
"120-20-001","SIV2025000000554","2025-03-05","261.52","1"
"120-10-005","SIV2025000000555","2025-03-05","3828.25","0"
"120-01-001","SIV2025000000556","2025-03-05","13.42","1"
"120-02-018","SIV2025000000557","2025-03-05","10093.94","0"
"120-01-002","SIV2025000000558","2025-03-05","300.06","1"
"A09133","SIV2025000000559","2025-03-05","14.66","1"
"120-05-019","SIV2025000000560","2025-03-06","169.40","2"
"120-10-001","SIV2025000000561","2025-03-06","20222.41","0"
"120-05-002","SIV2025000000562","2025-03-06","28.81","1"
"120-10-018","SIV2025000000563","2025-03-06","115.90","2"
"120-05-005","SIV2025000000564","2025-03-06","3854.14","0"
"120-03-001","SIV2025000000565","2025-03-06","282.93","1"
"120-02-008","SIV2025000000566","2025-03-06","4807.93","0"
"A09133","SIV2025000000567","2025-03-06","281.95","1"
"120-03-002","SIV2025000000568","2025-03-06","208.37","2"
"120-05-030","SIV2025000000569","2025-03-07","314.84","1"
"120-05-013","SIV2025000000570","2025-03-07","540.35","1"
"120-05-002","SIV2025000000571","2025-03-07","299.53","1"
"120-15-002","SIV2025000000572","2025-03-07","355.94","1"
"A07669","SIV2025000000573","2025-03-07","635.48","2"
"120-05-030","SIV2025000000574","2025-03-07","52.49","2"
"120-02-001","SIV2025000000575","2025-03-07","637.04","1"
"320-02-012","SIV2025000000576","2025-03-07","251.03","1"
"A03229","SIV2025000000577","2025-03-10","96.70","1"
"120-15-005","SIV2025000000578","2025-03-10","76.76","2"
"120-03-001","SIV2025000000579","2025-03-10","99.65","2"
"A04921","SIV2025000000580","2025-03-10","233.96","1"
"A03784","SIV2025000000581","2025-03-10","67.23","1"
"A02452","SIV2025000000582","2025-03-10","856.08","0"
"120-02-014","SIV2025000000583","2025-03-10","143.12","2"
"320-02-012","SIV2025000000584","2025-03-10","799.12","1"
"S05728","SIV2025000000585","2025-03-10","988.57","1"
"320-02-012","SIV2025000000586","2025-03-10","1503.56","1"
"120-01-019","SIV2025000000587","2025-03-11","227.02","1"
"120-12-001","SIV2025000000588","2025-03-11","137.13","1"
"120-02-007","SIV2025000000589","2025-03-11","2728.79","0"
"A01157","SIV2025000000590","2025-03-11","175.96","2"
"120-15-016","SIV2025000000591","2025-03-11","172.80","2"
"120-10-012","SIV2025000000592","2025-03-11","334.59","1"
"A07501","SIV2025000000593","2025-03-11","40.99","2"
"120-01-023","SIV2025000000594","2025-03-11","129.45","1"
"120-03-011","SIV2025000000595","2025-03-11","532.25","2"
"A06429","SIV2025000000596","2025-03-11","468.22","2"
"120-01-009","SIV2025000000597","2025-03-11","455.12","2"
"120-12-004","SIV2025000000598","2025-03-11","404.05","2"
"120-05-011","SIV2025000000599","2025-03-11","460.28","2"
"320-02-001","SIV2025000000600","2025-03-11","909.55","2"
"320-02-012","SIV2025000000601","2025-03-11","861.54","1"
"A09133","SIV2025000000602","2025-03-11","218.20","2"
"120-03-002","SIV2025000000603","2025-03-11","5688.44","0"
"A02452","SIV2025000000604","2025-03-12","254.78","2"
"120-01-024","SIV2025000000605","2025-03-12","441.61","1"
"120-10-001","SIV2025000000606","2025-03-12","147.24","1"
"120-15-011","SIV2025000000607","2025-03-12","201.48","2"
"120-16-001","SIV2025000000608","2025-03-12","516.60","1"
"120-07-011","SIV2025000000609","2025-03-12","289.55","1"
"120-05-018","SIV2025000000610","2025-03-12","75.99","1"
"A02452","SIV2025000000611","2025-03-12","212.22","1"
"120-05-011","SIV2025000000612","2025-03-12","121.52","1"
"120-10-022","SIV2025000000613","2025-03-12","5097.27","0"
"320-02-006","SIV2025000000614","2025-03-12","686.32","2"
"120-03-002","SIV2025000000615","2025-03-12","59.23","2"
"120-03-002","SIV2025000000616","2025-03-12","88.90","2"
"120-05-011","SIV2025000000617","2025-03-13","256.64","1"
"120-12-007","SIV2025000000618","2025-03-13","9527.40","0"
"120-02-003","SIV2025000000619","2025-03-13","201.06","2"
"120-20-001","SIV2025000000620","2025-03-13","78.97","1"
"120-05-002","SIV2025000000621","2025-03-13","477.58","1"
"120-02-003","SIV2025000000622","2025-03-13","9124.44","0"
"120-03-001","SIV2025000000623","2025-03-13","129.19","1"
"120-01-001","SIV2025000000624","2025-03-13","3936.17","0"
"120-12-002","SIV2025000000625","2025-03-13","150.74","1"
"S06403","SIV2025000000626","2025-03-13","3235.18","1"
"S06202","SIV2025000000627","2025-03-13","821.43","1"
"A09133","SIV2025000000628","2025-03-13","134.09","2"
"A09133","SIV2025000000629","2025-03-13","12.05","1"
"120-03-001","SIV2025000000630","2025-03-14","9797.09","0"
"120-02-003","SIV2025000000631","2025-03-14","552.44","2"
"120-02-007","SIV2025000000632","2025-03-14","268.65","1"
"120-02-004","SIV2025000000633","2025-03-14","149.78","1"
"A03229","SIV2025000000634","2025-03-14","5038.73","0"
"120-15-019","SIV2025000000635","2025-03-14","81.05","2"
"A00247","SIV2025000000636","2025-03-14","87.92","2"
"120-10-010","SIV2025000000637","2025-03-14","4664.56","0"
"A07501","SIV2025000000638","2025-03-14","419.89","2"
"A05497","SIV2025000000639","2025-03-14","327.47","1"
"120-02-009","SIV2025000000640","2025-03-14","144.46","1"
"120-02-014","SIV2025000000641","2025-03-14","175.71","1"
"120-07-013","SIV2025000000642","2025-03-17","4673.06","0"
"120-15-017","SIV2025000000643","2025-03-17","397.25","1"
"A07669","SIV2025000000644","2025-03-17","349.95","1"
"120-07-003","SIV2025000000645","2025-03-17","254.92","1"
"A04929","SIV2025000000646","2025-03-17","465.74","1"
"120-02-015","SIV2025000000647","2025-03-17","433.31","1"
"120-10-006","SIV2025000000648","2025-03-17","417.98","2"
"120-15-015","SIV2025000000649","2025-03-17","9955.08","0"
"A05210","SIV2025000000650","2025-03-17","329.11","1"
"120-02-003","SIV2025000000651","2025-03-17","9440.90","0"
"S05728","SIV2025000000652","2025-03-17","946.75","1"
"320-02-013","SIV2025000000653","2025-03-17","1015.25","1"
"320-02-003","SIV2025000000654","2025-03-17","1643.41","2"
"120-12-009","SIV2025000000655","2025-03-17","42.60","1"
"120-05-005","SIV2025000000656","2025-03-18","424.92","1"
"A04902","SIV2025000000657","2025-03-18","173.50","2"
"120-05-001","SIV2025000000658","2025-03-18","281.10","2"
"A00911","SIV2025000000659","2025-03-18","522.74","1"
"120-01-011","SIV2025000000660","2025-03-18","905.93","1"
"120-12-002","SIV2025000000661","2025-03-18","320.31","2"
"120-15-004","SIV2025000000662","2025-03-18","248.64","1"
"120-07-003","SIV2025000000663","2025-03-18","12.11","1"
"120-07-013","SIV2025000000664","2025-03-18","17996.04","0"
"120-02-003","SIV2025000000665","2025-03-18","213.76","1"
"120-15-014","SIV2025000000666","2025-03-18","12478.88","0"
"120-10-018","SIV2025000000667","2025-03-18","319.42","1"
"120-01-024","SIV2025000000668","2025-03-18","210.77","2"
"A00911","SIV2025000000669","2025-03-18","898.10","0"
"320-02-011","SIV2025000000670","2025-03-18","1142.68","1"
"320-02-001","SIV2025000000671","2025-03-18","17086.57","0"
"320-02-012","SIV2025000000672","2025-03-18","13495.36","0"
"A09133","SIV2025000000673","2025-03-18","39.53","2"
"120-03-002","SIV2025000000674","2025-03-18","99.67","2"
"120-10-019","SIV2025000000675","2025-03-19","172.80","2"
"120-05-013","SIV2025000000676","2025-03-19","11509.28","0"
"A07501","SIV2025000000677","2025-03-19","2456.47","0"
"120-02-008","SIV2025000000678","2025-03-19","209.88","1"
"120-05-005","SIV2025000000679","2025-03-19","6202.73","0"
"120-02-015","SIV2025000000680","2025-03-19","118.58","2"
"120-15-001","SIV2025000000681","2025-03-19","557.77","1"
"120-02-007","SIV2025000000682","2025-03-19","5261.78","0"
"120-01-023","SIV2025000000683","2025-03-19","6510.71","0"
"120-10-018","SIV2025000000684","2025-03-19","48.68","2"
"A00247","SIV2025000000685","2025-03-19","49.81","1"
"120-01-018","SIV2025000000686","2025-03-19","4009.98","0"
"A02452","SIV2025000000687","2025-03-19","2913.80","0"
"120-12-001","SIV2025000000688","2025-03-19","8307.80","0"
"A03229","SIV2025000000689","2025-03-19","381.79","1"
"120-03-001","SIV2025000000690","2025-03-19","157.75","2"
"120-02-013","SIV2025000000691","2025-03-19","185.46","2"
"A09133","SIV2025000000692","2025-03-19","188.04","1"
"120-02-014","SIV2025000000693","2025-03-20","189.74","1"
"120-03-012","SIV2025000000694","2025-03-20","162.72","2"
"120-01-011","SIV2025000000695","2025-03-20","195.11","2"
"120-01-022","SIV2025000000696","2025-03-20","547.92","1"
"120-05-020","SIV2025000000697","2025-03-20","179.19","1"
"120-07-007","SIV2025000000698","2025-03-20","211.44","2"
"120-07-001","SIV2025000000699","2025-03-20","71.78","1"
"A02452","SIV2025000000700","2025-03-20","710.04","1"
"S06403","SIV2025000000701","2025-03-20","25944.89","0"
"120-10-012","SIV2025000000702","2025-03-21","3864.14","0"
"120-12-001","SIV2025000000703","2025-03-21","707.94","2"
"120-20-001","SIV2025000000704","2025-03-21","639.99","1"
"120-10-005","SIV2025000000705","2025-03-21","457.55","1"
"120-01-019","SIV2025000000706","2025-03-21","75.34","2"
"120-15-003","SIV2025000000707","2025-03-21","136.13","1"
"320-02-014","SIV2025000000708","2025-03-21","878.32","1"
"A09133","SIV2025000000709","2025-03-21","1520.81","0"
"120-01-001","SIV2025000000710","2025-03-24","3014.47","0"
"120-15-001","SIV2025000000711","2025-03-24","254.80","2"
"A01157","SIV2025000000712","2025-03-24","80.50","1"
"120-05-014","SIV2025000000713","2025-03-24","221.16","1"
"120-05-017","SIV2025000000714","2025-03-24","5816.00","0"
"120-02-006","SIV2025000000715","2025-03-24","2711.76","0"
"120-07-011","SIV2025000000716","2025-03-24","130.80","1"
"120-02-015","SIV2025000000717","2025-03-24","220.27","1"
"120-02-018","SIV2025000000718","2025-03-24","232.87","1"
"120-02-018","SIV2025000000719","2025-03-24","361.77","1"
"120-05-011","SIV2025000000720","2025-03-24","229.04","1"
"120-05-002","SIV2025000000721","2025-03-24","4999.50","0"
"120-10-010","SIV2025000000722","2025-03-24","111.59","1"
"120-03-002","SIV2025000000723","2025-03-24","1767.12","0"
"A02452","SIV2025000000724","2025-03-25","469.44","1"
"120-05-030","SIV2025000000725","2025-03-25","169.38","1"
"120-15-012","SIV2025000000726","2025-03-25","213.72","1"
"120-01-022","SIV2025000000727","2025-03-25","146.48","2"
"120-05-011","SIV2025000000728","2025-03-25","209.97","2"
"120-10-013","SIV2025000000729","2025-03-25","466.78","1"
"120-15-008","SIV2025000000730","2025-03-25","424.95","1"
"120-02-018","SIV2025000000731","2025-03-25","170.21","1"
"120-10-012","SIV2025000000732","2025-03-25","430.59","1"
"120-05-011","SIV2025000000733","2025-03-25","375.44","1"
"120-01-015","SIV2025000000734","2025-03-25","409.59","1"
"A02704","SIV2025000000735","2025-03-25","18655.30","0"
"120-05-003","SIV2025000000736","2025-03-25","100.80","2"
"120-10-005","SIV2025000000737","2025-03-25","146.73","1"
"120-03-002","SIV2025000000738","2025-03-25","123.30","2"
"A09133","SIV2025000000739","2025-03-25","133.68","1"
"120-05-015","SIV2025000000740","2025-03-26","55.54","1"
"120-02-009","SIV2025000000741","2025-03-26","332.42","1"
"120-07-004","SIV2025000000742","2025-03-26","345.17","1"
"120-02-010","SIV2025000000743","2025-03-26","218.71","2"
"120-01-006","SIV2025000000744","2025-03-26","450.10","1"
"120-01-006","SIV2025000000745","2025-03-26","6846.12","0"
"120-03-006","SIV2025000000746","2025-03-26","117.20","1"
"120-10-006","SIV2025000000747","2025-03-26","577.35","2"
"120-03-012","SIV2025000000748","2025-03-26","9019.37","0"
"120-03-001","SIV2025000000749","2025-03-26","6321.49","0"
"A02452","SIV2025000000750","2025-03-26","87.69","1"
"320-02-013","SIV2025000000751","2025-03-26","338.68","1"
"320-02-012","SIV2025000000752","2025-03-26","1693.72","2"
"120-12-009","SIV2025000000753","2025-03-26","19.87","1"
"120-02-008","SIV2025000000754","2025-03-27","302.02","1"
"120-07-011","SIV2025000000755","2025-03-27","7751.93","0"
"120-07-003","SIV2025000000756","2025-03-27","662.39","1"
"120-05-015","SIV2025000000757","2025-03-27","656.27","1"
"120-03-001","SIV2025000000758","2025-03-27","258.85","1"
"120-07-012","SIV2025000000759","2025-03-27","4385.11","0"
"120-15-016","SIV2025000000760","2025-03-27","275.08","2"
"120-05-011","SIV2025000000761","2025-03-27","10885.67","0"
"120-01-015","SIV2025000000762","2025-03-27","4327.15","0"
"120-15-004","SIV2025000000763","2025-03-27","2889.36","0"
"120-02-007","SIV2025000000764","2025-03-27","5045.50","0"
"120-02-015","SIV2025000000765","2025-03-27","179.17","1"
"120-01-018","SIV2025000000766","2025-03-27","392.90","1"
"120-01-006","SIV2025000000767","2025-03-27","683.03","1"
"S05728","SIV2025000000768","2025-03-27","483.91","1"
"120-15-006","SIV2025000000769","2025-03-28","400.79","2"
"120-20-001","SIV2025000000770","2025-03-28","926.49","2"
"120-01-008","SIV2025000000771","2025-03-28","567.65","1"
"120-10-006","SIV2025000000772","2025-03-28","198.60","2"
"120-10-018","SIV2025000000773","2025-03-28","188.28","1"
"120-07-002","SIV2025000000774","2025-03-28","455.22","1"
"120-15-007","SIV2025000000775","2025-03-28","70.79","2"
"120-02-018","SIV2025000000776","2025-03-28","218.94","1"
"A07163","SIV2025000000777","2025-03-28","964.53","1"
"120-05-011","SIV2025000000778","2025-03-28","207.82","1"
"120-02-008","SIV2025000000779","2025-03-28","2535.43","0"
"120-03-012","SIV2025000000780","2025-03-28","105.54","1"
"120-01-011","SIV2025000000781","2025-03-28","3463.90","0"
"120-02-011","SIV2025000000782","2025-03-28","930.56","1"
"320-02-006","SIV2025000000783","2025-03-28","503.06","1"
"A09133","SIV2025000000784","2025-03-28","44.30","1"
"A02452","SIV2025000000785","2025-04-02","126.13","1"
"A08540","SIV2025000000786","2025-04-02","184.41","2"
"120-05-011","SIV2025000000787","2025-04-02","5101.91","0"
"120-10-001","SIV2025000000788","2025-04-02","198.26","1"
"120-01-021","SIV2025000000789","2025-04-02","9236.24","0"
"120-02-005","SIV2025000000790","2025-04-02","88.98","1"
"120-05-018","SIV2025000000791","2025-04-02","203.89","1"
"120-05-011","SIV2025000000792","2025-04-02","12147.02","0"
"120-05-014","SIV2025000000793","2025-04-02","196.71","1"
"320-02-001","SIV2025000000794","2025-04-02","706.34","2"
"320-02-012","SIV2025000000795","2025-04-02","43119.70","0"
"120-12-009","SIV2025000000796","2025-04-02","147.49","1"
"A09133","SIV2025000000797","2025-04-02","74.26","1"
"120-02-006","SIV2025000000798","2025-04-03","104.76","1"
"120-07-003","SIV2025000000799","2025-04-03","432.94","2"
"120-05-013","SIV2025000000800","2025-04-03","191.35","1"
"A01157","SIV2025000000801","2025-04-03","171.05","1"
"A03229","SIV2025000000802","2025-04-03","46.12","2"
"120-05-008","SIV2025000000803","2025-04-03","93.30","2"
"120-07-003","SIV2025000000804","2025-04-03","307.15","1"
"120-10-016","SIV2025000000805","2025-04-03","124.14","1"
"120-05-011","SIV2025000000806","2025-04-03","393.38","1"
"120-03-001","SIV2025000000807","2025-04-03","446.13","1"
"120-01-002","SIV2025000000808","2025-04-03","256.57","1"
"120-07-001","SIV2025000000809","2025-04-03","2691.52","0"
"320-02-012","SIV2025000000810","2025-04-03","6272.08","0"
"120-12-009","SIV2025000000811","2025-04-03","208.32","1"
"120-03-002","SIV2025000000812","2025-04-03","245.95","1"
"120-05-017","SIV2025000000813","2025-04-04","17377.60","0"
"120-12-004","SIV2025000000814","2025-04-04","5398.36","0"
"120-10-005","SIV2025000000815","2025-04-04","613.68","2"
"120-01-023","SIV2025000000816","2025-04-04","82.67","1"
"A07669","SIV2025000000817","2025-04-04","364.50","1"
"120-10-020","SIV2025000000818","2025-04-04","336.99","2"
"A07669","SIV2025000000819","2025-04-04","443.59","2"
"120-03-002","SIV2025000000820","2025-04-04","309.55","1"
"A07163","SIV2025000000821","2025-04-07","682.57","1"
"120-15-015","SIV2025000000822","2025-04-07","324.05","1"
"120-01-002","SIV2025000000823","2025-04-07","10100.15","0"
"120-10-017","SIV2025000000824","2025-04-07","20029.49","0"
"120-01-006","SIV2025000000825","2025-04-07","85.96","1"
"120-01-019","SIV2025000000826","2025-04-07","46.76","2"
"120-15-010","SIV2025000000827","2025-04-07","122.75","1"
"120-05-022","SIV2025000000828","2025-04-07","253.87","1"
"120-05-005","SIV2025000000829","2025-04-07","783.09","1"
"120-10-018","SIV2025000000830","2025-04-07","224.13","1"
"120-03-001","SIV2025000000831","2025-04-07","8512.18","0"
"120-07-009","SIV2025000000832","2025-04-07","650.74","1"
"120-02-009","SIV2025000000833","2025-04-07","91.89","1"
"A00247","SIV2025000000834","2025-04-07","102.61","1"
"120-01-011","SIV2025000000835","2025-04-07","9099.62","0"
"120-10-005","SIV2025000000836","2025-04-07","288.87","2"
"120-15-001","SIV2025000000837","2025-04-07","238.23","2"
"120-05-002","SIV2025000000838","2025-04-07","217.84","1"
"120-03-011","SIV2025000000839","2025-04-07","346.69","2"
"320-02-007","SIV2025000000840","2025-04-07","2078.11","1"
"320-02-012","SIV2025000000841","2025-04-07","302.02","2"
"120-02-006","SIV2025000000842","2025-04-08","251.98","2"
"120-01-010","SIV2025000000843","2025-04-08","39.15","1"
"120-01-011","SIV2025000000844","2025-04-08","187.81","2"
"120-01-011","SIV2025000000845","2025-04-08","59.23","2"
"120-20-001","SIV2025000000846","2025-04-08","9285.37","0"
"120-02-018","SIV2025000000847","2025-04-08","73.81","2"
"120-02-017","SIV2025000000848","2025-04-08","3960.69","0"
"120-01-006","SIV2025000000849","2025-04-08","240.86","2"
"A07669","SIV2025000000850","2025-04-08","365.91","1"
"A04929","SIV2025000000851","2025-04-08","394.40","1"
"120-02-013","SIV2025000000852","2025-04-08","1640.23","0"
"120-05-002","SIV2025000000853","2025-04-08","4063.91","0"
"120-05-005","SIV2025000000854","2025-04-08","5509.85","0"
"A00247","SIV2025000000855","2025-04-08","323.54","1"
"120-05-017","SIV2025000000856","2025-04-08","1070.54","0"
"120-15-004","SIV2025000000857","2025-04-08","22792.90","0"
"120-03-006","SIV2025000000858","2025-04-08","150.28","1"
"120-15-013","SIV2025000000859","2025-04-08","448.61","2"
"120-01-024","SIV2025000000860","2025-04-08","11238.94","0"
"120-03-002","SIV2025000000861","2025-04-08","370.34","0"
"120-05-011","SIV2025000000862","2025-04-09","393.60","2"
"120-02-003","SIV2025000000863","2025-04-09","728.51","1"
"120-05-002","SIV2025000000864","2025-04-09","121.47","1"
"120-02-005","SIV2025000000865","2025-04-09","355.96","2"
"A02452","SIV2025000000866","2025-04-09","642.25","1"
"120-15-006","SIV2025000000867","2025-04-09","452.06","2"
"120-01-001","SIV2025000000868","2025-04-09","127.33","2"
"120-01-018","SIV2025000000869","2025-04-09","678.25","1"
"A09369","SIV2025000000870","2025-04-09","419.22","1"
"S06403","SIV2025000000871","2025-04-09","590.57","1"
"320-02-001","SIV2025000000872","2025-04-09","615.77","1"
"120-03-002","SIV2025000000873","2025-04-09","1263.79","0"
"120-03-002","SIV2025000000874","2025-04-09","125.57","1"
"120-02-014","SIV2025000000875","2025-04-10","829.47","1"
"120-05-003","SIV2025000000876","2025-04-10","339.72","1"
"120-02-015","SIV2025000000877","2025-04-10","79.39","1"
"A07669","SIV2025000000878","2025-04-10","25.83","1"
"120-15-015","SIV2025000000879","2025-04-10","190.86","1"
"120-16-001","SIV2025000000880","2025-04-10","9151.26","0"
"120-10-001","SIV2025000000881","2025-04-10","71.97","1"
"A04929","SIV2025000000882","2025-04-10","189.02","2"
"120-07-007","SIV2025000000883","2025-04-10","836.56","1"
"120-01-006","SIV2025000000884","2025-04-10","213.09","1"
"120-07-007","SIV2025000000885","2025-04-10","2656.08","0"
"A02704","SIV2025000000886","2025-04-10","267.06","1"
"120-02-018","SIV2025000000887","2025-04-10","305.18","2"
"120-20-001","SIV2025000000888","2025-04-10","6337.87","0"
"120-03-002","SIV2025000000889","2025-04-10","6737.69","0"
"120-12-009","SIV2025000000890","2025-04-10","2016.87","0"
"120-12-001","SIV2025000000891","2025-04-11","441.15","1"
"120-15-001","SIV2025000000892","2025-04-11","342.03","1"
"120-02-014","SIV2025000000893","2025-04-11","116.30","2"
"120-02-017","SIV2025000000894","2025-04-11","216.52","1"
"A03157","SIV2025000000895","2025-04-11","2597.62","0"
"120-02-010","SIV2025000000896","2025-04-11","178.47","1"
"120-07-005","SIV2025000000897","2025-04-11","829.96","2"
"320-02-013","SIV2025000000898","2025-04-11","563.75","1"
"120-03-002","SIV2025000000899","2025-04-11","122.35","1"
"120-05-030","SIV2025000000900","2025-04-14","6338.09","0"
"120-03-011","SIV2025000000901","2025-04-14","131.66","1"
"120-02-007","SIV2025000000902","2025-04-14","441.89","2"
"A04111","SIV2025000000903","2025-04-14","639.07","1"
"120-02-003","SIV2025000000904","2025-04-14","10130.02","0"
"120-05-002","SIV2025000000905","2025-04-14","415.26","1"
"120-01-009","SIV2025000000906","2025-04-14","621.77","1"
"120-02-003","SIV2025000000907","2025-04-14","277.55","1"
"A02452","SIV2025000000908","2025-04-14","67.80","1"
"120-03-010","SIV2025000000909","2025-04-14","154.83","1"
"120-10-006","SIV2025000000910","2025-04-14","59.23","1"
"120-05-005","SIV2025000000911","2025-04-14","217.52","1"
"320-02-001","SIV2025000000912","2025-04-14","10709.11","0"
"320-02-012","SIV2025000000913","2025-04-14","56254.99","0"
"120-05-010","SIV2025000000914","2025-04-15","10542.77","0"
"A02452","SIV2025000000915","2025-04-15","119.22","1"
"A00911","SIV2025000000916","2025-04-15","350.66","1"
"120-02-011","SIV2025000000917","2025-04-15","266.83","2"
"120-01-021","SIV2025000000918","2025-04-15","18.82","1"
"120-15-013","SIV2025000000919","2025-04-15","21.64","1"
"120-02-003","SIV2025000000920","2025-04-15","960.79","0"
"120-10-011","SIV2025000000921","2025-04-15","450.57","2"
"320-02-004","SIV2025000000922","2025-04-15","450.17","1"
"320-02-014","SIV2025000000923","2025-04-15","939.65","1"
"120-12-009","SIV2025000000924","2025-04-15","1771.22","0"
"120-03-002","SIV2025000000925","2025-04-15","2087.09","0"
"120-01-018","SIV2025000000926","2025-04-16","501.43","1"
"120-15-014","SIV2025000000927","2025-04-16","240.98","1"
"120-01-024","SIV2025000000928","2025-04-16","258.76","1"
"120-03-011","SIV2025000000929","2025-04-16","628.06","0"
"A02452","SIV2025000000930","2025-04-16","431.41","2"
"120-15-001","SIV2025000000931","2025-04-16","102.37","1"
"120-03-005","SIV2025000000932","2025-04-16","435.75","1"
"120-07-011","SIV2025000000933","2025-04-16","196.22","1"
"120-03-001","SIV2025000000934","2025-04-16","31.10","2"
"120-03-002","SIV2025000000935","2025-04-16","218.33","2"
"120-03-002","SIV2025000000936","2025-04-16","50.24","1"
"120-03-002","SIV2025000000937","2025-04-16","124.99","1"
"A03229","SIV2025000000938","2025-04-17","112.46","2"
"120-05-005","SIV2025000000939","2025-04-17","102.41","0"
"120-01-020","SIV2025000000940","2025-04-17","1520.83","0"
"120-02-003","SIV2025000000941","2025-04-17","677.17","1"
"120-10-010","SIV2025000000942","2025-04-17","272.71","1"
"120-20-001","SIV2025000000943","2025-04-17","4263.76","0"
"A03157","SIV2025000000944","2025-04-17","267.75","2"
"120-07-013","SIV2025000000945","2025-04-17","11409.60","0"
"120-03-002","SIV2025000000946","2025-04-17","3001.06","0"
"120-05-003","SIV2025000000947","2025-04-18","6872.69","0"
"120-02-014","SIV2025000000948","2025-04-18","795.81","2"
"A03229","SIV2025000000949","2025-04-18","362.92","2"
"120-15-001","SIV2025000000950","2025-04-18","7032.54","0"
"120-05-016","SIV2025000000951","2025-04-18","7595.46","0"
"120-15-006","SIV2025000000952","2025-04-18","71.70","1"
"120-07-013","SIV2025000000953","2025-04-18","387.75","1"
"120-05-005","SIV2025000000954","2025-04-18","15208.58","0"
"120-02-009","SIV2025000000955","2025-04-18","638.56","1"
"120-07-011","SIV2025000000956","2025-04-18","191.16","2"
"120-10-006","SIV2025000000957","2025-04-18","333.07","1"
"A08540","SIV2025000000958","2025-04-18","81.17","1"
"120-02-003","SIV2025000000959","2025-04-18","597.94","1"
"120-10-020","SIV2025000000960","2025-04-18","8403.85","0"
"120-20-001","SIV2025000000961","2025-04-18","226.62","2"
"120-12-002","SIV2025000000962","2025-04-18","2251.54","0"
"S06403","SIV2025000000963","2025-04-18","240.31","1"
"320-02-013","SIV2025000000964","2025-04-18","2108.61","1"
"A09133","SIV2025000000965","2025-04-18","169.01","2"
"120-03-002","SIV2025000000966","2025-04-18","2276.09","0"
"120-10-006","SIV2025000000967","2025-04-21","1458.71","1"
"120-05-011","SIV2025000000968","2025-04-21","289.56","1"
"120-12-001","SIV2025000000969","2025-04-21","25389.42","0"
"120-20-001","SIV2025000000970","2025-04-21","353.09","1"
"A05210","SIV2025000000971","2025-04-21","441.79","1"
"120-15-017","SIV2025000000972","2025-04-21","1127.19","2"
"A00247","SIV2025000000973","2025-04-21","186.93","1"
"120-05-011","SIV2025000000974","2025-04-21","494.64","1"
"120-01-001","SIV2025000000975","2025-04-21","12358.30","0"
"120-05-006","SIV2025000000976","2025-04-21","285.04","1"
"A02452","SIV2025000000977","2025-04-21","392.59","1"
"120-07-012","SIV2025000000978","2025-04-21","88.20","1"
"A00911","SIV2025000000979","2025-04-21","235.56","1"
"A01157","SIV2025000000980","2025-04-21","180.47","2"
"120-02-005","SIV2025000000981","2025-04-21","116.96","1"
"120-01-021","SIV2025000000982","2025-04-21","3421.16","0"
"320-02-011","SIV2025000000983","2025-04-21","1505.84","1"
"S05728","SIV2025000000984","2025-04-21","1064.46","1"
"320-02-012","SIV2025000000985","2025-04-21","19548.46","0"
"120-12-009","SIV2025000000986","2025-04-21","75.60","1"
"120-01-018","SIV2025000000987","2025-04-22","1000.74","1"
"120-15-004","SIV2025000000988","2025-04-22","196.10","2"
"120-02-007","SIV2025000000989","2025-04-22","323.69","2"
"120-01-023","SIV2025000000990","2025-04-22","347.20","1"
"A07669","SIV2025000000991","2025-04-22","212.65","1"
"120-10-016","SIV2025000000992","2025-04-22","13793.76","0"
"A02452","SIV2025000000993","2025-04-22","152.34","1"
"120-15-016","SIV2025000000994","2025-04-22","300.33","1"
"120-01-011","SIV2025000000995","2025-04-22","80.51","1"
"120-03-001","SIV2025000000996","2025-04-22","510.25","0"
"120-02-014","SIV2025000000997","2025-04-22","7868.08","0"
"120-05-011","SIV2025000000998","2025-04-22","4772.59","0"
"120-03-002","SIV2025000000999","2025-04-22","79.20","1"
"120-02-011","SIV2025000001000","2025-04-24","200.34","1"
"120-02-014","SIV2025000001001","2025-04-24","208.34","2"
"120-15-015","SIV2025000001002","2025-04-24","725.30","1"
"120-03-010","SIV2025000001003","2025-04-24","61.02","2"
"120-10-010","SIV2025000001004","2025-04-24","171.90","1"
"120-01-002","SIV2025000001005","2025-04-24","4218.96","0"
"120-01-021","SIV2025000001006","2025-04-24","7138.73","0"
"120-10-018","SIV2025000001007","2025-04-24","40.29","2"
"120-01-021","SIV2025000001008","2025-04-24","10042.09","0"
"120-15-019","SIV2025000001009","2025-04-24","321.19","1"
"120-05-002","SIV2025000001010","2025-04-24","447.01","1"
"120-15-013","SIV2025000001011","2025-04-24","217.93","1"
"120-05-014","SIV2025000001012","2025-04-24","161.28","1"
"S06202","SIV2025000001013","2025-04-24","1512.34","1"
"120-02-007","SIV2025000001014","2025-04-25","10751.34","0"
"120-07-007","SIV2025000001015","2025-04-25","385.92","2"
"120-01-012","SIV2025000001016","2025-04-25","4568.35","0"
"120-03-008","SIV2025000001017","2025-04-25","274.90","1"
"120-01-020","SIV2025000001018","2025-04-25","135.13","2"
"120-07-008","SIV2025000001019","2025-04-25","3062.59","0"
"120-05-011","SIV2025000001020","2025-04-25","244.97","2"
"120-02-003","SIV2025000001021","2025-04-25","13823.95","0"
"120-05-002","SIV2025000001022","2025-04-25","3696.02","0"
"A03229","SIV2025000001023","2025-04-25","238.06","1"
"S05728","SIV2025000001024","2025-04-25","1665.45","1"
"320-02-012","SIV2025000001025","2025-04-25","802.15","1"
"120-03-002","SIV2025000001026","2025-04-25","93.77","1"
"A04902","SIV2025000001027","2025-04-28","3239.52","0"
"120-15-006","SIV2025000001028","2025-04-28","167.80","1"
"120-02-007","SIV2025000001029","2025-04-28","35.48","1"
"120-15-016","SIV2025000001030","2025-04-28","131.43","1"
"120-10-010","SIV2025000001031","2025-04-28","177.69","1"
"120-07-004","SIV2025000001032","2025-04-28","638.67","1"
"120-15-004","SIV2025000001033","2025-04-28","177.18","2"
"A02704","SIV2025000001034","2025-04-28","746.19","1"
"320-02-013","SIV2025000001035","2025-04-28","1084.08","1"
"120-12-009","SIV2025000001036","2025-04-28","11480.10","0"
"A06429","SIV2025000001037","2025-04-29","1047.97","1"
"120-02-009","SIV2025000001038","2025-04-29","111.62","1"
"120-03-010","SIV2025000001039","2025-04-29","239.78","1"
"A03429","SIV2025000001040","2025-04-29","400.06","1"
"120-02-006","SIV2025000001041","2025-04-29","7165.02","0"
"120-20-001","SIV2025000001042","2025-04-29","216.32","1"
"120-07-007","SIV2025000001043","2025-04-29","17362.66","0"
"120-02-017","SIV2025000001044","2025-04-29","480.35","1"
"A01157","SIV2025000001045","2025-04-29","310.81","2"
"A04929","SIV2025000001046","2025-04-29","50.18","1"
"A03229","SIV2025000001047","2025-04-29","1042.00","2"
"120-01-007","SIV2025000001048","2025-04-29","6659.33","0"
"120-03-006","SIV2025000001049","2025-04-29","553.60","1"
"320-02-014","SIV2025000001050","2025-04-29","2754.62","1"
"120-12-009","SIV2025000001051","2025-04-29","130.78","1"
"120-03-002","SIV2025000001052","2025-04-29","78.42","1"
"A09133","SIV2025000001053","2025-04-29","50.16","1"
"120-20-001","SIV2025000001054","2025-04-30","844.29","1"
"120-15-006","SIV2025000001055","2025-04-30","124.47","1"
"120-07-013","SIV2025000001056","2025-04-30","18364.45","0"
"A04921","SIV2025000001057","2025-04-30","6204.44","0"
"120-10-016","SIV2025000001058","2025-04-30","8398.91","0"
"A03229","SIV2025000001059","2025-04-30","320.75","2"
"120-05-002","SIV2025000001060","2025-04-30","328.29","1"
"120-05-011","SIV2025000001061","2025-04-30","383.32","1"
"120-05-021","SIV2025000001062","2025-04-30","333.72","1"
"120-02-008","SIV2025000001063","2025-04-30","228.55","2"
"120-15-003","SIV2025000001064","2025-05-02","503.40","1"
"A01157","SIV2025000001065","2025-05-02","380.53","1"
"120-01-019","SIV2025000001066","2025-05-02","91.38","1"
"120-01-011","SIV2025000001067","2025-05-02","1450.46","2"
"120-01-007","SIV2025000001068","2025-05-02","4182.40","0"
"A03229","SIV2025000001069","2025-05-02","235.78","2"
"120-01-009","SIV2025000001070","2025-05-02","298.11","1"
"S06202","SIV2025000001071","2025-05-02","300.54","2"
"120-03-002","SIV2025000001072","2025-05-02","54.34","2"
"120-12-009","SIV2025000001073","2025-05-02","188.54","1"
"120-02-007","SIV2025000001074","2025-05-05","380.76","1"
"120-05-005","SIV2025000001075","2025-05-05","406.04","1"
"120-12-001","SIV2025000001076","2025-05-05","7621.32","0"
"120-12-002","SIV2025000001077","2025-05-05","227.94","1"
"A04929","SIV2025000001078","2025-05-05","39.20","1"
"120-07-013","SIV2025000001079","2025-05-05","4329.70","0"
"120-10-010","SIV2025000001080","2025-05-05","160.39","2"
"120-05-002","SIV2025000001081","2025-05-05","13012.96","0"
"120-12-001","SIV2025000001082","2025-05-05","3022.69","0"
"120-03-001","SIV2025000001083","2025-05-05","541.49","1"
"A02452","SIV2025000001084","2025-05-05","14316.12","0"
"120-07-005","SIV2025000001085","2025-05-05","236.79","1"
"120-01-007","SIV2025000001086","2025-05-05","210.42","1"
"120-07-012","SIV2025000001087","2025-05-05","4371.40","0"
"A00247","SIV2025000001088","2025-05-05","5664.25","0"
"A00911","SIV2025000001089","2025-05-06","370.37","1"
"120-01-022","SIV2025000001090","2025-05-06","149.26","1"
"120-01-019","SIV2025000001091","2025-05-06","21345.89","0"
"120-07-005","SIV2025000001092","2025-05-06","11274.02","0"
"120-20-001","SIV2025000001093","2025-05-06","3645.19","0"
"120-10-010","SIV2025000001094","2025-05-06","177.66","1"
"120-05-027","SIV2025000001095","2025-05-06","595.77","2"
"120-02-014","SIV2025000001096","2025-05-06","128.93","1"
"120-02-018","SIV2025000001097","2025-05-06","198.35","2"
"120-03-001","SIV2025000001098","2025-05-06","396.43","1"
"120-20-001","SIV2025000001099","2025-05-06","66.73","1"
"120-05-014","SIV2025000001100","2025-05-06","1905.24","0"
"320-02-005","SIV2025000001101","2025-05-06","409.31","2"
"320-02-011","SIV2025000001102","2025-05-06","1623.22","1"
"320-02-011","SIV2025000001103","2025-05-06","1538.84","1"
"320-02-012","SIV2025000001104","2025-05-06","1970.57","1"
"320-02-003","SIV2025000001105","2025-05-06","27501.64","0"
"120-02-008","SIV2025000001106","2025-05-07","3484.33","0"
"120-07-013","SIV2025000001107","2025-05-07","481.03","0"
"120-07-007","SIV2025000001108","2025-05-07","389.62","2"
"120-10-001","SIV2025000001109","2025-05-07","449.53","1"
"120-07-002","SIV2025000001110","2025-05-07","169.77","2"
"120-02-014","SIV2025000001111","2025-05-07","359.06","1"
"120-07-013","SIV2025000001112","2025-05-07","292.04","1"
"120-05-005","SIV2025000001113","2025-05-07","334.44","1"
"120-02-003","SIV2025000001114","2025-05-07","133.70","2"
"120-02-014","SIV2025000001115","2025-05-07","401.34","2"
"120-05-005","SIV2025000001116","2025-05-07","81.61","1"
"120-15-011","SIV2025000001117","2025-05-07","69.56","1"
"120-20-001","SIV2025000001118","2025-05-08","261.32","1"
"120-02-015","SIV2025000001119","2025-05-08","147.11","1"
"120-02-007","SIV2025000001120","2025-05-08","7937.62","0"
"120-01-003","SIV2025000001121","2025-05-08","447.44","2"
"120-02-014","SIV2025000001122","2025-05-08","144.47","1"
"120-07-013","SIV2025000001123","2025-05-08","274.08","1"
"120-05-003","SIV2025000001124","2025-05-08","6715.68","0"
"120-02-012","SIV2025000001125","2025-05-08","20361.17","0"
"120-10-005","SIV2025000001126","2025-05-08","107.31","2"
"120-05-010","SIV2025000001127","2025-05-08","66.47","1"
"120-07-007","SIV2025000001128","2025-05-08","343.90","1"
"120-15-004","SIV2025000001129","2025-05-08","82.60","2"
"120-05-011","SIV2025000001130","2025-05-08","2235.84","0"
"S06202","SIV2025000001131","2025-05-08","1520.91","1"
"S05728","SIV2025000001132","2025-05-08","28693.73","0"
"A09133","SIV2025000001133","2025-05-08","235.08","0"
"120-03-002","SIV2025000001134","2025-05-08","3019.68","0"
"120-02-009","SIV2025000001135","2025-05-09","677.60","1"
"120-02-017","SIV2025000001136","2025-05-09","4141.50","0"
"A05019","SIV2025000001137","2025-05-09","267.44","1"
"120-05-030","SIV2025000001138","2025-05-09","653.95","1"
"120-10-005","SIV2025000001139","2025-05-09","3254.95","0"
"120-05-016","SIV2025000001140","2025-05-09","9.37","1"
"A07669","SIV2025000001141","2025-05-09","6096.34","0"
"120-02-015","SIV2025000001142","2025-05-09","183.60","2"
"120-15-001","SIV2025000001143","2025-05-09","544.33","1"
"120-20-001","SIV2025000001144","2025-05-09","329.15","1"
"120-05-002","SIV2025000001145","2025-05-09","323.83","1"
"120-01-021","SIV2025000001146","2025-05-09","242.85","2"
"120-05-003","SIV2025000001147","2025-05-09","231.99","1"
"120-05-002","SIV2025000001148","2025-05-09","603.41","1"
"S06202","SIV2025000001149","2025-05-09","15443.81","0"
"320-02-007","SIV2025000001150","2025-05-09","26578.39","0"
"120-03-002","SIV2025000001151","2025-05-09","535.42","0"
"120-15-016","SIV2025000001152","2025-05-12","102.94","1"
"120-03-010","SIV2025000001153","2025-05-12","255.58","1"
"120-15-016","SIV2025000001154","2025-05-12","164.76","1"
"120-02-018","SIV2025000001155","2025-05-12","115.75","1"
"120-20-001","SIV2025000001156","2025-05-12","8295.47","0"
"120-02-003","SIV2025000001157","2025-05-12","8460.91","0"
"120-15-016","SIV2025000001158","2025-05-12","389.66","2"
"120-07-003","SIV2025000001159","2025-05-12","408.12","1"
"120-01-013","SIV2025000001160","2025-05-12","547.36","1"
"120-02-012","SIV2025000001161","2025-05-12","143.17","1"
"320-02-016","SIV2025000001162","2025-05-12","1126.86","1"
"S06202","SIV2025000001163","2025-05-12","2574.35","2"
"120-12-009","SIV2025000001164","2025-05-12","4.97","2"
"A09133","SIV2025000001165","2025-05-12","74.52","1"
"120-05-017","SIV2025000001166","2025-05-13","332.29","1"
"120-02-007","SIV2025000001167","2025-05-13","2764.61","0"
"120-07-013","SIV2025000001168","2025-05-13","325.73","1"
"120-15-002","SIV2025000001169","2025-05-13","142.12","1"
"120-07-002","SIV2025000001170","2025-05-13","84.03","1"
"120-02-016","SIV2025000001171","2025-05-13","508.02","1"
"120-15-015","SIV2025000001172","2025-05-13","97.82","1"
"120-01-022","SIV2025000001173","2025-05-13","41.83","2"
"A02452","SIV2025000001174","2025-05-13","1845.72","0"
"120-10-003","SIV2025000001175","2025-05-13","8003.91","0"
"120-02-012","SIV2025000001176","2025-05-13","137.75","1"
"120-05-003","SIV2025000001177","2025-05-13","91.97","1"
"120-03-001","SIV2025000001178","2025-05-13","110.29","1"
"S06202","SIV2025000001179","2025-05-13","2003.58","1"
"A09133","SIV2025000001180","2025-05-13","51.50","1"
"120-03-002","SIV2025000001181","2025-05-13","86.12","2"
"120-07-008","SIV2025000001182","2025-05-14","646.38","1"
"120-15-002","SIV2025000001183","2025-05-14","616.84","2"
"120-02-016","SIV2025000001184","2025-05-14","601.14","1"
"120-15-006","SIV2025000001185","2025-05-14","6144.13","0"
"A04929","SIV2025000001186","2025-05-14","772.25","1"
"120-02-018","SIV2025000001187","2025-05-14","370.64","1"
"120-02-014","SIV2025000001188","2025-05-14","498.87","1"
"120-07-013","SIV2025000001189","2025-05-14","460.33","1"
"120-01-022","SIV2025000001190","2025-05-14","147.92","2"
"120-02-016","SIV2025000001191","2025-05-14","187.04","1"
"120-20-001","SIV2025000001192","2025-05-14","4019.59","0"
"120-05-002","SIV2025000001193","2025-05-14","13512.07","0"
"A04902","SIV2025000001194","2025-05-14","10716.52","0"
"120-02-007","SIV2025000001195","2025-05-15","9914.21","0"
"120-01-021","SIV2025000001196","2025-05-15","355.67","2"
"120-20-001","SIV2025000001197","2025-05-15","448.36","2"
"120-02-005","SIV2025000001198","2025-05-15","149.11","1"
"A05497","SIV2025000001199","2025-05-15","564.11","2"
"120-20-001","SIV2025000001200","2025-05-15","55.08","1"
"120-20-001","SIV2025000001201","2025-05-15","242.02","1"
"120-05-003","SIV2025000001202","2025-05-15","201.06","1"
"A02452","SIV2025000001203","2025-05-15","7257.91","0"
"120-01-011","SIV2025000001204","2025-05-15","173.16","1"
"120-02-014","SIV2025000001205","2025-05-15","303.79","1"
"120-01-002","SIV2025000001206","2025-05-15","864.29","2"
"120-07-007","SIV2025000001207","2025-05-15","385.46","2"
"320-02-001","SIV2025000001208","2025-05-15","981.59","1"
"320-02-004","SIV2025000001209","2025-05-15","2589.05","2"
"S06403","SIV2025000001210","2025-05-15","12032.45","0"
"120-01-012","SIV2025000001211","2025-05-16","7412.18","0"
"A09369","SIV2025000001212","2025-05-16","21.11","1"
"120-05-011","SIV2025000001213","2025-05-16","157.83","2"
"120-03-001","SIV2025000001214","2025-05-16","126.63","2"
"120-10-019","SIV2025000001215","2025-05-16","445.53","1"
"A03229","SIV2025000001216","2025-05-16","449.33","1"
"120-03-001","SIV2025000001217","2025-05-16","278.99","1"
"A07669","SIV2025000001218","2025-05-16","335.86","1"
"120-01-003","SIV2025000001219","2025-05-16","506.48","2"
"A02452","SIV2025000001220","2025-05-16","24572.14","0"
"120-03-001","SIV2025000001221","2025-05-16","2913.22","0"
"120-02-008","SIV2025000001222","2025-05-16","790.18","1"
"120-03-002","SIV2025000001223","2025-05-16","58.13","2"
"120-02-011","SIV2025000001224","2025-05-20","133.96","2"
"A03229","SIV2025000001225","2025-05-20","163.94","1"
"120-02-011","SIV2025000001226","2025-05-20","10836.32","0"
"A07669","SIV2025000001227","2025-05-20","466.16","1"
"120-05-005","SIV2025000001228","2025-05-20","129.25","2"
"A02452","SIV2025000001229","2025-05-20","387.10","1"
"320-02-011","SIV2025000001230","2025-05-20","67475.95","0"
"120-12-005","SIV2025000001231","2025-05-21","281.61","1"
"120-03-001","SIV2025000001232","2025-05-21","109.96","1"
"120-20-001","SIV2025000001233","2025-05-21","3731.68","0"
"120-15-016","SIV2025000001234","2025-05-21","1109.75","0"
"120-15-006","SIV2025000001235","2025-05-21","252.40","1"
"A05497","SIV2025000001236","2025-05-21","342.25","1"
"A07501","SIV2025000001237","2025-05-21","605.89","2"
"120-12-001","SIV2025000001238","2025-05-21","268.77","1"
"120-10-019","SIV2025000001239","2025-05-21","186.45","2"
"120-12-001","SIV2025000001240","2025-05-21","5274.52","0"
"120-03-012","SIV2025000001241","2025-05-21","32453.71","0"
"120-03-001","SIV2025000001242","2025-05-21","1042.50","0"
"120-01-001","SIV2025000001243","2025-05-21","3810.62","0"
"A01157","SIV2025000001244","2025-05-22","4250.09","0"
"120-12-001","SIV2025000001245","2025-05-22","191.52","2"
"A02452","SIV2025000001246","2025-05-22","384.94","1"
"120-01-006","SIV2025000001247","2025-05-22","4473.25","0"
"120-05-014","SIV2025000001248","2025-05-22","156.16","1"
"A05497","SIV2025000001249","2025-05-22","87.92","2"
"120-10-008","SIV2025000001250","2025-05-22","3284.58","0"
"120-01-021","SIV2025000001251","2025-05-22","17894.00","0"
"120-05-011","SIV2025000001252","2025-05-22","445.32","2"
"A01157","SIV2025000001253","2025-05-22","130.20","2"
"120-07-013","SIV2025000001254","2025-05-22","5827.54","0"
"A04929","SIV2025000001255","2025-05-22","196.67","2"
"120-02-012","SIV2025000001256","2025-05-22","2963.64","0"
"A03229","SIV2025000001257","2025-05-22","93.78","1"
"320-02-012","SIV2025000001258","2025-05-22","764.84","1"
"A09133","SIV2025000001259","2025-05-22","52.27","1"
"A00911","SIV2025000001260","2025-05-23","153.48","1"
"120-07-012","SIV2025000001261","2025-05-23","209.69","1"
"120-01-001","SIV2025000001262","2025-05-23","656.84","1"
"120-01-023","SIV2025000001263","2025-05-23","7612.42","0"
"120-15-004","SIV2025000001264","2025-05-23","4411.15","0"
"120-12-001","SIV2025000001265","2025-05-23","480.17","1"
"120-20-001","SIV2025000001266","2025-05-23","16574.71","0"
"120-15-007","SIV2025000001267","2025-05-23","180.30","1"
"A00247","SIV2025000001268","2025-05-23","507.08","1"
"120-07-003","SIV2025000001269","2025-05-23","282.66","1"
"A00779","SIV2025000001270","2025-05-23","318.80","0"
"A08540","SIV2025000001271","2025-05-23","329.05","1"
"A00247","SIV2025000001272","2025-05-23","8292.25","0"
"A04921","SIV2025000001273","2025-05-23","46.00","1"
"120-02-014","SIV2025000001274","2025-05-23","166.17","1"
"120-05-001","SIV2025000001275","2025-05-23","1533.02","0"
"120-03-002","SIV2025000001276","2025-05-23","174.54","2"
"120-03-002","SIV2025000001277","2025-05-23","60.53","1"
"A09133","SIV2025000001278","2025-05-23","1295.90","0"
"120-05-008","SIV2025000001279","2025-05-26","529.52","2"
"120-01-001","SIV2025000001280","2025-05-26","61.71","2"
"120-10-003","SIV2025000001281","2025-05-26","539.79","1"
"120-07-011","SIV2025000001282","2025-05-26","13027.27","0"
"120-05-019","SIV2025000001283","2025-05-26","4392.76","0"
"120-05-013","SIV2025000001284","2025-05-26","235.85","1"
"120-01-015","SIV2025000001285","2025-05-26","94.83","1"
"A07669","SIV2025000001286","2025-05-26","22183.80","0"
"120-10-001","SIV2025000001287","2025-05-26","588.33","1"
"A01157","SIV2025000001288","2025-05-26","169.91","1"
"120-07-012","SIV2025000001289","2025-05-26","134.06","2"
"120-15-002","SIV2025000001290","2025-05-26","6145.27","0"
"A00779","SIV2025000001291","2025-05-26","562.15","1"
"120-15-009","SIV2025000001292","2025-05-26","21.19","1"
"A07501","SIV2025000001293","2025-05-26","299.38","2"
"320-02-012","SIV2025000001294","2025-05-26","535.88","1"
"S05728","SIV2025000001295","2025-05-26","69832.19","0"
"A09133","SIV2025000001296","2025-05-26","81.07","1"
"120-01-022","SIV2025000001297","2025-05-27","279.24","2"
"120-15-002","SIV2025000001298","2025-05-27","120.96","1"
"120-15-010","SIV2025000001299","2025-05-27","197.94","2"
"120-05-006","SIV2025000001300","2025-05-27","375.50","1"
"120-20-001","SIV2025000001301","2025-05-27","265.04","1"
"120-05-002","SIV2025000001302","2025-05-27","296.12","1"
"S06202","SIV2025000001303","2025-05-27","2945.75","1"
"120-12-009","SIV2025000001304","2025-05-27","2784.72","0"
"120-03-002","SIV2025000001305","2025-05-27","226.19","1"
"120-03-002","SIV2025000001306","2025-05-27","142.66","1"
"120-01-001","SIV2025000001307","2025-05-28","152.72","2"
"120-05-014","SIV2025000001308","2025-05-28","38.18","2"
"120-03-003","SIV2025000001309","2025-05-28","398.14","2"
"A02452","SIV2025000001310","2025-05-28","17.91","1"
"A07669","SIV2025000001311","2025-05-28","18371.00","0"
"120-05-017","SIV2025000001312","2025-05-28","1378.24","0"
"120-07-013","SIV2025000001313","2025-05-28","146.43","2"
"120-02-018","SIV2025000001314","2025-05-28","92.40","2"
"120-10-020","SIV2025000001315","2025-05-28","596.96","1"
"120-12-003","SIV2025000001316","2025-05-28","10437.72","0"
"120-01-024","SIV2025000001317","2025-05-28","15389.62","0"
"320-02-004","SIV2025000001318","2025-05-28","1183.06","1"
"120-03-002","SIV2025000001319","2025-05-28","93.79","1"
"120-05-005","SIV2025000001320","2025-05-29","137.05","1"
"120-02-012","SIV2025000001321","2025-05-29","245.62","1"
"120-16-001","SIV2025000001322","2025-05-29","232.01","1"
"120-05-005","SIV2025000001323","2025-05-29","334.50","1"
"120-05-017","SIV2025000001324","2025-05-29","26705.96","0"
"120-01-015","SIV2025000001325","2025-05-29","279.46","1"
"120-02-005","SIV2025000001326","2025-05-29","16914.46","0"
"A03229","SIV2025000001327","2025-05-29","171.45","1"
"120-01-002","SIV2025000001328","2025-05-29","252.17","1"
"120-01-009","SIV2025000001329","2025-05-29","1567.01","0"
"120-03-002","SIV2025000001330","2025-05-29","129.10","1"
"120-03-002","SIV2025000001331","2025-05-29","673.58","0"
"120-03-002","SIV2025000001332","2025-05-29","355.13","1"
"A09133","SIV2025000001333","2025-05-29","48.53","1"
"120-05-015","SIV2025000001334","2025-05-30","8462.96","0"
"120-20-001","SIV2025000001335","2025-05-30","328.59","2"
"120-01-022","SIV2025000001336","2025-05-30","666.65","1"
"A06188","SIV2025000001337","2025-05-30","160.00","1"
"120-01-018","SIV2025000001338","2025-05-30","366.29","1"
"120-07-012","SIV2025000001339","2025-05-30","12015.12","0"
"120-01-008","SIV2025000001340","2025-05-30","54.66","1"
"320-02-013","SIV2025000001341","2025-05-30","368.92","1"
"320-02-011","SIV2025000001342","2025-05-30","27187.06","0"
"A09133","SIV2025000001343","2025-05-30","113.71","1"
"120-03-002","SIV2025000001344","2025-05-30","176.35","1"
"A09133","SIV2025000001345","2025-05-30","90.28","2"
"120-03-002","SIV2025000001346","2025-05-30","10297.54","0"
"120-03-002","SIV2025000001347","2025-05-30","100.08","1"
"120-01-020","SIV2025000001348","2025-06-02","266.64","1"
"120-01-023","SIV2025000001349","2025-06-02","139.20","2"
"120-01-011","SIV2025000001350","2025-06-02","329.95","2"
"120-05-019","SIV2025000001351","2025-06-02","292.38","2"
"120-20-001","SIV2025000001352","2025-06-02","124.21","1"
"120-02-004","SIV2025000001353","2025-06-02","3329.90","0"
"120-15-014","SIV2025000001354","2025-06-02","484.09","2"
"120-05-009","SIV2025000001355","2025-06-02","529.67","2"
"A04929","SIV2025000001356","2025-06-02","470.10","1"
"120-02-013","SIV2025000001357","2025-06-02","145.35","1"
"120-01-001","SIV2025000001358","2025-06-02","210.58","1"
"120-10-015","SIV2025000001359","2025-06-02","11262.78","0"
"120-05-011","SIV2025000001360","2025-06-02","215.02","2"
"120-15-014","SIV2025000001361","2025-06-02","242.43","1"
"120-03-002","SIV2025000001362","2025-06-02","138.89","2"
"A09133","SIV2025000001363","2025-06-02","55.61","1"
"A03784","SIV2025000001364","2025-06-03","105.78","2"
"120-01-001","SIV2025000001365","2025-06-03","126.40","1"
"120-01-018","SIV2025000001366","2025-06-03","171.91","1"
"120-05-009","SIV2025000001367","2025-06-03","1117.52","1"
"120-15-009","SIV2025000001368","2025-06-03","789.54","2"
"120-05-005","SIV2025000001369","2025-06-03","1045.67","1"
"120-12-001","SIV2025000001370","2025-06-03","403.82","1"
"120-15-006","SIV2025000001371","2025-06-03","151.01","2"
"120-15-013","SIV2025000001372","2025-06-03","109.40","1"
"120-05-003","SIV2025000001373","2025-06-03","1978.34","0"
"320-02-012","SIV2025000001374","2025-06-03","1140.74","2"
"320-02-012","SIV2025000001375","2025-06-03","3204.11","2"
"120-10-001","SIV2025000001376","2025-06-04","10504.60","0"
"120-07-007","SIV2025000001377","2025-06-04","117.22","1"
"120-03-001","SIV2025000001378","2025-06-04","562.17","1"
"120-10-006","SIV2025000001379","2025-06-04","5502.61","0"
"120-05-002","SIV2025000001380","2025-06-04","9582.48","0"
"120-20-001","SIV2025000001381","2025-06-04","93.81","2"
"120-03-001","SIV2025000001382","2025-06-04","236.82","2"
"120-01-006","SIV2025000001383","2025-06-04","340.70","1"
"120-03-001","SIV2025000001384","2025-06-04","13793.32","0"
"320-02-012","SIV2025000001385","2025-06-04","29244.49","0"
"120-02-007","SIV2025000001386","2025-06-05","7576.31","0"
"A05019","SIV2025000001387","2025-06-05","3522.12","0"
"120-15-003","SIV2025000001388","2025-06-05","7946.14","0"
"120-07-007","SIV2025000001389","2025-06-05","10095.13","0"
"120-02-003","SIV2025000001390","2025-06-05","139.47","2"
"120-01-003","SIV2025000001391","2025-06-05","168.14","2"
"120-05-015","SIV2025000001392","2025-06-05","364.26","2"
"120-02-018","SIV2025000001393","2025-06-05","413.37","1"
"120-02-004","SIV2025000001394","2025-06-05","2499.70","0"
"120-15-014","SIV2025000001395","2025-06-05","166.36","1"
"120-07-013","SIV2025000001396","2025-06-05","554.52","1"
"A06188","SIV2025000001397","2025-06-05","292.89","1"
"120-15-016","SIV2025000001398","2025-06-05","535.05","1"
"120-07-009","SIV2025000001399","2025-06-05","469.83","1"
"A04247","SIV2025000001400","2025-06-05","314.93","1"
"A09133","SIV2025000001401","2025-06-05","2064.26","0"
"120-03-002","SIV2025000001402","2025-06-05","211.49","2"
"120-03-002","SIV2025000001403","2025-06-05","109.82","1"
"A05210","SIV2025000001404","2025-06-10","7703.70","0"
"120-05-003","SIV2025000001405","2025-06-10","242.21","1"
"120-10-010","SIV2025000001406","2025-06-10","5413.59","0"
"120-05-027","SIV2025000001407","2025-06-10","14281.73","0"
"120-05-009","SIV2025000001408","2025-06-10","35.23","2"
"120-15-013","SIV2025000001409","2025-06-10","4147.51","0"
"120-05-003","SIV2025000001410","2025-06-10","127.90","2"
"120-01-017","SIV2025000001411","2025-06-10","245.15","1"
"120-02-012","SIV2025000001412","2025-06-10","588.42","1"
"120-03-003","SIV2025000001413","2025-06-10","2623.78","0"
"120-03-001","SIV2025000001414","2025-06-10","44.83","1"
"120-10-007","SIV2025000001415","2025-06-10","164.36","2"
"320-02-001","SIV2025000001416","2025-06-10","35167.96","0"
"A09133","SIV2025000001417","2025-06-10","332.06","2"
"120-20-001","SIV2025000001418","2025-06-11","504.34","1"
"120-03-001","SIV2025000001419","2025-06-11","12673.25","0"
"A02452","SIV2025000001420","2025-06-11","61.24","2"
"120-07-003","SIV2025000001421","2025-06-11","54.15","2"
"A04929","SIV2025000001422","2025-06-11","9987.34","0"
"120-01-011","SIV2025000001423","2025-06-11","138.14","1"
"120-07-003","SIV2025000001424","2025-06-11","337.24","1"
"120-12-004","SIV2025000001425","2025-06-11","347.06","1"
"120-03-001","SIV2025000001426","2025-06-11","4030.88","0"
"A05019","SIV2025000001427","2025-06-12","20045.21","0"
"120-05-015","SIV2025000001428","2025-06-12","294.72","1"
"120-02-018","SIV2025000001429","2025-06-12","422.18","1"
"120-02-007","SIV2025000001430","2025-06-12","294.19","1"
"120-15-004","SIV2025000001431","2025-06-12","752.15","1"
"120-02-018","SIV2025000001432","2025-06-12","112.11","1"
"120-12-008","SIV2025000001433","2025-06-12","13354.56","0"
"120-10-021","SIV2025000001434","2025-06-12","13.63","1"
"120-05-015","SIV2025000001435","2025-06-12","251.44","1"
"A05497","SIV2025000001436","2025-06-12","7469.30","0"
"S06403","SIV2025000001437","2025-06-12","1045.26","1"
"S06202","SIV2025000001438","2025-06-12","15370.78","0"
"120-03-002","SIV2025000001439","2025-06-12","2837.62","0"
"120-15-001","SIV2025000001440","2025-06-13","346.40","2"
"120-20-001","SIV2025000001441","2025-06-13","161.67","2"
"120-02-010","SIV2025000001442","2025-06-13","105.09","2"
"120-05-017","SIV2025000001443","2025-06-13","981.63","1"
"120-10-012","SIV2025000001444","2025-06-13","1594.85","0"
"120-16-001","SIV2025000001445","2025-06-13","5050.03","0"
"320-02-011","SIV2025000001446","2025-06-13","92014.68","0"
"120-03-002","SIV2025000001447","2025-06-13","7909.87","0"
"120-03-002","SIV2025000001448","2025-06-13","4285.50","0"
"120-03-008","SIV2025000001449","2025-06-16","11217.53","0"
"A02452","SIV2025000001450","2025-06-16","300.60","1"
"120-02-014","SIV2025000001451","2025-06-16","42.82","1"
"120-05-030","SIV2025000001452","2025-06-16","145.28","2"
"120-05-002","SIV2025000001453","2025-06-16","9578.04","0"
"120-07-003","SIV2025000001454","2025-06-16","380.61","2"
"120-03-001","SIV2025000001455","2025-06-16","163.49","1"
"120-10-008","SIV2025000001456","2025-06-16","2587.63","0"
"120-02-011","SIV2025000001457","2025-06-16","71.67","1"
"A01157","SIV2025000001458","2025-06-16","339.94","1"
"120-01-007","SIV2025000001459","2025-06-16","6519.79","0"
"A04111","SIV2025000001460","2025-06-16","5884.07","0"
"320-02-004","SIV2025000001461","2025-06-16","255.74","1"
"320-02-005","SIV2025000001462","2025-06-16","1023.31","1"
"320-02-012","SIV2025000001463","2025-06-16","2254.50","1"
"320-02-012","SIV2025000001464","2025-06-16","1895.20","1"
"120-03-002","SIV2025000001465","2025-06-16","1250.38","0"
"120-07-009","SIV2025000001466","2025-06-17","151.18","2"
"A01157","SIV2025000001467","2025-06-17","217.93","1"
"120-02-009","SIV2025000001468","2025-06-17","597.59","1"
"120-01-012","SIV2025000001469","2025-06-17","110.73","1"
"120-01-006","SIV2025000001470","2025-06-17","87.36","1"
"120-15-001","SIV2025000001471","2025-06-17","115.55","1"
"120-12-003","SIV2025000001472","2025-06-17","410.38","1"
"120-02-003","SIV2025000001473","2025-06-17","111.51","1"
"120-01-002","SIV2025000001474","2025-06-17","139.84","2"
"A03229","SIV2025000001475","2025-06-17","226.89","2"
"A01157","SIV2025000001476","2025-06-17","4472.37","0"
"A04929","SIV2025000001477","2025-06-17","11401.37","0"
"120-02-014","SIV2025000001478","2025-06-17","4903.48","0"
"120-15-004","SIV2025000001479","2025-06-17","449.95","2"
"320-02-004","SIV2025000001480","2025-06-17","24177.91","0"
"120-05-006","SIV2025000001481","2025-06-18","754.30","1"
"120-03-008","SIV2025000001482","2025-06-18","3533.15","0"
"120-15-003","SIV2025000001483","2025-06-18","6785.18","0"
"120-05-001","SIV2025000001484","2025-06-18","205.30","1"
"120-07-013","SIV2025000001485","2025-06-18","10970.16","0"
"120-03-010","SIV2025000001486","2025-06-18","177.00","1"
"A02452","SIV2025000001487","2025-06-18","517.55","1"
"120-07-007","SIV2025000001488","2025-06-18","3916.85","0"
"120-02-018","SIV2025000001489","2025-06-18","1765.32","0"
"A08540","SIV2025000001490","2025-06-18","5406.22","0"
"120-05-005","SIV2025000001491","2025-06-18","392.13","2"
"120-05-030","SIV2025000001492","2025-06-18","493.37","1"
"120-05-019","SIV2025000001493","2025-06-18","453.16","1"
"120-05-011","SIV2025000001494","2025-06-18","256.24","1"
"120-01-024","SIV2025000001495","2025-06-18","2715.65","0"
"320-02-014","SIV2025000001496","2025-06-18","1194.50","1"
"320-02-012","SIV2025000001497","2025-06-18","965.11","1"
"120-03-002","SIV2025000001498","2025-06-18","86.60","1"
"120-20-001","SIV2025000001499","2025-06-19","518.39","1"
"A02452","SIV2025000001500","2025-06-19","3563.14","0"
"120-05-002","SIV2025000001501","2025-06-19","105.98","1"
"120-02-011","SIV2025000001502","2025-06-19","295.08","1"
"120-02-018","SIV2025000001503","2025-06-19","5158.10","0"
"120-02-009","SIV2025000001504","2025-06-19","167.81","1"
"120-10-002","SIV2025000001505","2025-06-19","197.67","2"
"120-02-018","SIV2025000001506","2025-06-19","6538.56","0"
"320-02-003","SIV2025000001507","2025-06-19","22708.82","0"
"120-03-002","SIV2025000001508","2025-06-19","24.12","1"
"120-10-001","SIV2025000001509","2025-06-20","2464.52","0"
"120-15-011","SIV2025000001510","2025-06-20","162.80","1"
"A03229","SIV2025000001511","2025-06-20","922.97","2"
"120-03-001","SIV2025000001512","2025-06-20","214.06","1"
"120-01-011","SIV2025000001513","2025-06-20","532.56","1"
"120-02-007","SIV2025000001514","2025-06-20","31.46","1"
"120-02-014","SIV2025000001515","2025-06-20","287.01","2"
"120-07-003","SIV2025000001516","2025-06-20","1127.60","1"
"120-10-019","SIV2025000001517","2025-06-20","12752.34","0"
"120-07-011","SIV2025000001518","2025-06-20","164.69","1"
"A04929","SIV2025000001519","2025-06-20","4432.14","0"
"120-07-002","SIV2025000001520","2025-06-20","5614.27","0"
"120-03-006","SIV2025000001521","2025-06-20","8699.74","0"
"120-15-014","SIV2025000001522","2025-06-20","29.24","2"
"S05728","SIV2025000001523","2025-06-20","381.49","1"
"A09133","SIV2025000001524","2025-06-20","159.10","1"
"120-01-011","SIV2025000001525","2025-06-23","9801.04","0"
"120-02-009","SIV2025000001526","2025-06-23","4533.01","0"
"120-07-003","SIV2025000001527","2025-06-23","188.36","1"
"120-15-001","SIV2025000001528","2025-06-23","5501.18","0"
"A03229","SIV2025000001529","2025-06-23","6578.50","0"
"120-02-011","SIV2025000001530","2025-06-23","164.19","1"
"A06188","SIV2025000001531","2025-06-23","19819.13","0"
"120-03-001","SIV2025000001532","2025-06-23","94.20","1"
"120-15-016","SIV2025000001533","2025-06-23","483.90","1"
"320-02-013","SIV2025000001534","2025-06-23","610.08","2"
"320-02-012","SIV2025000001535","2025-06-23","4055.45","1"
"A09133","SIV2025000001536","2025-06-23","21.41","2"
"120-03-002","SIV2025000001537","2025-06-23","628.56","1"
"A03229","SIV2025000001538","2025-06-24","14886.94","0"
"120-20-001","SIV2025000001539","2025-06-24","422.62","1"
"120-20-001","SIV2025000001540","2025-06-24","206.42","1"
"120-05-008","SIV2025000001541","2025-06-24","228.66","2"
"120-05-030","SIV2025000001542","2025-06-24","214.30","1"
"120-05-002","SIV2025000001543","2025-06-24","405.68","1"
"120-05-011","SIV2025000001544","2025-06-24","236.13","1"
"120-05-005","SIV2025000001545","2025-06-24","226.24","2"
"120-03-010","SIV2025000001546","2025-06-24","206.10","1"
"A07501","SIV2025000001547","2025-06-24","9638.21","0"
"S06403","SIV2025000001548","2025-06-24","317.05","1"
"320-02-006","SIV2025000001549","2025-06-24","2532.49","1"
"120-15-007","SIV2025000001550","2025-06-25","954.55","1"
"120-10-008","SIV2025000001551","2025-06-25","411.84","2"
"120-10-006","SIV2025000001552","2025-06-25","107.29","2"
"120-03-006","SIV2025000001553","2025-06-25","5291.51","0"
"120-10-006","SIV2025000001554","2025-06-25","5307.61","0"
"A04929","SIV2025000001555","2025-06-25","242.10","2"
"120-15-018","SIV2025000001556","2025-06-25","47.65","1"
"120-05-002","SIV2025000001557","2025-06-25","525.43","1"
"120-02-002","SIV2025000001558","2025-06-25","260.46","2"
"A00247","SIV2025000001559","2025-06-25","6097.97","0"
"320-02-004","SIV2025000001560","2025-06-25","1760.67","1"
"A09133","SIV2025000001561","2025-06-25","342.10","2"
"A09133","SIV2025000001562","2025-06-25","144.78","1"
"120-01-015","SIV2025000001563","2025-06-26","10319.09","0"
"120-20-001","SIV2025000001564","2025-06-26","288.28","1"
"120-02-007","SIV2025000001565","2025-06-26","5468.34","0"
"120-02-008","SIV2025000001566","2025-06-26","757.91","2"
"120-15-014","SIV2025000001567","2025-06-26","142.27","1"
"120-07-003","SIV2025000001568","2025-06-26","92.34","1"
"120-03-007","SIV2025000001569","2025-06-26","101.00","2"
"A03229","SIV2025000001570","2025-06-26","13334.78","0"
"120-05-009","SIV2025000001571","2025-06-26","243.05","2"
"120-05-002","SIV2025000001572","2025-06-26","16942.55","0"
"120-10-016","SIV2025000001573","2025-06-26","375.24","1"
"120-10-005","SIV2025000001574","2025-06-26","168.89","1"
"120-05-002","SIV2025000001575","2025-06-26","4216.72","0"
"120-03-004","SIV2025000001576","2025-06-26","124.41","1"
"320-02-013","SIV2025000001577","2025-06-26","1434.89","2"
"A09133","SIV2025000001578","2025-06-26","151.07","1"
"A09133","SIV2025000001579","2025-06-26","43.60","1"
"120-07-015","SIV2025000001580","2025-06-27","305.01","1"
"A06429","SIV2025000001581","2025-06-27","163.17","1"
"A07669","SIV2025000001582","2025-06-27","1186.06","0"
"120-07-006","SIV2025000001583","2025-06-27","115.39","1"
"120-03-001","SIV2025000001584","2025-06-27","515.70","2"
"120-01-001","SIV2025000001585","2025-06-27","420.86","2"
"120-15-004","SIV2025000001586","2025-06-27","409.45","1"
"120-05-008","SIV2025000001587","2025-06-27","134.52","1"
"120-20-001","SIV2025000001588","2025-06-27","63.64","1"
"120-03-002","SIV2025000001589","2025-06-27","89.30","1"
"120-07-011","SIV2025000001590","2025-06-30","774.71","1"
"120-05-002","SIV2025000001591","2025-06-30","4331.26","0"
"120-03-007","SIV2025000001592","2025-06-30","5002.94","0"
"120-15-008","SIV2025000001593","2025-06-30","5032.75","0"
"120-05-025","SIV2025000001594","2025-06-30","13309.85","0"
"120-01-006","SIV2025000001595","2025-06-30","414.57","2"
"120-10-008","SIV2025000001596","2025-06-30","78.90","1"
"120-05-005","SIV2025000001597","2025-06-30","16014.70","0"
"120-02-015","SIV2025000001598","2025-06-30","593.67","1"
"A09369","SIV2025000001599","2025-06-30","638.61","1"
"120-05-006","SIV2025000001600","2025-06-30","17231.90","0"
"A04902","SIV2025000001601","2025-06-30","197.89","1"
"320-02-012","SIV2025000001602","2025-06-30","1785.47","2"
"120-03-002","SIV2025000001603","2025-06-30","144.62","2"
"120-07-013","SIV2025000001604","2025-07-01","485.41","1"
"120-05-011","SIV2025000001605","2025-07-01","11114.93","0"
"120-15-012","SIV2025000001606","2025-07-01","754.26","1"
"A02452","SIV2025000001607","2025-07-01","328.89","2"
"120-03-011","SIV2025000001608","2025-07-01","3440.59","0"
"120-03-001","SIV2025000001609","2025-07-01","24208.52","0"
"120-05-003","SIV2025000001610","2025-07-01","231.80","1"
"120-05-011","SIV2025000001611","2025-07-01","33.29","2"
"120-12-001","SIV2025000001612","2025-07-01","116.44","1"
"120-15-003","SIV2025000001613","2025-07-01","3768.13","0"
"A02452","SIV2025000001614","2025-07-01","543.81","1"
"120-12-004","SIV2025000001615","2025-07-01","18.01","2"
"120-02-018","SIV2025000001616","2025-07-01","165.53","2"
"120-07-012","SIV2025000001617","2025-07-01","246.48","1"
"120-05-011","SIV2025000001618","2025-07-01","15118.78","0"
"120-03-002","SIV2025000001619","2025-07-01","29.57","1"
"120-03-002","SIV2025000001620","2025-07-01","2929.87","0"
"A04929","SIV2025000001621","2025-07-02","240.70","2"
"120-05-011","SIV2025000001622","2025-07-02","11101.93","0"
"120-20-001","SIV2025000001623","2025-07-02","105.83","1"
"120-02-018","SIV2025000001624","2025-07-02","272.58","1"
"120-01-009","SIV2025000001625","2025-07-02","57.41","1"
"120-05-003","SIV2025000001626","2025-07-02","500.35","2"
"120-05-002","SIV2025000001627","2025-07-02","225.41","2"
"120-01-018","SIV2025000001628","2025-07-02","220.14","1"
"120-15-011","SIV2025000001629","2025-07-02","179.29","1"
"120-16-001","SIV2025000001630","2025-07-02","625.56","1"
"120-05-012","SIV2025000001631","2025-07-02","193.75","1"
"120-10-015","SIV2025000001632","2025-07-02","96.03","1"
"120-03-002","SIV2025000001633","2025-07-02","172.99","0"
"120-03-002","SIV2025000001634","2025-07-02","71.02","2"
"120-02-014","SIV2025000001635","2025-07-03","95.38","1"
"120-05-011","SIV2025000001636","2025-07-03","6.41","1"
"120-07-003","SIV2025000001637","2025-07-03","163.33","2"
"120-05-002","SIV2025000001638","2025-07-03","501.06","1"
"120-07-013","SIV2025000001639","2025-07-03","14714.28","0"
"120-01-011","SIV2025000001640","2025-07-03","122.41","1"
"A03784","SIV2025000001641","2025-07-03","957.70","2"
"A01157","SIV2025000001642","2025-07-03","167.84","1"
"120-02-014","SIV2025000001643","2025-07-03","321.38","2"
"120-05-011","SIV2025000001644","2025-07-03","165.21","1"
"120-05-030","SIV2025000001645","2025-07-03","459.76","2"
"120-03-001","SIV2025000001646","2025-07-03","222.83","2"
"120-02-007","SIV2025000001647","2025-07-03","15409.82","0"
"A06429","SIV2025000001648","2025-07-03","6012.37","0"
"120-10-010","SIV2025000001649","2025-07-03","78.83","1"
"120-15-002","SIV2025000001650","2025-07-03","111.37","1"
"320-02-013","SIV2025000001651","2025-07-03","11873.88","0"
"A09133","SIV2025000001652","2025-07-03","4931.90","0"
"A09133","SIV2025000001653","2025-07-03","168.34","2"
"120-15-002","SIV2025000001654","2025-07-04","11503.37","0"
"120-15-012","SIV2025000001655","2025-07-04","86.19","1"
"120-02-008","SIV2025000001656","2025-07-04","647.13","2"
"120-01-018","SIV2025000001657","2025-07-04","987.18","0"
"120-07-015","SIV2025000001658","2025-07-04","2949.00","0"
"A00247","SIV2025000001659","2025-07-04","368.24","1"
"120-01-012","SIV2025000001660","2025-07-04","110.80","1"
"120-01-020","SIV2025000001661","2025-07-04","782.59","1"
"120-15-008","SIV2025000001662","2025-07-04","10656.74","0"
"120-03-001","SIV2025000001663","2025-07-04","3403.12","0"
"A02452","SIV2025000001664","2025-07-04","160.49","1"
"A09133","SIV2025000001665","2025-07-04","139.48","1"
"120-15-016","SIV2025000001666","2025-07-07","2031.91","0"
"120-03-001","SIV2025000001667","2025-07-07","6999.28","0"
"120-02-015","SIV2025000001668","2025-07-07","388.87","1"
"120-15-004","SIV2025000001669","2025-07-07","33.93","1"
"120-07-011","SIV2025000001670","2025-07-07","691.54","2"
"120-05-015","SIV2025000001671","2025-07-07","279.62","1"
"A06429","SIV2025000001672","2025-07-07","346.48","2"
"A03784","SIV2025000001673","2025-07-07","10415.46","0"
"120-05-011","SIV2025000001674","2025-07-07","16463.52","0"
"120-02-014","SIV2025000001675","2025-07-07","520.65","1"
"120-05-008","SIV2025000001676","2025-07-07","13729.62","0"
"120-01-018","SIV2025000001677","2025-07-07","78.77","1"
"A06429","SIV2025000001678","2025-07-07","491.62","1"
"120-05-027","SIV2025000001679","2025-07-07","19507.99","0"
"320-02-012","SIV2025000001680","2025-07-07","18766.52","0"
"120-03-002","SIV2025000001681","2025-07-07","10899.36","0"
"120-03-002","SIV2025000001682","2025-07-07","242.99","2"
"120-03-002","SIV2025000001683","2025-07-07","193.97","1"
"120-01-009","SIV2025000001684","2025-07-08","19.69","1"
"120-10-010","SIV2025000001685","2025-07-08","55.50","2"
"120-15-008","SIV2025000001686","2025-07-08","364.99","2"
"120-03-011","SIV2025000001687","2025-07-08","1071.66","1"
"120-15-008","SIV2025000001688","2025-07-08","351.20","1"
"120-03-001","SIV2025000001689","2025-07-08","142.74","2"
"120-03-001","SIV2025000001690","2025-07-08","246.31","1"
"320-02-011","SIV2025000001691","2025-07-08","1648.50","1"
"120-03-002","SIV2025000001692","2025-07-08","77.06","1"
"A09133","SIV2025000001693","2025-07-08","384.58","0"
"A09133","SIV2025000001694","2025-07-08","125.28","1"
"A05210","SIV2025000001695","2025-07-09","303.93","1"
"120-03-001","SIV2025000001696","2025-07-09","7500.01","0"
"A07669","SIV2025000001697","2025-07-09","30.21","2"
"120-05-008","SIV2025000001698","2025-07-09","456.02","1"
"120-05-030","SIV2025000001699","2025-07-09","75.53","1"
"120-01-024","SIV2025000001700","2025-07-09","48.03","1"
"120-07-003","SIV2025000001701","2025-07-09","7275.24","0"
"120-01-001","SIV2025000001702","2025-07-09","82.90","2"
"120-10-010","SIV2025000001703","2025-07-09","2598.49","0"
"120-05-003","SIV2025000001704","2025-07-09","535.21","1"
"120-07-007","SIV2025000001705","2025-07-09","95.86","2"
"120-20-001","SIV2025000001706","2025-07-09","136.27","1"
"320-02-001","SIV2025000001707","2025-07-09","2413.32","1"
"320-02-001","SIV2025000001708","2025-07-09","1000.07","1"
"120-03-002","SIV2025000001709","2025-07-09","56.10","1"
"120-12-001","SIV2025000001710","2025-07-10","356.41","2"
"A04929","SIV2025000001711","2025-07-10","421.44","1"
"120-07-004","SIV2025000001712","2025-07-10","523.33","2"
"120-02-018","SIV2025000001713","2025-07-10","307.40","1"
"A03784","SIV2025000001714","2025-07-10","4524.94","0"
"A03229","SIV2025000001715","2025-07-10","11479.30","0"
"120-10-012","SIV2025000001716","2025-07-10","4016.05","0"
"120-02-014","SIV2025000001717","2025-07-10","709.38","1"
"120-05-002","SIV2025000001718","2025-07-10","14239.10","0"
"120-15-014","SIV2025000001719","2025-07-10","180.40","2"
"120-05-009","SIV2025000001720","2025-07-10","1566.84","0"
"S05728","SIV2025000001721","2025-07-10","1482.17","1"
"A09133","SIV2025000001722","2025-07-10","219.07","1"
"120-01-002","SIV2025000001723","2025-07-11","134.57","1"
"A00779","SIV2025000001724","2025-07-11","127.73","2"
"A07501","SIV2025000001725","2025-07-11","102.92","2"
"120-10-010","SIV2025000001726","2025-07-11","473.57","1"
"120-05-015","SIV2025000001727","2025-07-11","103.32","1"
"120-15-004","SIV2025000001728","2025-07-11","226.85","1"
"120-05-011","SIV2025000001729","2025-07-11","75.29","1"
"120-03-001","SIV2025000001730","2025-07-11","402.72","1"
"120-03-006","SIV2025000001731","2025-07-11","4397.23","0"
"120-10-011","SIV2025000001732","2025-07-11","1995.31","0"
"120-12-004","SIV2025000001733","2025-07-11","48.04","1"
"120-01-012","SIV2025000001734","2025-07-11","217.66","1"
"120-02-004","SIV2025000001735","2025-07-11","129.46","2"
"A02704","SIV2025000001736","2025-07-11","147.98","1"
"S05728","SIV2025000001737","2025-07-11","393.30","2"
"320-02-004","SIV2025000001738","2025-07-11","745.12","1"
"A09133","SIV2025000001739","2025-07-11","644.02","0"
"120-02-002","SIV2025000001740","2025-07-14","3369.49","0"
"120-05-030","SIV2025000001741","2025-07-14","11366.70","0"
"120-10-004","SIV2025000001742","2025-07-14","86.91","1"
"120-05-028","SIV2025000001743","2025-07-14","11291.64","0"
"120-15-009","SIV2025000001744","2025-07-14","4801.94","0"
"120-05-002","SIV2025000001745","2025-07-14","202.04","2"
"120-01-006","SIV2025000001746","2025-07-14","4438.19","0"
"120-01-009","SIV2025000001747","2025-07-14","107.47","1"
"320-02-004","SIV2025000001748","2025-07-14","1115.28","1"
"A09133","SIV2025000001749","2025-07-14","200.47","1"
"120-12-004","SIV2025000001750","2025-07-16","65.65","1"
"A02452","SIV2025000001751","2025-07-16","2543.48","0"
"120-02-014","SIV2025000001752","2025-07-16","12435.54","0"
"120-02-016","SIV2025000001753","2025-07-16","467.87","1"
"120-10-012","SIV2025000001754","2025-07-16","360.20","1"
"120-12-001","SIV2025000001755","2025-07-16","246.62","1"
"120-01-017","SIV2025000001756","2025-07-16","900.93","2"
"A03784","SIV2025000001757","2025-07-16","536.83","2"
"A04921","SIV2025000001758","2025-07-16","178.70","2"
"A02452","SIV2025000001759","2025-07-16","15035.93","0"
"120-15-002","SIV2025000001760","2025-07-16","378.32","2"
"120-07-007","SIV2025000001761","2025-07-16","633.90","2"
"A04929","SIV2025000001762","2025-07-16","261.36","1"
"120-05-005","SIV2025000001763","2025-07-16","359.33","2"
"320-02-001","SIV2025000001764","2025-07-16","2379.60","1"
"S06403","SIV2025000001765","2025-07-16","565.33","1"
"320-02-006","SIV2025000001766","2025-07-16","1484.03","2"
"A09133","SIV2025000001767","2025-07-16","159.55","1"
"A09133","SIV2025000001768","2025-07-16","77.54","2"
"A09133","SIV2025000001769","2025-07-16","5474.58","0"
"A05497","SIV2025000001770","2025-07-17","157.24","2"
"A05497","SIV2025000001771","2025-07-17","6005.82","0"
"120-15-001","SIV2025000001772","2025-07-17","534.08","1"
"120-12-001","SIV2025000001773","2025-07-17","253.50","1"
"120-07-007","SIV2025000001774","2025-07-17","16261.32","0"
"A05210","SIV2025000001775","2025-07-17","180.05","2"
"120-20-001","SIV2025000001776","2025-07-17","511.72","1"
"120-03-010","SIV2025000001777","2025-07-17","115.96","1"
"120-15-014","SIV2025000001778","2025-07-17","8150.46","0"
"120-05-008","SIV2025000001779","2025-07-17","22423.02","0"
"120-02-018","SIV2025000001780","2025-07-17","582.22","1"
"120-20-001","SIV2025000001781","2025-07-17","349.92","1"
"120-20-001","SIV2025000001782","2025-07-17","40.00","2"
"120-15-012","SIV2025000001783","2025-07-17","9447.80","0"
"120-02-014","SIV2025000001784","2025-07-17","352.28","1"
"320-02-016","SIV2025000001785","2025-07-17","1134.85","2"
"A09133","SIV2025000001786","2025-07-17","1305.88","0"
"A09133","SIV2025000001787","2025-07-17","834.86","0"
"120-07-015","SIV2025000001788","2025-07-18","1661.83","0"
"120-05-008","SIV2025000001789","2025-07-18","326.86","1"
"120-05-024","SIV2025000001790","2025-07-18","400.03","1"
"120-03-006","SIV2025000001791","2025-07-18","54.25","2"
"120-03-001","SIV2025000001792","2025-07-18","480.19","1"
"120-01-006","SIV2025000001793","2025-07-18","120.71","2"
"120-07-013","SIV2025000001794","2025-07-18","581.37","1"
"A00247","SIV2025000001795","2025-07-18","285.82","1"
"A06429","SIV2025000001796","2025-07-18","34.80","1"
"120-02-009","SIV2025000001797","2025-07-18","841.97","0"
"120-02-007","SIV2025000001798","2025-07-18","345.02","1"
"120-02-007","SIV2025000001799","2025-07-18","352.75","1"
"120-15-014","SIV2025000001800","2025-07-18","123.43","2"
"120-01-003","SIV2025000001801","2025-07-18","1231.35","1"
"320-02-001","SIV2025000001802","2025-07-18","1618.38","2"
"S05728","SIV2025000001803","2025-07-18","739.45","2"
"S06202","SIV2025000001804","2025-07-18","716.82","1"
"120-03-002","SIV2025000001805","2025-07-18","104.66","2"
"120-07-012","SIV2025000001806","2025-07-21","208.67","1"
"120-01-024","SIV2025000001807","2025-07-21","94.27","1"
"120-07-005","SIV2025000001808","2025-07-21","522.36","1"
"A06429","SIV2025000001809","2025-07-21","1863.34","0"
"120-10-006","SIV2025000001810","2025-07-21","47.04","1"
"120-02-011","SIV2025000001811","2025-07-21","13837.70","0"
"120-01-015","SIV2025000001812","2025-07-21","8451.79","0"
"120-15-006","SIV2025000001813","2025-07-21","144.67","1"
"A01157","SIV2025000001814","2025-07-21","209.10","1"
"120-01-007","SIV2025000001815","2025-07-21","156.32","1"
"120-02-010","SIV2025000001816","2025-07-21","918.65","0"
"120-02-014","SIV2025000001817","2025-07-21","139.98","2"
"120-03-001","SIV2025000001818","2025-07-21","3696.14","0"
"120-02-016","SIV2025000001819","2025-07-21","225.55","1"
"120-01-009","SIV2025000001820","2025-07-21","495.56","1"
"120-10-013","SIV2025000001821","2025-07-21","201.87","2"
"320-02-001","SIV2025000001822","2025-07-21","63436.12","0"
"A09133","SIV2025000001823","2025-07-21","125.86","1"
"120-10-011","SIV2025000001824","2025-07-22","6859.96","0"
"120-02-012","SIV2025000001825","2025-07-22","97.67","2"
"120-05-007","SIV2025000001826","2025-07-22","161.52","1"
"120-15-015","SIV2025000001827","2025-07-22","33687.64","0"
"120-10-001","SIV2025000001828","2025-07-22","40.78","2"
"A02452","SIV2025000001829","2025-07-22","73.46","1"
"120-20-001","SIV2025000001830","2025-07-22","362.77","1"
"120-12-001","SIV2025000001831","2025-07-22","503.29","1"
"120-03-010","SIV2025000001832","2025-07-22","100.47","1"
"120-02-008","SIV2025000001833","2025-07-22","51.21","1"
"120-16-001","SIV2025000001834","2025-07-22","461.79","2"
"120-20-001","SIV2025000001835","2025-07-22","568.79","2"
"120-05-013","SIV2025000001836","2025-07-22","508.39","1"
"120-02-003","SIV2025000001837","2025-07-22","9745.09","0"
"120-05-002","SIV2025000001838","2025-07-22","308.10","1"
"S06403","SIV2025000001839","2025-07-22","210.50","2"
"320-02-001","SIV2025000001840","2025-07-22","4617.34","1"
"120-03-002","SIV2025000001841","2025-07-22","7200.95","0"
"120-03-002","SIV2025000001842","2025-07-22","276.24","1"
"120-02-015","SIV2025000001843","2025-07-23","164.86","1"
"120-05-002","SIV2025000001844","2025-07-23","443.19","1"
"120-01-019","SIV2025000001845","2025-07-23","10447.19","0"
"120-02-008","SIV2025000001846","2025-07-23","23352.47","0"
"A00247","SIV2025000001847","2025-07-23","823.42","1"
"120-05-023","SIV2025000001848","2025-07-23","178.29","2"
"120-02-007","SIV2025000001849","2025-07-23","360.77","1"
"120-15-003","SIV2025000001850","2025-07-23","68.62","1"
"120-05-005","SIV2025000001851","2025-07-23","254.63","1"
"120-10-015","SIV2025000001852","2025-07-23","277.87","1"
"120-05-002","SIV2025000001853","2025-07-23","477.48","1"
"120-01-001","SIV2025000001854","2025-07-23","214.80","1"
"120-12-009","SIV2025000001855","2025-07-23","413.18","1"
"A00911","SIV2025000001856","2025-07-24","345.53","2"
"120-10-010","SIV2025000001857","2025-07-24","310.97","2"
"120-12-002","SIV2025000001858","2025-07-24","395.41","2"
"120-03-006","SIV2025000001859","2025-07-24","140.44","1"
"120-01-021","SIV2025000001860","2025-07-24","74.01","1"
"120-05-004","SIV2025000001861","2025-07-24","216.28","2"
"A06188","SIV2025000001862","2025-07-24","59.28","1"
"A07669","SIV2025000001863","2025-07-24","465.78","1"
"120-01-022","SIV2025000001864","2025-07-24","76.27","1"
"120-01-022","SIV2025000001865","2025-07-24","165.37","1"
"A07501","SIV2025000001866","2025-07-24","425.80","2"
"120-02-013","SIV2025000001867","2025-07-24","92.30","1"
"120-02-009","SIV2025000001868","2025-07-24","400.63","0"
"120-01-006","SIV2025000001869","2025-07-24","333.42","1"
"320-02-011","SIV2025000001870","2025-07-24","194.52","1"
"120-10-008","SIV2025000001871","2025-07-25","54.99","2"
"120-15-004","SIV2025000001872","2025-07-25","16902.41","0"
"120-15-004","SIV2025000001873","2025-07-25","7264.97","0"
"120-01-020","SIV2025000001874","2025-07-25","464.64","1"
"A00911","SIV2025000001875","2025-07-25","29851.67","0"
"120-02-014","SIV2025000001876","2025-07-25","691.25","1"
"A03229","SIV2025000001877","2025-07-25","6109.48","0"
"120-03-011","SIV2025000001878","2025-07-25","11973.02","0"
"A00247","SIV2025000001879","2025-07-25","226.88","2"
"A00247","SIV2025000001880","2025-07-25","116.59","1"
"120-01-002","SIV2025000001881","2025-07-25","194.69","2"
"120-02-017","SIV2025000001882","2025-07-25","78.73","1"
"120-12-009","SIV2025000001883","2025-07-25","53.57","1"
"A04921","SIV2025000001884","2025-07-28","454.88","2"
"120-05-010","SIV2025000001885","2025-07-28","66.51","2"
"120-05-011","SIV2025000001886","2025-07-28","1078.83","1"
"120-05-007","SIV2025000001887","2025-07-28","8422.57","0"
"120-20-001","SIV2025000001888","2025-07-28","194.89","1"
"120-03-003","SIV2025000001889","2025-07-28","177.23","1"
"120-03-010","SIV2025000001890","2025-07-28","84.08","1"
"120-01-019","SIV2025000001891","2025-07-28","2173.84","0"
"120-15-004","SIV2025000001892","2025-07-28","862.72","1"
"120-07-013","SIV2025000001893","2025-07-28","11190.65","0"
"320-02-001","SIV2025000001894","2025-07-28","1084.00","1"
"320-02-013","SIV2025000001895","2025-07-28","1245.92","1"
"120-03-002","SIV2025000001896","2025-07-28","2291.16","0"
"120-03-002","SIV2025000001897","2025-07-28","113.26","2"
"A09133","SIV2025000001898","2025-07-28","31.31","1"
"120-03-002","SIV2025000001899","2025-07-28","114.72","1"
"A05019","SIV2025000001900","2025-07-29","8218.24","0"
"120-02-014","SIV2025000001901","2025-07-29","286.99","2"
"120-05-002","SIV2025000001902","2025-07-29","279.06","1"
"120-02-011","SIV2025000001903","2025-07-29","7191.85","0"
"120-02-018","SIV2025000001904","2025-07-29","875.95","1"
"120-15-003","SIV2025000001905","2025-07-29","82.25","1"
"120-15-013","SIV2025000001906","2025-07-29","3405.58","0"
"120-01-001","SIV2025000001907","2025-07-29","9576.19","0"
"120-15-019","SIV2025000001908","2025-07-29","7.36","1"
"A02452","SIV2025000001909","2025-07-29","9348.20","0"
"120-03-001","SIV2025000001910","2025-07-29","4150.73","0"
"120-10-001","SIV2025000001911","2025-07-29","301.59","1"
"120-02-011","SIV2025000001912","2025-07-29","3622.82","0"
"120-05-002","SIV2025000001913","2025-07-29","80.99","2"
"S05728","SIV2025000001914","2025-07-29","35339.95","0"
"120-15-018","SIV2025000001915","2025-07-30","457.33","1"
"120-02-017","SIV2025000001916","2025-07-30","1161.42","2"
"120-15-010","SIV2025000001917","2025-07-30","10529.47","0"
"120-03-001","SIV2025000001918","2025-07-30","703.42","1"
"120-02-009","SIV2025000001919","2025-07-30","9429.08","0"
"120-03-001","SIV2025000001920","2025-07-30","186.64","1"
"120-02-013","SIV2025000001921","2025-07-30","118.58","1"
"120-20-001","SIV2025000001922","2025-07-30","5152.91","0"
"120-01-022","SIV2025000001923","2025-07-30","14506.85","0"
"120-02-010","SIV2025000001924","2025-07-30","113.03","1"
"120-01-022","SIV2025000001925","2025-07-30","333.16","1"
"120-02-003","SIV2025000001926","2025-07-30","262.04","1"
"A03229","SIV2025000001927","2025-07-30","179.55","1"
"120-01-015","SIV2025000001928","2025-07-30","429.23","1"
"320-02-004","SIV2025000001929","2025-07-30","2236.11","1"
"A09133","SIV2025000001930","2025-07-30","97.46","2"
"120-03-002","SIV2025000001931","2025-07-30","2455.74","0"
"A03229","SIV2025000001932","2025-07-31","217.53","1"
"120-05-002","SIV2025000001933","2025-07-31","344.59","1"
"120-10-021","SIV2025000001934","2025-07-31","2921.93","0"
"120-01-018","SIV2025000001935","2025-07-31","23806.66","0"
"120-03-001","SIV2025000001936","2025-07-31","168.45","1"
"120-05-020","SIV2025000001937","2025-07-31","2975.04","0"
"120-05-017","SIV2025000001938","2025-07-31","173.19","1"
"120-15-006","SIV2025000001939","2025-07-31","198.44","1"
"120-03-003","SIV2025000001940","2025-07-31","425.77","1"
"120-03-002","SIV2025000001941","2025-07-31","111.02","1"
"A09133","SIV2025000001942","2025-07-31","112.61","1"
"120-07-007","SIV2025000001943","2025-08-01","526.05","2"
"120-01-001","SIV2025000001944","2025-08-01","3571.34","0"
"120-10-010","SIV2025000001945","2025-08-01","460.15","2"
"120-02-017","SIV2025000001946","2025-08-01","47.12","1"
"120-01-002","SIV2025000001947","2025-08-01","55.54","1"
"120-07-011","SIV2025000001948","2025-08-01","25098.02","0"
"120-01-001","SIV2025000001949","2025-08-01","216.96","2"
"A02452","SIV2025000001950","2025-08-01","667.79","1"
"120-12-001","SIV2025000001951","2025-08-01","100.05","1"
"120-05-014","SIV2025000001952","2025-08-01","454.98","1"
"320-02-001","SIV2025000001953","2025-08-01","667.91","1"
"320-02-012","SIV2025000001954","2025-08-01","19768.19","0"
"320-02-012","SIV2025000001955","2025-08-01","1551.19","1"
"A09133","SIV2025000001956","2025-08-01","31.44","2"
"120-12-006","SIV2025000001957","2025-08-04","504.55","2"
"120-01-007","SIV2025000001958","2025-08-04","614.73","1"
"120-15-004","SIV2025000001959","2025-08-04","186.53","1"
"A00911","SIV2025000001960","2025-08-04","5052.02","0"
"120-02-018","SIV2025000001961","2025-08-04","98.93","2"
"120-05-013","SIV2025000001962","2025-08-04","285.32","1"
"120-01-006","SIV2025000001963","2025-08-04","211.66","1"
"120-10-008","SIV2025000001964","2025-08-04","7016.80","0"
"120-02-003","SIV2025000001965","2025-08-04","111.00","2"
"320-02-013","SIV2025000001966","2025-08-04","1568.28","1"
"120-01-006","SIV2025000001967","2025-08-05","183.77","1"
"120-15-004","SIV2025000001968","2025-08-05","346.38","1"
"120-05-002","SIV2025000001969","2025-08-05","269.12","2"
"120-15-002","SIV2025000001970","2025-08-05","8285.14","0"
"120-03-001","SIV2025000001971","2025-08-05","10790.12","0"
"120-20-001","SIV2025000001972","2025-08-05","189.41","1"
"120-07-003","SIV2025000001973","2025-08-05","20.39","2"
"120-02-009","SIV2025000001974","2025-08-05","704.07","1"
"120-07-012","SIV2025000001975","2025-08-05","8617.53","0"
"120-20-001","SIV2025000001976","2025-08-05","4848.67","0"
"S06403","SIV2025000001977","2025-08-05","40736.97","0"
"A09133","SIV2025000001978","2025-08-05","364.87","1"
"120-03-002","SIV2025000001979","2025-08-05","42.48","1"
"A09133","SIV2025000001980","2025-08-05","108.98","0"
"A05497","SIV2025000001981","2025-08-06","716.54","1"
"120-03-012","SIV2025000001982","2025-08-06","196.61","2"
"A05210","SIV2025000001983","2025-08-06","223.77","2"
"120-03-003","SIV2025000001984","2025-08-06","156.70","1"
"120-01-011","SIV2025000001985","2025-08-06","36.28","1"
"120-10-006","SIV2025000001986","2025-08-06","31705.38","0"
"320-02-012","SIV2025000001987","2025-08-06","972.31","1"
"120-03-002","SIV2025000001988","2025-08-06","207.62","2"
"120-02-015","SIV2025000001989","2025-08-07","148.16","2"
"120-05-011","SIV2025000001990","2025-08-07","740.54","1"
"120-07-007","SIV2025000001991","2025-08-07","138.72","2"
"A02452","SIV2025000001992","2025-08-07","11843.48","0"
"120-10-012","SIV2025000001993","2025-08-07","969.35","1"
"120-01-018","SIV2025000001994","2025-08-07","755.21","0"
"120-02-003","SIV2025000001995","2025-08-07","162.77","1"
"120-15-008","SIV2025000001996","2025-08-07","429.84","0"
"120-02-003","SIV2025000001997","2025-08-07","60.55","2"
"120-15-016","SIV2025000001998","2025-08-07","79.89","1"
"120-07-005","SIV2025000001999","2025-08-07","85.96","1"
"A04929","SIV2025000002000","2025-08-07","6540.98","0"
"120-05-017","SIV2025000002001","2025-08-07","807.96","0"
"120-05-003","SIV2025000002002","2025-08-07","148.06","1"
"120-07-015","SIV2025000002003","2025-08-07","363.82","2"
"S05728","SIV2025000002004","2025-08-07","26517.50","0"
"320-02-013","SIV2025000002005","2025-08-07","1928.28","1"
"120-03-002","SIV2025000002006","2025-08-07","983.14","0"
"120-03-002","SIV2025000002007","2025-08-07","90.44","1"
"120-12-009","SIV2025000002008","2025-08-07","89.82","1"
"120-03-002","SIV2025000002009","2025-08-07","192.43","1"
"120-01-011","SIV2025000002010","2025-08-08","13474.43","0"
"120-02-008","SIV2025000002011","2025-08-08","50.22","2"
"120-07-013","SIV2025000002012","2025-08-08","11112.91","0"
"120-10-001","SIV2025000002013","2025-08-08","192.28","2"
"120-20-001","SIV2025000002014","2025-08-08","16413.17","0"
"120-01-009","SIV2025000002015","2025-08-08","4878.67","0"
"120-01-022","SIV2025000002016","2025-08-08","3152.29","0"
"120-15-014","SIV2025000002017","2025-08-08","738.50","2"
"120-05-009","SIV2025000002018","2025-08-08","6321.36","0"
"A09369","SIV2025000002019","2025-08-08","169.80","1"
"120-10-005","SIV2025000002020","2025-08-08","8002.28","0"
"A00247","SIV2025000002021","2025-08-08","11314.34","0"
"S06202","SIV2025000002022","2025-08-08","1288.64","1"
"120-01-001","SIV2025000002023","2025-08-11","32565.92","0"
"120-03-011","SIV2025000002024","2025-08-11","296.13","1"
"120-03-010","SIV2025000002025","2025-08-11","12116.34","0"
"120-05-015","SIV2025000002026","2025-08-11","175.64","1"
"120-01-017","SIV2025000002027","2025-08-11","17210.18","0"
"120-12-002","SIV2025000002028","2025-08-11","531.95","2"
"120-01-018","SIV2025000002029","2025-08-11","62.34","2"
"120-05-024","SIV2025000002030","2025-08-11","312.06","1"
"120-03-005","SIV2025000002031","2025-08-11","3438.25","0"
"A08540","SIV2025000002032","2025-08-11","102.75","1"
"320-02-001","SIV2025000002033","2025-08-11","36199.46","0"
"S06403","SIV2025000002034","2025-08-11","24075.71","0"
"120-03-002","SIV2025000002035","2025-08-11","19.87","1"
"120-05-005","SIV2025000002036","2025-08-12","329.96","2"
"120-01-009","SIV2025000002037","2025-08-12","194.28","1"
"120-07-014","SIV2025000002038","2025-08-12","8393.26","0"
"120-01-011","SIV2025000002039","2025-08-12","1314.79","0"
"120-15-007","SIV2025000002040","2025-08-12","267.43","1"
"120-03-001","SIV2025000002041","2025-08-12","301.56","1"
"A00247","SIV2025000002042","2025-08-12","404.39","2"
"120-02-018","SIV2025000002043","2025-08-12","258.00","1"
"120-07-001","SIV2025000002044","2025-08-12","137.02","1"
"120-03-002","SIV2025000002045","2025-08-12","2059.44","0"
"120-01-005","SIV2025000002046","2025-08-13","782.93","1"
"A06188","SIV2025000002047","2025-08-13","225.45","1"
"120-01-021","SIV2025000002048","2025-08-13","36.87","1"
"120-05-008","SIV2025000002049","2025-08-13","4733.45","0"
"120-02-011","SIV2025000002050","2025-08-13","382.17","2"
"A01157","SIV2025000002051","2025-08-13","380.96","1"
"120-05-004","SIV2025000002052","2025-08-13","200.47","1"
"120-01-010","SIV2025000002053","2025-08-13","248.49","1"
"120-01-011","SIV2025000002054","2025-08-13","383.38","1"
"120-15-007","SIV2025000002055","2025-08-13","42.20","1"
"120-01-001","SIV2025000002056","2025-08-13","479.68","1"
"320-02-011","SIV2025000002057","2025-08-13","4010.07","1"
"320-02-001","SIV2025000002058","2025-08-13","725.68","1"
"320-02-001","SIV2025000002059","2025-08-13","1049.58","1"
"320-02-018","SIV2025000002060","2025-08-13","101564.95","0"
"S05728","SIV2025000002061","2025-08-13","57244.49","0"
"A09133","SIV2025000002062","2025-08-13","967.00","0"
"120-01-007","SIV2025000002063","2025-08-14","408.06","1"
"120-20-001","SIV2025000002064","2025-08-14","382.56","1"
"A02452","SIV2025000002065","2025-08-14","305.22","1"
"120-12-001","SIV2025000002066","2025-08-14","242.98","2"
"120-12-003","SIV2025000002067","2025-08-14","180.42","1"
"120-02-009","SIV2025000002068","2025-08-14","1956.91","0"
"120-05-019","SIV2025000002069","2025-08-14","8623.78","0"
"120-20-001","SIV2025000002070","2025-08-14","130.61","2"
"120-02-015","SIV2025000002071","2025-08-14","210.27","2"
"120-03-006","SIV2025000002072","2025-08-14","41.00","1"
"A03229","SIV2025000002073","2025-08-14","523.30","1"
"120-05-030","SIV2025000002074","2025-08-14","808.97","2"
"120-05-002","SIV2025000002075","2025-08-14","191.42","2"
"120-02-003","SIV2025000002076","2025-08-14","125.98","1"
"120-01-001","SIV2025000002077","2025-08-14","120.26","2"
"320-02-012","SIV2025000002078","2025-08-14","35947.91","0"
"120-03-002","SIV2025000002079","2025-08-14","49.25","2"
"120-05-015","SIV2025000002080","2025-08-15","208.02","1"
"120-01-022","SIV2025000002081","2025-08-15","282.57","2"
"120-03-005","SIV2025000002082","2025-08-15","235.49","2"
"120-15-006","SIV2025000002083","2025-08-15","611.38","0"
"120-07-015","SIV2025000002084","2025-08-15","6522.46","0"
"120-15-017","SIV2025000002085","2025-08-15","1489.04","0"
"120-07-007","SIV2025000002086","2025-08-15","184.85","1"
"120-07-009","SIV2025000002087","2025-08-15","295.00","1"
"120-10-018","SIV2025000002088","2025-08-15","15401.78","0"
"320-02-007","SIV2025000002089","2025-08-15","1855.93","1"
"320-02-001","SIV2025000002090","2025-08-15","2376.79","0"
"A03229","SIV2025000002091","2025-08-18","382.21","2"
"120-01-023","SIV2025000002092","2025-08-18","3805.69","0"
"120-15-016","SIV2025000002093","2025-08-18","190.73","1"
"120-01-022","SIV2025000002094","2025-08-18","439.22","2"
"120-15-014","SIV2025000002095","2025-08-18","144.53","1"
"120-02-018","SIV2025000002096","2025-08-18","292.71","1"
"120-05-030","SIV2025000002097","2025-08-18","206.73","1"
"120-05-010","SIV2025000002098","2025-08-18","134.67","2"
"120-02-009","SIV2025000002099","2025-08-18","132.41","1"
"320-02-013","SIV2025000002100","2025-08-18","1503.72","1"
"A09133","SIV2025000002101","2025-08-18","566.45","0"
"120-05-009","SIV2025000002102","2025-08-19","1141.89","1"
"120-01-006","SIV2025000002103","2025-08-19","68.13","1"
"A02452","SIV2025000002104","2025-08-19","3120.01","0"
"320-02-013","SIV2025000002105","2025-08-19","16414.81","0"
"320-02-005","SIV2025000002106","2025-08-19","39.81","1"
"120-03-002","SIV2025000002107","2025-08-19","2551.37","0"
"120-02-003","SIV2025000002108","2025-08-20","133.07","1"
"120-02-003","SIV2025000002109","2025-08-20","408.74","1"
"120-07-011","SIV2025000002110","2025-08-20","191.19","1"
"120-02-014","SIV2025000002111","2025-08-20","224.89","1"
"A05019","SIV2025000002112","2025-08-20","19695.16","0"
"120-02-012","SIV2025000002113","2025-08-20","4848.90","0"
"120-15-016","SIV2025000002114","2025-08-20","695.94","1"
"320-02-014","SIV2025000002115","2025-08-20","1341.05","1"
"320-02-018","SIV2025000002116","2025-08-20","29885.39","0"
"120-03-002","SIV2025000002117","2025-08-20","10671.79","0"
"120-02-014","SIV2025000002118","2025-08-21","15.65","1"
"A09369","SIV2025000002119","2025-08-21","30952.80","0"
"120-10-021","SIV2025000002120","2025-08-21","261.73","1"
"A03229","SIV2025000002121","2025-08-21","163.64","1"
"120-02-015","SIV2025000002122","2025-08-21","251.36","1"
"A04111","SIV2025000002123","2025-08-21","15404.33","0"
"120-02-014","SIV2025000002124","2025-08-21","201.32","2"
"120-02-018","SIV2025000002125","2025-08-21","1497.24","0"
"A05019","SIV2025000002126","2025-08-21","4098.11","0"
"120-01-018","SIV2025000002127","2025-08-21","356.88","1"
"120-01-003","SIV2025000002128","2025-08-21","442.69","1"
"120-07-015","SIV2025000002129","2025-08-21","128.92","1"
"120-07-006","SIV2025000002130","2025-08-21","2881.91","0"
"S05728","SIV2025000002131","2025-08-21","537.25","1"
"A09133","SIV2025000002132","2025-08-21","216.10","2"
"120-15-004","SIV2025000002133","2025-08-22","7192.94","0"
"120-01-014","SIV2025000002134","2025-08-22","245.60","1"
"A04616","SIV2025000002135","2025-08-22","918.67","2"
"A02452","SIV2025000002136","2025-08-22","224.87","2"
"120-15-014","SIV2025000002137","2025-08-22","2998.28","0"
"120-07-011","SIV2025000002138","2025-08-22","25.21","2"
"120-01-023","SIV2025000002139","2025-08-22","1413.41","1"
"120-02-018","SIV2025000002140","2025-08-22","433.32","1"
"120-10-009","SIV2025000002141","2025-08-22","5617.70","0"
"120-05-003","SIV2025000002142","2025-08-22","29.28","1"
"120-01-022","SIV2025000002143","2025-08-22","269.67","1"
"120-02-015","SIV2025000002144","2025-08-22","176.82","1"
"S05728","SIV2025000002145","2025-08-22","26942.65","0"
"S06403","SIV2025000002146","2025-08-22","21413.82","0"
"320-02-007","SIV2025000002147","2025-08-22","990.35","2"
"120-03-002","SIV2025000002148","2025-08-22","117.24","2"
"A09133","SIV2025000002149","2025-08-22","266.83","2"
"A09133","SIV2025000002150","2025-08-22","120.50","1"
"A09133","SIV2025000002151","2025-08-22","11912.75","0"
"120-03-002","SIV2025000002152","2025-08-22","52.27","1"
"A09133","SIV2025000002153","2025-08-22","20.24","1"
"120-10-007","SIV2025000002154","2025-08-25","416.62","1"
"A00911","SIV2025000002155","2025-08-25","77.07","2"
"120-10-006","SIV2025000002156","2025-08-25","77.69","2"
"120-05-005","SIV2025000002157","2025-08-25","7577.64","0"
"120-10-007","SIV2025000002158","2025-08-25","187.83","1"
"120-05-005","SIV2025000002159","2025-08-25","3351.29","0"
"120-03-002","SIV2025000002160","2025-08-25","5830.37","0"
"120-05-019","SIV2025000002161","2025-08-26","326.38","1"
"120-05-013","SIV2025000002162","2025-08-26","19115.71","0"
"120-07-013","SIV2025000002163","2025-08-26","5384.82","0"
"120-05-015","SIV2025000002164","2025-08-26","176.76","2"
"120-15-016","SIV2025000002165","2025-08-26","364.98","1"
"120-10-018","SIV2025000002166","2025-08-26","328.74","1"
"120-02-003","SIV2025000002167","2025-08-26","276.24","1"
"120-10-001","SIV2025000002168","2025-08-26","177.19","1"
"A03229","SIV2025000002169","2025-08-26","242.26","1"
"120-01-024","SIV2025000002170","2025-08-26","823.99","1"
"120-12-009","SIV2025000002171","2025-08-26","56.08","2"
"120-03-002","SIV2025000002172","2025-08-26","230.18","1"
"120-03-001","SIV2025000002173","2025-08-27","15103.20","0"
"120-07-005","SIV2025000002174","2025-08-27","2258.51","0"
"120-10-005","SIV2025000002175","2025-08-27","1766.66","0"
"A03229","SIV2025000002176","2025-08-27","181.77","1"
"120-01-023","SIV2025000002177","2025-08-27","353.45","2"
"120-05-008","SIV2025000002178","2025-08-27","610.98","1"
"320-02-012","SIV2025000002179","2025-08-27","917.73","1"
"A09133","SIV2025000002180","2025-08-27","3499.40","0"
"120-02-002","SIV2025000002181","2025-08-28","227.22","1"
"120-02-011","SIV2025000002182","2025-08-28","295.00","1"
"120-07-013","SIV2025000002183","2025-08-28","380.68","2"
"120-05-009","SIV2025000002184","2025-08-28","7222.90","0"
"120-01-024","SIV2025000002185","2025-08-28","599.17","1"
"120-15-013","SIV2025000002186","2025-08-28","263.27","1"
"A00247","SIV2025000002187","2025-08-28","9536.33","0"
"320-02-013","SIV2025000002188","2025-08-28","35862.74","0"
"120-03-002","SIV2025000002189","2025-08-28","5780.60","0"
"120-03-002","SIV2025000002190","2025-08-28","153.64","1"
"120-05-026","SIV2025000002191","2025-08-29","444.13","1"
"120-10-010","SIV2025000002192","2025-08-29","88.04","1"
"120-05-015","SIV2025000002193","2025-08-29","414.46","1"
"120-01-014","SIV2025000002194","2025-08-29","363.53","1"
"120-07-007","SIV2025000002195","2025-08-29","660.24","0"
"120-05-002","SIV2025000002196","2025-08-29","328.16","2"
"120-01-022","SIV2025000002197","2025-08-29","5165.12","0"
"120-05-008","SIV2025000002198","2025-08-29","67.61","1"
"320-02-013","SIV2025000002199","2025-08-29","21813.71","0"
"320-02-001","SIV2025000002200","2025-08-29","991.02","2"
"120-03-002","SIV2025000002201","2025-08-29","1406.60","0"
"120-03-002","SIV2025000002202","2025-08-29","49.68","2"
"120-03-002","SIV2025000002203","2025-08-29","43.97","1"
"120-02-014","SIV2025000002204","2025-09-01","444.09","2"
"120-15-002","SIV2025000002205","2025-09-01","6405.05","0"
"A03229","SIV2025000002206","2025-09-01","300.51","1"
"120-05-002","SIV2025000002207","2025-09-01","6316.56","0"
"120-05-019","SIV2025000002208","2025-09-01","7138.25","0"
"120-01-024","SIV2025000002209","2025-09-01","154.18","2"
"120-20-001","SIV2025000002210","2025-09-01","34.77","1"
"120-10-021","SIV2025000002211","2025-09-01","141.92","1"
"A09369","SIV2025000002212","2025-09-01","161.47","1"
"120-02-018","SIV2025000002213","2025-09-01","632.10","1"
"A07501","SIV2025000002214","2025-09-01","439.66","1"
"120-01-009","SIV2025000002215","2025-09-01","4128.78","0"
"120-12-001","SIV2025000002216","2025-09-01","302.78","1"
"120-02-014","SIV2025000002217","2025-09-01","133.84","1"
"120-20-001","SIV2025000002218","2025-09-01","296.35","1"
"120-05-002","SIV2025000002219","2025-09-01","339.47","1"
"120-05-003","SIV2025000002220","2025-09-01","670.01","1"
"320-02-006","SIV2025000002221","2025-09-01","1505.07","2"
"120-01-009","SIV2025000002222","2025-09-02","8563.99","0"
"120-02-014","SIV2025000002223","2025-09-02","188.48","2"
"120-01-024","SIV2025000002224","2025-09-02","2593.72","0"
"120-03-003","SIV2025000002225","2025-09-02","8256.82","0"
"120-01-001","SIV2025000002226","2025-09-02","18563.05","0"
"120-03-005","SIV2025000002227","2025-09-02","5968.33","0"
"120-02-007","SIV2025000002228","2025-09-02","916.27","1"
"A03229","SIV2025000002229","2025-09-02","908.81","2"
"120-10-006","SIV2025000002230","2025-09-02","33.53","2"
"120-05-003","SIV2025000002231","2025-09-02","110.59","1"
"320-02-013","SIV2025000002232","2025-09-02","47833.37","0"
"120-12-001","SIV2025000002233","2025-09-03","242.23","2"
"120-02-014","SIV2025000002234","2025-09-03","130.42","1"
"A05497","SIV2025000002235","2025-09-03","3867.37","0"
"120-01-020","SIV2025000002236","2025-09-03","5447.95","0"
"A03229","SIV2025000002237","2025-09-03","563.02","1"
"120-15-012","SIV2025000002238","2025-09-03","214.19","2"
"120-02-010","SIV2025000002239","2025-09-03","635.22","1"
"120-03-005","SIV2025000002240","2025-09-03","332.40","1"
"120-05-005","SIV2025000002241","2025-09-03","398.20","1"
"120-03-002","SIV2025000002242","2025-09-03","58.15","2"
"120-02-010","SIV2025000002243","2025-09-04","639.26","1"
"120-07-004","SIV2025000002244","2025-09-04","6175.08","0"
"120-15-018","SIV2025000002245","2025-09-04","103.92","1"
"120-03-010","SIV2025000002246","2025-09-04","44.02","1"
"A04929","SIV2025000002247","2025-09-04","10429.57","0"
"120-02-015","SIV2025000002248","2025-09-04","65.91","1"
"A02452","SIV2025000002249","2025-09-04","450.18","1"
"120-10-007","SIV2025000002250","2025-09-04","110.36","1"
"120-20-001","SIV2025000002251","2025-09-04","679.50","1"
"A00247","SIV2025000002252","2025-09-04","51.02","1"
"120-12-009","SIV2025000002253","2025-09-04","1471.34","0"
"120-07-013","SIV2025000002254","2025-09-05","808.76","1"
"120-07-005","SIV2025000002255","2025-09-05","4795.82","0"
"120-07-012","SIV2025000002256","2025-09-05","406.02","1"
"120-15-018","SIV2025000002257","2025-09-05","471.61","1"
"A03229","SIV2025000002258","2025-09-05","7374.29","0"
"120-01-019","SIV2025000002259","2025-09-05","115.06","2"
"A04828","SIV2025000002260","2025-09-05","429.41","1"
"120-02-008","SIV2025000002261","2025-09-05","45404.51","0"
"120-02-014","SIV2025000002262","2025-09-05","366.60","1"
"120-01-012","SIV2025000002263","2025-09-05","478.11","1"
"A09369","SIV2025000002264","2025-09-05","345.64","1"
"120-20-001","SIV2025000002265","2025-09-05","427.47","1"
"120-01-006","SIV2025000002266","2025-09-05","175.71","1"
"A02452","SIV2025000002267","2025-09-05","503.01","1"
"120-03-001","SIV2025000002268","2025-09-05","8270.02","0"
"120-12-002","SIV2025000002269","2025-09-05","225.74","1"
"120-10-004","SIV2025000002270","2025-09-05","8186.83","0"
"120-02-018","SIV2025000002271","2025-09-05","2466.62","0"
"120-02-014","SIV2025000002272","2025-09-05","1075.60","2"
"120-03-001","SIV2025000002273","2025-09-05","79.56","1"
"120-02-008","SIV2025000002274","2025-09-05","8649.35","0"
"A02452","SIV2025000002275","2025-09-08","656.13","1"
"120-01-008","SIV2025000002276","2025-09-08","9836.41","0"
"120-02-014","SIV2025000002277","2025-09-08","5796.95","0"
"120-05-030","SIV2025000002278","2025-09-08","9220.85","0"
"120-05-002","SIV2025000002279","2025-09-08","14315.45","0"
"120-10-019","SIV2025000002280","2025-09-08","93.46","2"
"120-01-014","SIV2025000002281","2025-09-08","124.59","1"
"320-02-016","SIV2025000002282","2025-09-08","40188.70","0"
"320-02-004","SIV2025000002283","2025-09-08","3907.85","0"
"120-03-002","SIV2025000002284","2025-09-08","45.77","1"
"120-03-002","SIV2025000002285","2025-09-08","2597.26","0"
"120-03-012","SIV2025000002286","2025-09-09","7120.02","0"
"120-01-001","SIV2025000002287","2025-09-09","3796.61","0"
"120-02-012","SIV2025000002288","2025-09-09","301.69","1"
"120-05-005","SIV2025000002289","2025-09-09","147.38","1"
"120-01-006","SIV2025000002290","2025-09-09","370.69","1"
"120-03-001","SIV2025000002291","2025-09-09","122.85","1"
"120-02-012","SIV2025000002292","2025-09-09","7191.48","0"
"120-01-001","SIV2025000002293","2025-09-09","281.78","2"
"120-15-003","SIV2025000002294","2025-09-09","28921.28","0"
"120-15-002","SIV2025000002295","2025-09-09","14875.10","0"
"120-15-011","SIV2025000002296","2025-09-09","554.99","0"
"120-15-013","SIV2025000002297","2025-09-09","98.80","1"
"120-05-016","SIV2025000002298","2025-09-09","160.03","1"
"120-10-005","SIV2025000002299","2025-09-09","266.00","1"
"S05728","SIV2025000002300","2025-09-09","570.69","1"
"S06403","SIV2025000002301","2025-09-09","20512.62","0"
"320-02-012","SIV2025000002302","2025-09-09","1131.49","1"
"120-03-002","SIV2025000002303","2025-09-09","147.46","1"
"A09369","SIV2025000002304","2025-09-10","476.27","1"
"120-05-011","SIV2025000002305","2025-09-10","100.65","2"
"120-01-018","SIV2025000002306","2025-09-10","6278.62","0"
"120-07-014","SIV2025000002307","2025-09-10","7739.06","0"
"120-03-001","SIV2025000002308","2025-09-10","83.19","1"
"120-01-024","SIV2025000002309","2025-09-10","72990.43","0"
"120-03-001","SIV2025000002310","2025-09-10","283.08","1"
"120-07-012","SIV2025000002311","2025-09-10","3687.47","0"
"A02452","SIV2025000002312","2025-09-10","567.69","1"
"120-05-002","SIV2025000002313","2025-09-10","613.96","1"
"320-02-014","SIV2025000002314","2025-09-10","1388.80","1"
"120-03-002","SIV2025000002315","2025-09-10","5402.20","0"
"120-03-002","SIV2025000002316","2025-09-10","116.21","1"
"120-03-002","SIV2025000002317","2025-09-10","41.14","1"
"120-03-002","SIV2025000002318","2025-09-10","215.58","1"
"120-03-002","SIV2025000002319","2025-09-10","140.59","1"
"120-05-002","SIV2025000002320","2025-09-11","271.45","1"
"A05497","SIV2025000002321","2025-09-11","517.53","1"
"A08540","SIV2025000002322","2025-09-11","1103.69","1"
"120-01-024","SIV2025000002323","2025-09-11","363.06","1"
"120-01-015","SIV2025000002324","2025-09-11","5552.70","0"
"A04929","SIV2025000002325","2025-09-11","359.50","1"
"120-16-001","SIV2025000002326","2025-09-11","4191.14","0"
"A07669","SIV2025000002327","2025-09-11","148.31","1"
"120-05-002","SIV2025000002328","2025-09-11","1046.20","2"
"120-07-003","SIV2025000002329","2025-09-11","3598.61","0"
"120-07-008","SIV2025000002330","2025-09-11","3903.24","0"
"120-10-008","SIV2025000002331","2025-09-11","33.66","1"
"120-05-028","SIV2025000002332","2025-09-11","5492.32","0"
"120-05-012","SIV2025000002333","2025-09-11","9192.04","0"
"A04929","SIV2025000002334","2025-09-11","564.58","0"
"120-07-003","SIV2025000002335","2025-09-11","175.61","1"
"120-01-023","SIV2025000002336","2025-09-11","527.73","1"
"S05728","SIV2025000002337","2025-09-11","20518.66","0"
"320-02-012","SIV2025000002338","2025-09-11","49192.14","0"
"A09133","SIV2025000002339","2025-09-11","801.12","0"
"120-03-002","SIV2025000002340","2025-09-11","88.85","1"
"120-15-014","SIV2025000002341","2025-09-12","472.00","2"
"120-01-009","SIV2025000002342","2025-09-12","390.94","1"
"120-03-004","SIV2025000002343","2025-09-12","5876.53","0"
"A04616","SIV2025000002344","2025-09-12","1605.65","1"
"120-02-014","SIV2025000002345","2025-09-12","368.34","2"
"120-10-006","SIV2025000002346","2025-09-12","290.29","1"
"A07501","SIV2025000002347","2025-09-12","16890.34","0"
"120-15-016","SIV2025000002348","2025-09-12","446.72","1"
"120-10-020","SIV2025000002349","2025-09-12","273.01","2"
"120-15-001","SIV2025000002350","2025-09-12","103.26","1"
"A02452","SIV2025000002351","2025-09-12","27430.14","0"
"120-20-001","SIV2025000002352","2025-09-12","211.05","1"
"120-05-013","SIV2025000002353","2025-09-12","405.93","1"
"120-15-012","SIV2025000002354","2025-09-12","263.93","2"
"120-03-002","SIV2025000002355","2025-09-12","190.52","1"
"A03784","SIV2025000002356","2025-09-15","12312.49","0"
"120-15-018","SIV2025000002357","2025-09-15","631.94","2"
"120-15-012","SIV2025000002358","2025-09-15","663.33","2"
"120-03-011","SIV2025000002359","2025-09-15","598.10","1"
"A02452","SIV2025000002360","2025-09-15","263.56","1"
"120-01-024","SIV2025000002361","2025-09-15","9671.00","0"
"120-07-003","SIV2025000002362","2025-09-15","4995.46","0"
"120-10-022","SIV2025000002363","2025-09-15","292.39","1"
"A08750","SIV2025000002364","2025-09-15","6075.10","0"
"120-01-024","SIV2025000002365","2025-09-15","9164.77","0"
"120-05-011","SIV2025000002366","2025-09-15","494.62","1"
"120-20-001","SIV2025000002367","2025-09-15","65.99","1"
"120-01-001","SIV2025000002368","2025-09-15","186.25","1"
"120-05-024","SIV2025000002369","2025-09-15","14534.53","0"
"120-07-007","SIV2025000002370","2025-09-15","362.90","1"
"320-02-004","SIV2025000002371","2025-09-15","20630.06","0"
"320-02-012","SIV2025000002372","2025-09-15","1141.13","2"
"120-03-002","SIV2025000002373","2025-09-15","1167.36","0"
"120-03-002","SIV2025000002374","2025-09-15","32.40","2"
"A09133","SIV2025000002375","2025-09-15","168.97","1"
"120-15-003","SIV2025000002376","2025-09-16","354.83","1"
"120-15-012","SIV2025000002377","2025-09-16","366.66","1"
"A07669","SIV2025000002378","2025-09-16","10553.14","0"
"120-05-003","SIV2025000002379","2025-09-16","274.53","1"
"120-02-008","SIV2025000002380","2025-09-16","21122.83","0"
"A00911","SIV2025000002381","2025-09-16","4.62","1"
"120-02-006","SIV2025000002382","2025-09-16","695.56","1"
"120-15-013","SIV2025000002383","2025-09-16","336.96","1"
"120-02-003","SIV2025000002384","2025-09-16","130.63","2"
"120-02-008","SIV2025000002385","2025-09-16","6234.62","0"
"S05728","SIV2025000002386","2025-09-16","1289.66","1"
"S06202","SIV2025000002387","2025-09-16","1111.41","2"
"120-03-002","SIV2025000002388","2025-09-16","115.54","2"
"120-05-011","SIV2025000002389","2025-09-17","379.06","2"
"120-05-002","SIV2025000002390","2025-09-17","399.86","2"
"120-10-017","SIV2025000002391","2025-09-17","4608.12","0"
"120-03-001","SIV2025000002392","2025-09-17","9887.82","0"
"120-01-009","SIV2025000002393","2025-09-17","1013.77","1"
"120-01-006","SIV2025000002394","2025-09-17","454.16","1"
"120-07-008","SIV2025000002395","2025-09-17","3334.87","0"
"120-07-012","SIV2025000002396","2025-09-17","1579.52","0"
"120-01-012","SIV2025000002397","2025-09-17","87.72","2"
"120-03-001","SIV2025000002398","2025-09-17","4629.97","0"
"A03784","SIV2025000002399","2025-09-17","340.55","1"
"120-15-001","SIV2025000002400","2025-09-17","512.92","1"
"A00247","SIV2025000002401","2025-09-17","1173.71","0"
"120-15-014","SIV2025000002402","2025-09-17","336.39","1"
"120-12-009","SIV2025000002403","2025-09-17","5590.94","0"
"A09133","SIV2025000002404","2025-09-17","169.88","1"
"120-07-012","SIV2025000002405","2025-09-18","187.02","2"
"120-10-003","SIV2025000002406","2025-09-18","207.68","2"
"A00911","SIV2025000002407","2025-09-18","9230.40","0"
"120-05-011","SIV2025000002408","2025-09-18","792.23","2"
"120-01-001","SIV2025000002409","2025-09-18","14706.16","0"
"120-07-003","SIV2025000002410","2025-09-18","134.09","2"
"120-02-003","SIV2025000002411","2025-09-18","16.36","2"
"120-10-001","SIV2025000002412","2025-09-18","4733.46","0"
"120-01-001","SIV2025000002413","2025-09-18","277.87","1"
"120-12-001","SIV2025000002414","2025-09-18","966.63","1"
"120-15-002","SIV2025000002415","2025-09-18","231.64","2"
"120-02-001","SIV2025000002416","2025-09-18","707.66","1"
"120-10-010","SIV2025000002417","2025-09-18","244.04","1"
"A02452","SIV2025000002418","2025-09-18","254.93","1"
"S05728","SIV2025000002419","2025-09-18","1132.42","1"
"320-02-012","SIV2025000002420","2025-09-18","101.67","1"
"320-02-005","SIV2025000002421","2025-09-18","30077.27","0"
"S06403","SIV2025000002422","2025-09-18","30346.90","0"
"A09133","SIV2025000002423","2025-09-18","149.98","2"
"120-10-018","SIV2025000002424","2025-09-19","8599.85","0"
"120-15-004","SIV2025000002425","2025-09-19","253.54","1"
"120-03-001","SIV2025000002426","2025-09-19","9017.62","0"
"120-10-006","SIV2025000002427","2025-09-19","207.04","1"
"120-07-013","SIV2025000002428","2025-09-19","311.40","1"
"120-01-002","SIV2025000002429","2025-09-19","43.86","2"
"120-07-003","SIV2025000002430","2025-09-19","494.74","1"
"120-02-009","SIV2025000002431","2025-09-19","423.05","1"
"120-10-010","SIV2025000002432","2025-09-19","86.85","1"
"120-07-011","SIV2025000002433","2025-09-19","310.54","1"
"320-02-001","SIV2025000002434","2025-09-19","303.97","1"
"120-03-002","SIV2025000002435","2025-09-19","41.71","1"
"120-15-008","SIV2025000002436","2025-09-22","64.69","2"
"120-02-006","SIV2025000002437","2025-09-22","518.56","1"
"120-05-003","SIV2025000002438","2025-09-22","46.74","1"
"120-02-003","SIV2025000002439","2025-09-22","493.84","1"
"120-01-003","SIV2025000002440","2025-09-22","20382.35","0"
"120-01-018","SIV2025000002441","2025-09-22","219.76","1"
"120-05-002","SIV2025000002442","2025-09-22","135.13","1"
"120-05-002","SIV2025000002443","2025-09-22","211.91","2"
"A04247","SIV2025000002444","2025-09-22","659.44","2"
"120-15-016","SIV2025000002445","2025-09-22","138.50","1"
"120-05-008","SIV2025000002446","2025-09-22","83.08","1"
"120-12-009","SIV2025000002447","2025-09-22","148.73","1"
"120-05-030","SIV2025000002448","2025-09-23","128.11","1"
"120-02-018","SIV2025000002449","2025-09-23","278.71","1"
"120-01-011","SIV2025000002450","2025-09-23","255.84","1"
"120-07-013","SIV2025000002451","2025-09-23","175.96","1"
"120-03-001","SIV2025000002452","2025-09-23","135.81","1"
"120-07-003","SIV2025000002453","2025-09-23","519.38","1"
"120-01-018","SIV2025000002454","2025-09-23","4930.18","0"
"120-02-014","SIV2025000002455","2025-09-23","556.77","2"
"120-15-014","SIV2025000002456","2025-09-23","264.73","1"
"120-02-003","SIV2025000002457","2025-09-23","238.78","1"
"120-07-001","SIV2025000002458","2025-09-23","353.28","1"
"120-07-007","SIV2025000002459","2025-09-23","11515.61","0"
"120-02-011","SIV2025000002460","2025-09-23","424.37","1"
"120-10-007","SIV2025000002461","2025-09-23","307.03","1"
"120-15-002","SIV2025000002462","2025-09-23","184.71","1"
"320-02-001","SIV2025000002463","2025-09-23","663.73","1"
"120-03-002","SIV2025000002464","2025-09-23","268.13","1"
"120-03-002","SIV2025000002465","2025-09-23","109.25","1"
"120-03-002","SIV2025000002466","2025-09-23","27.82","2"
"120-05-005","SIV2025000002467","2025-09-24","233.74","1"
"120-12-002","SIV2025000002468","2025-09-24","56.33","1"
"A06429","SIV2025000002469","2025-09-24","336.78","1"
"120-01-019","SIV2025000002470","2025-09-24","163.27","1"
"A04929","SIV2025000002471","2025-09-24","30.31","2"
"120-15-014","SIV2025000002472","2025-09-24","206.81","2"
"A04577","SIV2025000002473","2025-09-24","311.72","2"
"120-05-013","SIV2025000002474","2025-09-24","60.06","1"
"120-05-011","SIV2025000002475","2025-09-24","6865.60","0"
"120-15-014","SIV2025000002476","2025-09-24","8809.24","0"
"320-02-011","SIV2025000002477","2025-09-24","927.29","1"
"A09133","SIV2025000002478","2025-09-24","158.98","1"
"120-03-002","SIV2025000002479","2025-09-24","52.46","1"
"120-20-001","SIV2025000002480","2025-09-25","77.99","2"
"120-05-011","SIV2025000002481","2025-09-25","143.92","1"
"120-02-008","SIV2025000002482","2025-09-25","182.76","1"
"120-20-001","SIV2025000002483","2025-09-25","228.34","1"
"120-02-015","SIV2025000002484","2025-09-25","234.84","1"
"A07163","SIV2025000002485","2025-09-25","3945.06","0"
"120-05-022","SIV2025000002486","2025-09-25","235.11","2"
"120-03-010","SIV2025000002487","2025-09-25","90.64","1"
"120-03-002","SIV2025000002488","2025-09-25","116.78","1"
"120-03-002","SIV2025000002489","2025-09-25","567.36","0"
"120-03-002","SIV2025000002490","2025-09-25","250.81","1"
"120-02-010","SIV2025000002491","2025-09-26","651.53","1"
"120-01-021","SIV2025000002492","2025-09-26","19019.65","0"
"120-01-022","SIV2025000002493","2025-09-26","232.01","1"
"120-05-013","SIV2025000002494","2025-09-26","4299.62","0"
"120-02-006","SIV2025000002495","2025-09-26","246.04","1"
"120-07-003","SIV2025000002496","2025-09-26","119.76","1"
"120-15-011","SIV2025000002497","2025-09-26","6018.80","0"
"120-01-018","SIV2025000002498","2025-09-26","4595.53","0"
"120-02-010","SIV2025000002499","2025-09-26","183.61","1"
"120-03-002","SIV2025000002500","2025-09-26","7446.53","0"
"120-02-014","SIV2025000002501","2025-09-29","2263.92","0"
"120-20-001","SIV2025000002502","2025-09-29","270.76","2"
"120-01-001","SIV2025000002503","2025-09-29","75.55","1"
"120-05-002","SIV2025000002504","2025-09-29","288.91","1"
"120-05-011","SIV2025000002505","2025-09-29","24902.78","0"
"120-01-002","SIV2025000002506","2025-09-29","97.62","1"
"320-02-016","SIV2025000002507","2025-09-29","24048.61","0"
"320-02-001","SIV2025000002508","2025-09-29","37813.33","0"
"320-02-013","SIV2025000002509","2025-09-29","42640.92","0"
"S06202","SIV2025000002510","2025-09-29","347.93","1"
"120-12-009","SIV2025000002511","2025-09-29","165.20","1"
"120-03-002","SIV2025000002512","2025-09-29","267.59","2"
"120-15-010","SIV2025000002513","2025-09-30","235.32","2"
"A03229","SIV2025000002514","2025-09-30","14630.89","0"
"120-05-015","SIV2025000002515","2025-09-30","148.43","2"
"120-05-003","SIV2025000002516","2025-09-30","191.42","1"
"120-01-012","SIV2025000002517","2025-09-30","17656.69","0"
"120-01-022","SIV2025000002518","2025-09-30","31679.51","0"
"120-01-011","SIV2025000002519","2025-09-30","91.13","1"
"120-02-007","SIV2025000002520","2025-09-30","1384.22","0"
"120-05-002","SIV2025000002521","2025-09-30","7252.70","0"
"A02452","SIV2025000002522","2025-09-30","598.74","1"
"120-12-003","SIV2025000002523","2025-09-30","445.79","1"
"120-10-019","SIV2025000002524","2025-09-30","3624.70","0"
"120-02-007","SIV2025000002525","2025-09-30","12978.50","0"
"A01157","SIV2025000002526","2025-09-30","114.81","1"
"120-02-018","SIV2025000002527","2025-09-30","497.46","1"
"320-02-004","SIV2025000002528","2025-09-30","485.51","1"
"120-12-009","SIV2025000002529","2025-09-30","41.90","1"
"A09133","SIV2025000002530","2025-09-30","11.52","1"
"120-02-014","SIV2025000002531","2025-10-01","1098.40","2"
"120-01-011","SIV2025000002532","2025-10-01","168.51","1"
"120-07-012","SIV2025000002533","2025-10-01","112.68","1"
"120-02-014","SIV2025000002534","2025-10-01","399.36","1"
"120-01-001","SIV2025000002535","2025-10-01","460.10","2"
"120-07-003","SIV2025000002536","2025-10-01","2341.73","0"
"120-01-001","SIV2025000002537","2025-10-01","9035.32","0"
"120-07-005","SIV2025000002538","2025-10-01","9609.82","0"
"A02452","SIV2025000002539","2025-10-01","674.86","1"
"120-05-011","SIV2025000002540","2025-10-01","608.30","1"
"A09369","SIV2025000002541","2025-10-01","22773.13","0"
"120-05-019","SIV2025000002542","2025-10-01","5139.54","0"
"120-03-012","SIV2025000002543","2025-10-01","157.22","1"
"A02704","SIV2025000002544","2025-10-01","176.00","1"
"120-03-008","SIV2025000002545","2025-10-01","2882.98","0"
"120-15-008","SIV2025000002546","2025-10-01","15.30","1"
"A09133","SIV2025000002547","2025-10-01","97.63","2"
"120-15-017","SIV2025000002548","2025-10-02","418.28","1"
"120-02-004","SIV2025000002549","2025-10-02","194.99","1"
"120-05-003","SIV2025000002550","2025-10-02","173.22","1"
"120-07-003","SIV2025000002551","2025-10-02","118.13","1"
"A04929","SIV2025000002552","2025-10-02","503.09","1"
"120-10-006","SIV2025000002553","2025-10-02","114.32","1"
"120-03-011","SIV2025000002554","2025-10-02","12176.85","0"
"120-12-007","SIV2025000002555","2025-10-02","260.84","1"
"120-05-005","SIV2025000002556","2025-10-02","131.45","2"
"120-02-018","SIV2025000002557","2025-10-02","236.58","2"
"120-20-001","SIV2025000002558","2025-10-02","197.68","1"
"A07669","SIV2025000002559","2025-10-02","275.72","2"
"120-12-001","SIV2025000002560","2025-10-02","39202.49","0"
"A03229","SIV2025000002561","2025-10-02","307.75","1"
"120-01-006","SIV2025000002562","2025-10-02","299.40","1"
"120-05-030","SIV2025000002563","2025-10-02","407.12","1"
"120-01-014","SIV2025000002564","2025-10-02","292.11","1"
"120-02-009","SIV2025000002565","2025-10-02","3845.11","0"
"120-15-013","SIV2025000002566","2025-10-02","3481.21","0"
"320-02-001","SIV2025000002567","2025-10-02","859.95","2"
"320-02-001","SIV2025000002568","2025-10-02","1296.54","2"
"120-03-002","SIV2025000002569","2025-10-02","168.14","1"
"120-07-007","SIV2025000002570","2025-10-03","935.89","2"
"120-01-022","SIV2025000002571","2025-10-03","233.38","1"
"A00247","SIV2025000002572","2025-10-03","388.81","1"
"120-02-003","SIV2025000002573","2025-10-03","37.00","1"
"120-07-013","SIV2025000002574","2025-10-03","4102.10","0"
"120-05-004","SIV2025000002575","2025-10-03","116.49","1"
"120-10-001","SIV2025000002576","2025-10-03","493.62","1"
"S05728","SIV2025000002577","2025-10-03","24858.94","0"
"120-03-002","SIV2025000002578","2025-10-03","133.10","1"
"120-02-013","SIV2025000002579","2025-10-06","508.56","1"
"120-01-016","SIV2025000002580","2025-10-06","344.47","1"
"120-05-002","SIV2025000002581","2025-10-06","86.58","1"
"A01157","SIV2025000002582","2025-10-06","197.31","1"
"120-05-005","SIV2025000002583","2025-10-06","24006.78","0"
"120-01-021","SIV2025000002584","2025-10-06","100.62","1"
"120-03-001","SIV2025000002585","2025-10-06","76.50","1"
"120-07-005","SIV2025000002586","2025-10-06","483.96","1"
"320-02-011","SIV2025000002587","2025-10-06","512.48","2"
"320-02-013","SIV2025000002588","2025-10-06","1218.06","1"
"120-03-002","SIV2025000002589","2025-10-06","57.60","2"
"120-12-009","SIV2025000002590","2025-10-06","2485.32","0"
"120-02-007","SIV2025000002591","2025-10-07","387.03","1"
"120-10-012","SIV2025000002592","2025-10-07","1481.11","1"
"120-05-020","SIV2025000002593","2025-10-07","13782.14","0"
"A02452","SIV2025000002594","2025-10-07","54.08","1"
"120-03-001","SIV2025000002595","2025-10-07","12300.91","0"
"120-05-028","SIV2025000002596","2025-10-07","152.95","1"
"120-05-011","SIV2025000002597","2025-10-07","276.60","2"
"120-02-008","SIV2025000002598","2025-10-07","13916.84","0"
"320-02-001","SIV2025000002599","2025-10-07","863.81","1"
"S06202","SIV2025000002600","2025-10-07","23387.71","0"
"A09133","SIV2025000002601","2025-10-07","101.94","1"
"120-03-002","SIV2025000002602","2025-10-07","123.60","2"
"120-03-002","SIV2025000002603","2025-10-07","167.59","0"
"120-05-013","SIV2025000002604","2025-10-08","81.23","1"
"120-01-006","SIV2025000002605","2025-10-08","7777.76","0"
"120-02-003","SIV2025000002606","2025-10-08","41.96","1"
"120-05-011","SIV2025000002607","2025-10-08","439.11","2"
"120-20-001","SIV2025000002608","2025-10-08","137.19","2"
"120-07-007","SIV2025000002609","2025-10-08","14430.07","0"
"A00779","SIV2025000002610","2025-10-08","1038.74","0"
"120-05-010","SIV2025000002611","2025-10-08","133.71","1"
"A08540","SIV2025000002612","2025-10-08","3401.10","0"
"120-07-005","SIV2025000002613","2025-10-08","416.50","1"
"320-02-012","SIV2025000002614","2025-10-08","544.31","2"
"120-03-002","SIV2025000002615","2025-10-08","273.65","2"
"120-05-005","SIV2025000002616","2025-10-09","430.07","2"
"120-07-001","SIV2025000002617","2025-10-09","308.69","1"
"A05497","SIV2025000002618","2025-10-09","228.37","2"
"120-07-003","SIV2025000002619","2025-10-09","257.32","1"
"120-20-001","SIV2025000002620","2025-10-09","4136.69","0"
"320-02-013","SIV2025000002621","2025-10-09","366.49","2"
"A09133","SIV2025000002622","2025-10-09","430.90","2"
"120-12-009","SIV2025000002623","2025-10-09","36.26","1"
"120-20-001","SIV2025000002624","2025-10-10","6975.17","0"
"120-02-003","SIV2025000002625","2025-10-10","392.63","1"
"120-03-001","SIV2025000002626","2025-10-10","234.07","2"
"120-03-001","SIV2025000002627","2025-10-10","272.27","2"
"120-15-004","SIV2025000002628","2025-10-10","138.79","1"
"120-05-005","SIV2025000002629","2025-10-10","367.49","2"
"120-02-018","SIV2025000002630","2025-10-10","859.63","1"
"120-20-001","SIV2025000002631","2025-10-10","282.49","1"
"120-03-011","SIV2025000002632","2025-10-10","176.48","1"
"A03784","SIV2025000002633","2025-10-10","426.30","1"
"320-02-018","SIV2025000002634","2025-10-10","548.11","1"
"S06202","SIV2025000002635","2025-10-10","2612.41","1"
"S06202","SIV2025000002636","2025-10-10","1097.62","1"
"320-02-007","SIV2025000002637","2025-10-10","1340.83","1"
"320-02-013","SIV2025000002638","2025-10-10","750.69","2"
"120-12-009","SIV2025000002639","2025-10-10","4754.40","0"
"120-03-002","SIV2025000002640","2025-10-10","102.89","1"
"A09133","SIV2025000002641","2025-10-10","5786.02","0"
"120-01-009","SIV2025000002642","2025-10-13","223.18","1"
"120-03-001","SIV2025000002643","2025-10-13","671.86","1"
"120-20-001","SIV2025000002644","2025-10-13","181.37","1"
"120-03-008","SIV2025000002645","2025-10-13","2419.33","0"
"120-12-001","SIV2025000002646","2025-10-13","458.45","2"
"120-10-018","SIV2025000002647","2025-10-13","297.31","1"
"120-05-011","SIV2025000002648","2025-10-13","424.24","1"
"120-05-011","SIV2025000002649","2025-10-13","247.50","1"
"120-05-015","SIV2025000002650","2025-10-13","14611.78","0"
"A04616","SIV2025000002651","2025-10-13","2.90","1"
"120-12-007","SIV2025000002652","2025-10-13","9688.45","0"
"120-02-006","SIV2025000002653","2025-10-13","4097.69","0"
"120-07-001","SIV2025000002654","2025-10-13","1679.95","0"
"120-01-024","SIV2025000002655","2025-10-13","288.34","2"
"120-15-004","SIV2025000002656","2025-10-13","168.60","1"
"120-02-014","SIV2025000002657","2025-10-13","90.47","2"
"A09133","SIV2025000002658","2025-10-13","79.60","1"
"120-05-002","SIV2025000002659","2025-10-14","19634.69","0"
"A04929","SIV2025000002660","2025-10-14","7151.46","0"
"120-01-001","SIV2025000002661","2025-10-14","289.45","1"
"120-10-010","SIV2025000002662","2025-10-14","95.70","2"
"120-10-001","SIV2025000002663","2025-10-14","7404.91","0"
"120-05-011","SIV2025000002664","2025-10-14","271.50","1"
"120-05-002","SIV2025000002665","2025-10-14","92.02","1"
"120-07-011","SIV2025000002666","2025-10-14","4823.39","0"
"120-05-013","SIV2025000002667","2025-10-14","181.18","1"
"S05728","SIV2025000002668","2025-10-14","35168.29","0"
"320-02-016","SIV2025000002669","2025-10-14","14147.70","0"
"120-12-009","SIV2025000002670","2025-10-14","99.31","1"
"A04111","SIV2025000002671","2025-10-15","6328.07","0"
"120-07-001","SIV2025000002672","2025-10-15","6602.76","0"
"120-15-014","SIV2025000002673","2025-10-15","778.83","1"
"A02452","SIV2025000002674","2025-10-15","10899.10","0"
"120-07-003","SIV2025000002675","2025-10-15","2613.29","0"
"120-10-006","SIV2025000002676","2025-10-15","163.78","2"
"120-01-015","SIV2025000002677","2025-10-15","1349.19","2"
"120-01-001","SIV2025000002678","2025-10-15","17275.67","0"
"120-01-023","SIV2025000002679","2025-10-15","668.19","1"
"A05019","SIV2025000002680","2025-10-15","604.23","1"
"120-15-006","SIV2025000002681","2025-10-15","82.70","1"
"120-10-010","SIV2025000002682","2025-10-15","5887.06","0"
"120-10-010","SIV2025000002683","2025-10-15","513.36","2"
"120-15-013","SIV2025000002684","2025-10-15","132.78","2"
"120-15-006","SIV2025000002685","2025-10-15","954.80","1"
"120-03-001","SIV2025000002686","2025-10-15","130.75","2"
"120-12-006","SIV2025000002687","2025-10-15","9147.32","0"
"120-15-019","SIV2025000002688","2025-10-15","26653.30","0"
"A02452","SIV2025000002689","2025-10-15","1954.72","0"
"120-02-006","SIV2025000002690","2025-10-15","310.87","1"
"320-02-004","SIV2025000002691","2025-10-15","572.14","1"
"S06202","SIV2025000002692","2025-10-15","790.21","1"
"A06429","SIV2025000002693","2025-10-16","204.22","1"
"A01157","SIV2025000002694","2025-10-16","409.91","1"
"120-02-017","SIV2025000002695","2025-10-16","211.83","2"
"120-07-009","SIV2025000002696","2025-10-16","238.10","1"
"120-05-002","SIV2025000002697","2025-10-16","411.49","1"
"120-05-003","SIV2025000002698","2025-10-16","1754.75","0"
"120-01-024","SIV2025000002699","2025-10-16","11723.21","0"
"S06403","SIV2025000002700","2025-10-16","1680.86","1"
"S05728","SIV2025000002701","2025-10-16","420.25","2"
"120-03-002","SIV2025000002702","2025-10-16","109.58","1"
"A03229","SIV2025000002703","2025-10-17","372.31","1"
"120-07-001","SIV2025000002704","2025-10-17","222.49","2"
"120-15-002","SIV2025000002705","2025-10-17","782.68","0"
"A04929","SIV2025000002706","2025-10-17","5041.33","0"
"120-05-011","SIV2025000002707","2025-10-17","154.13","1"
"120-07-013","SIV2025000002708","2025-10-17","12207.58","0"
"120-05-008","SIV2025000002709","2025-10-17","224.46","1"
"120-05-008","SIV2025000002710","2025-10-17","465.24","2"
"A08750","SIV2025000002711","2025-10-17","111.26","1"
"A03229","SIV2025000002712","2025-10-17","4926.54","0"
"120-07-003","SIV2025000002713","2025-10-17","402.11","1"
"120-15-016","SIV2025000002714","2025-10-17","57.49","1"
"120-02-017","SIV2025000002715","2025-10-17","622.25","2"
"120-10-012","SIV2025000002716","2025-10-17","10111.20","0"
"320-02-018","SIV2025000002717","2025-10-17","1553.51","1"
"A09133","SIV2025000002718","2025-10-17","132.61","1"
"120-03-002","SIV2025000002719","2025-10-17","125.18","1"
"120-05-003","SIV2025000002720","2025-10-20","8597.14","0"
"120-07-003","SIV2025000002721","2025-10-20","111.71","1"
"120-03-001","SIV2025000002722","2025-10-20","217.08","1"
"120-15-003","SIV2025000002723","2025-10-20","250.12","1"
"120-07-007","SIV2025000002724","2025-10-20","6736.55","0"
"120-10-007","SIV2025000002725","2025-10-20","17415.28","0"
"120-10-004","SIV2025000002726","2025-10-20","109.90","2"
"120-12-001","SIV2025000002727","2025-10-20","2283.34","0"
"120-15-013","SIV2025000002728","2025-10-20","13661.44","0"
"A03784","SIV2025000002729","2025-10-20","4554.05","0"
"120-03-001","SIV2025000002730","2025-10-20","4590.72","0"
"A01157","SIV2025000002731","2025-10-20","294.06","2"
"S06202","SIV2025000002732","2025-10-20","309.15","1"
"320-02-013","SIV2025000002733","2025-10-20","11568.73","0"
"120-03-002","SIV2025000002734","2025-10-20","7566.29","0"
"120-05-013","SIV2025000002735","2025-10-21","182.68","1"
"120-02-018","SIV2025000002736","2025-10-21","14138.00","0"
"120-10-005","SIV2025000002737","2025-10-21","344.66","1"
"120-10-001","SIV2025000002738","2025-10-21","226.76","1"
"120-20-001","SIV2025000002739","2025-10-21","4164.24","0"
"120-07-003","SIV2025000002740","2025-10-21","125.71","1"
"120-07-011","SIV2025000002741","2025-10-21","261.69","2"
"120-07-003","SIV2025000002742","2025-10-21","712.92","1"
"120-02-008","SIV2025000002743","2025-10-21","241.65","1"
"120-05-015","SIV2025000002744","2025-10-21","263.45","1"
"120-02-015","SIV2025000002745","2025-10-21","447.11","2"
"120-10-006","SIV2025000002746","2025-10-21","16497.28","0"
"120-01-006","SIV2025000002747","2025-10-21","93.67","1"
"320-02-013","SIV2025000002748","2025-10-21","1992.07","1"
"120-15-003","SIV2025000002749","2025-10-22","234.31","1"
"A05497","SIV2025000002750","2025-10-22","363.38","2"
"120-01-021","SIV2025000002751","2025-10-22","185.24","1"
"120-01-012","SIV2025000002752","2025-10-22","225.51","2"
"120-01-011","SIV2025000002753","2025-10-22","611.76","1"
"120-07-001","SIV2025000002754","2025-10-22","190.34","1"
"120-01-015","SIV2025000002755","2025-10-22","488.05","1"
"120-20-001","SIV2025000002756","2025-10-22","18507.35","0"
"120-05-001","SIV2025000002757","2025-10-22","7499.99","0"
"A02452","SIV2025000002758","2025-10-22","26613.37","0"
"320-02-012","SIV2025000002759","2025-10-22","1801.92","1"
"320-02-012","SIV2025000002760","2025-10-22","611.31","1"
"120-03-002","SIV2025000002761","2025-10-22","439.73","0"
"A09133","SIV2025000002762","2025-10-22","73.01","2"
"120-01-018","SIV2025000002763","2025-10-23","11143.15","0"
"A03229","SIV2025000002764","2025-10-23","28.66","2"
"120-15-004","SIV2025000002765","2025-10-23","932.25","1"
"120-07-007","SIV2025000002766","2025-10-23","276.18","2"
"120-05-002","SIV2025000002767","2025-10-23","308.35","2"
"120-10-010","SIV2025000002768","2025-10-23","114.49","1"
"120-01-018","SIV2025000002769","2025-10-23","673.42","0"
"120-07-007","SIV2025000002770","2025-10-23","334.10","2"
"120-01-001","SIV2025000002771","2025-10-23","101.30","1"
"A02452","SIV2025000002772","2025-10-23","623.39","2"
"120-02-003","SIV2025000002773","2025-10-23","64.34","2"
"120-01-023","SIV2025000002774","2025-10-23","228.31","1"
"120-20-001","SIV2025000002775","2025-10-23","216.61","1"
"120-02-016","SIV2025000002776","2025-10-23","6131.83","0"
"120-01-020","SIV2025000002777","2025-10-23","12.55","1"
"120-20-001","SIV2025000002778","2025-10-23","177.68","1"
"120-03-002","SIV2025000002779","2025-10-23","89.50","2"
"120-03-002","SIV2025000002780","2025-10-23","49.31","2"
"120-05-019","SIV2025000002781","2025-10-24","70.56","1"
"120-01-022","SIV2025000002782","2025-10-24","348.36","1"
"120-05-028","SIV2025000002783","2025-10-24","729.59","1"
"120-01-011","SIV2025000002784","2025-10-24","370.54","1"
"120-15-014","SIV2025000002785","2025-10-24","235.71","1"
"120-02-007","SIV2025000002786","2025-10-24","578.36","2"
"120-02-003","SIV2025000002787","2025-10-24","298.37","1"
"120-05-002","SIV2025000002788","2025-10-24","476.42","1"
"120-20-001","SIV2025000002789","2025-10-24","168.64","1"
"120-02-010","SIV2025000002790","2025-10-24","1748.90","1"
"120-03-002","SIV2025000002791","2025-10-24","146.59","1"
"120-12-009","SIV2025000002792","2025-10-24","2089.70","0"
"120-05-026","SIV2025000002793","2025-10-27","120.94","1"
"120-05-008","SIV2025000002794","2025-10-27","609.94","2"
"120-15-014","SIV2025000002795","2025-10-27","304.58","1"
"120-01-006","SIV2025000002796","2025-10-27","2784.55","0"
"120-07-015","SIV2025000002797","2025-10-27","6945.01","0"
"120-05-003","SIV2025000002798","2025-10-27","11032.24","0"
"120-05-008","SIV2025000002799","2025-10-27","14471.94","0"
"120-05-002","SIV2025000002800","2025-10-27","237.95","2"
"120-05-003","SIV2025000002801","2025-10-27","8150.26","0"
"A03229","SIV2025000002802","2025-10-27","468.55","2"
"120-15-004","SIV2025000002803","2025-10-27","441.43","1"
"120-10-005","SIV2025000002804","2025-10-27","130.99","1"
"120-05-019","SIV2025000002805","2025-10-27","352.63","1"
"320-02-001","SIV2025000002806","2025-10-27","16268.99","0"
"120-03-002","SIV2025000002807","2025-10-27","91.87","1"
"A09133","SIV2025000002808","2025-10-27","857.66","0"
"120-07-007","SIV2025000002809","2025-10-28","1953.82","0"
"120-05-030","SIV2025000002810","2025-10-28","52.06","1"
"120-02-014","SIV2025000002811","2025-10-28","42.21","1"
"120-05-005","SIV2025000002812","2025-10-28","335.72","1"
"120-05-011","SIV2025000002813","2025-10-28","2560.79","0"
"120-05-011","SIV2025000002814","2025-10-28","1607.70","0"
"120-02-007","SIV2025000002815","2025-10-28","329.41","1"
"120-05-003","SIV2025000002816","2025-10-28","241.13","1"
"120-16-001","SIV2025000002817","2025-10-28","276.40","2"
"120-05-027","SIV2025000002818","2025-10-28","279.04","1"
"320-02-006","SIV2025000002819","2025-10-28","23152.20","0"
"320-02-001","SIV2025000002820","2025-10-28","1007.11","1"
"120-03-002","SIV2025000002821","2025-10-28","62.83","2"
"120-05-008","SIV2025000002822","2025-10-30","801.75","2"
"120-12-005","SIV2025000002823","2025-10-30","35.64","1"
"120-05-011","SIV2025000002824","2025-10-30","13752.56","0"
"120-01-020","SIV2025000002825","2025-10-30","989.63","1"
"120-01-015","SIV2025000002826","2025-10-30","80.66","2"
"120-01-001","SIV2025000002827","2025-10-30","668.93","2"
"120-15-016","SIV2025000002828","2025-10-30","31416.50","0"
"120-07-003","SIV2025000002829","2025-10-30","114.76","1"
"120-02-003","SIV2025000002830","2025-10-30","199.38","2"
"120-01-017","SIV2025000002831","2025-10-30","5407.54","0"
"120-02-007","SIV2025000002832","2025-10-30","450.42","1"
"120-07-003","SIV2025000002833","2025-10-30","109.97","2"
"A07501","SIV2025000002834","2025-10-30","334.47","1"
"A09133","SIV2025000002835","2025-10-30","4997.43","0"
"A09133","SIV2025000002836","2025-10-30","90.43","1"
"120-03-007","SIV2025000002837","2025-10-31","328.77","1"
"120-05-008","SIV2025000002838","2025-10-31","175.25","1"
"120-02-008","SIV2025000002839","2025-10-31","5040.23","0"
"120-03-001","SIV2025000002840","2025-10-31","139.56","1"
"120-01-020","SIV2025000002841","2025-10-31","666.14","1"
"120-05-008","SIV2025000002842","2025-10-31","6399.58","0"
"120-15-004","SIV2025000002843","2025-10-31","153.64","1"
"120-07-007","SIV2025000002844","2025-10-31","2131.30","0"
"120-10-010","SIV2025000002845","2025-10-31","115.64","1"
"A03229","SIV2025000002846","2025-10-31","614.81","2"
"A02452","SIV2025000002847","2025-10-31","1545.70","0"
"120-10-010","SIV2025000002848","2025-10-31","1454.04","0"
"120-02-005","SIV2025000002849","2025-10-31","223.27","2"
"120-10-001","SIV2025000002850","2025-10-31","208.89","1"
"120-05-011","SIV2025000002851","2025-10-31","675.60","1"
"S05728","SIV2025000002852","2025-10-31","751.91","1"
"120-12-009","SIV2025000002853","2025-10-31","42.72","1"
"120-03-002","SIV2025000002854","2025-10-31","91.49","2"
"120-15-004","SIV2025000002855","2025-11-03","2392.33","0"
"120-05-017","SIV2025000002856","2025-11-03","616.63","1"
"120-05-023","SIV2025000002857","2025-11-03","11689.21","0"
"120-02-010","SIV2025000002858","2025-11-03","138.48","1"
"A02452","SIV2025000002859","2025-11-03","94.98","1"
"120-02-005","SIV2025000002860","2025-11-03","333.10","2"
"120-01-006","SIV2025000002861","2025-11-03","197.73","1"
"120-05-009","SIV2025000002862","2025-11-03","3097.10","0"
"120-02-012","SIV2025000002863","2025-11-03","262.74","2"
"120-01-019","SIV2025000002864","2025-11-03","462.74","2"
"120-05-002","SIV2025000002865","2025-11-03","133.02","1"
"S05728","SIV2025000002866","2025-11-03","35727.72","0"
"320-02-007","SIV2025000002867","2025-11-03","2428.40","1"
"120-03-002","SIV2025000002868","2025-11-03","94.03","1"
"120-05-011","SIV2025000002869","2025-11-04","1600.37","0"
"120-02-003","SIV2025000002870","2025-11-04","91.10","1"
"120-02-003","SIV2025000002871","2025-11-04","286.45","2"
"120-20-001","SIV2025000002872","2025-11-04","503.59","1"
"120-05-024","SIV2025000002873","2025-11-04","7064.90","0"
"120-07-014","SIV2025000002874","2025-11-04","401.78","1"
"A06188","SIV2025000002875","2025-11-04","112.81","1"
"A01157","SIV2025000002876","2025-11-04","349.66","1"
"120-03-010","SIV2025000002877","2025-11-04","109.84","1"
"A09133","SIV2025000002878","2025-11-04","93.98","1"
"120-03-002","SIV2025000002879","2025-11-04","175.94","1"
"120-12-009","SIV2025000002880","2025-11-04","2781.80","0"
"120-03-003","SIV2025000002881","2025-11-05","417.77","2"
"A02452","SIV2025000002882","2025-11-05","5543.23","0"
"A04111","SIV2025000002883","2025-11-05","126.04","2"
"120-07-011","SIV2025000002884","2025-11-05","460.49","2"
"A03229","SIV2025000002885","2025-11-05","158.81","1"
"120-15-008","SIV2025000002886","2025-11-05","74.34","2"
"120-03-001","SIV2025000002887","2025-11-05","114.58","2"
"120-05-015","SIV2025000002888","2025-11-05","9514.12","0"
"120-01-024","SIV2025000002889","2025-11-05","20130.14","0"
"120-05-014","SIV2025000002890","2025-11-05","8904.60","0"
"120-10-015","SIV2025000002891","2025-11-05","1920.58","0"
"120-02-007","SIV2025000002892","2025-11-05","259.23","2"
"S05728","SIV2025000002893","2025-11-05","43058.80","0"
"S06202","SIV2025000002894","2025-11-05","501.51","1"
"320-02-012","SIV2025000002895","2025-11-05","36730.69","0"
"320-02-012","SIV2025000002896","2025-11-05","1464.58","1"
"120-03-002","SIV2025000002897","2025-11-05","67.06","1"
"120-03-002","SIV2025000002898","2025-11-05","4652.50","0"
"A09133","SIV2025000002899","2025-11-05","3201.00","0"
"120-01-022","SIV2025000002900","2025-11-06","96.01","1"
"120-05-015","SIV2025000002901","2025-11-06","224.47","1"
"120-02-012","SIV2025000002902","2025-11-06","2876.04","0"
"120-07-007","SIV2025000002903","2025-11-06","407.80","1"
"120-10-010","SIV2025000002904","2025-11-06","3813.19","0"
"120-10-009","SIV2025000002905","2025-11-06","611.93","2"
"120-02-017","SIV2025000002906","2025-11-06","88.91","1"
"120-07-012","SIV2025000002907","2025-11-06","121.89","1"
"S06403","SIV2025000002908","2025-11-06","1385.82","1"
"320-02-001","SIV2025000002909","2025-11-06","448.39","1"
"120-03-002","SIV2025000002910","2025-11-06","5.81","1"
"A09133","SIV2025000002911","2025-11-06","1326.67","0"
"120-03-002","SIV2025000002912","2025-11-06","12.26","1"
"A09133","SIV2025000002913","2025-11-06","399.96","1"
"120-01-024","SIV2025000002914","2025-11-07","121.36","1"
"120-01-024","SIV2025000002915","2025-11-07","88.79","1"
"120-05-011","SIV2025000002916","2025-11-07","349.64","2"
"A04929","SIV2025000002917","2025-11-07","12574.93","0"
"A03229","SIV2025000002918","2025-11-07","6154.96","0"
"120-01-009","SIV2025000002919","2025-11-07","644.48","2"
"120-07-003","SIV2025000002920","2025-11-07","1110.50","0"
"120-12-004","SIV2025000002921","2025-11-07","439.48","1"
"120-02-014","SIV2025000002922","2025-11-07","189.48","1"
"120-07-007","SIV2025000002923","2025-11-07","4310.76","0"
"120-05-011","SIV2025000002924","2025-11-07","277.36","1"
"120-07-005","SIV2025000002925","2025-11-07","25.90","1"
"120-03-002","SIV2025000002926","2025-11-07","2142.41","0"
"120-03-002","SIV2025000002927","2025-11-07","25.46","1"
"120-03-002","SIV2025000002928","2025-11-07","319.93","1"
"120-01-011","SIV2025000002929","2025-11-10","306.81","2"
"120-05-013","SIV2025000002930","2025-11-10","227.88","1"
"A05497","SIV2025000002931","2025-11-10","101.44","1"
"120-15-019","SIV2025000002932","2025-11-10","25466.70","0"
"120-05-002","SIV2025000002933","2025-11-10","242.14","2"
"120-15-003","SIV2025000002934","2025-11-10","662.71","1"
"120-03-011","SIV2025000002935","2025-11-10","361.51","1"
"120-01-018","SIV2025000002936","2025-11-10","7390.64","0"
"120-20-001","SIV2025000002937","2025-11-10","950.11","1"
"120-02-009","SIV2025000002938","2025-11-10","273.42","1"
"A04929","SIV2025000002939","2025-11-10","284.35","1"
"120-20-001","SIV2025000002940","2025-11-10","407.32","1"
"120-15-013","SIV2025000002941","2025-11-10","228.82","1"
"120-05-006","SIV2025000002942","2025-11-10","214.42","1"
"120-10-019","SIV2025000002943","2025-11-10","270.44","1"
"320-02-007","SIV2025000002944","2025-11-10","1993.56","1"
"320-02-012","SIV2025000002945","2025-11-10","614.12","1"
"120-03-002","SIV2025000002946","2025-11-10","51.89","1"
"120-07-007","SIV2025000002947","2025-11-11","21846.19","0"
"120-05-008","SIV2025000002948","2025-11-11","212.69","1"
"120-05-010","SIV2025000002949","2025-11-11","147.66","2"
"120-03-001","SIV2025000002950","2025-11-11","5280.72","0"
"120-05-002","SIV2025000002951","2025-11-11","343.58","1"
"120-15-013","SIV2025000002952","2025-11-11","133.95","1"
"120-05-003","SIV2025000002953","2025-11-11","52.99","2"
"120-02-003","SIV2025000002954","2025-11-11","16535.54","0"
"120-07-007","SIV2025000002955","2025-11-11","306.68","1"
"120-03-010","SIV2025000002956","2025-11-11","958.26","0"
"120-05-004","SIV2025000002957","2025-11-11","472.20","2"
"120-01-010","SIV2025000002958","2025-11-11","32308.99","0"
"120-02-007","SIV2025000002959","2025-11-11","53.74","1"
"120-05-008","SIV2025000002960","2025-11-11","570.42","1"
"320-02-011","SIV2025000002961","2025-11-11","16343.86","0"
"A09133","SIV2025000002962","2025-11-11","37.25","1"
"120-03-002","SIV2025000002963","2025-11-11","96.94","1"
"120-03-002","SIV2025000002964","2025-11-11","40.19","1"
"120-02-007","SIV2025000002965","2025-11-12","11102.82","0"
"A00247","SIV2025000002966","2025-11-12","394.49","1"
"120-10-001","SIV2025000002967","2025-11-12","154.14","1"
"A05019","SIV2025000002968","2025-11-12","26.77","1"
"120-05-002","SIV2025000002969","2025-11-12","2633.26","0"
"120-05-005","SIV2025000002970","2025-11-12","625.43","1"
"120-05-014","SIV2025000002971","2025-11-12","9.92","1"
"120-02-018","SIV2025000002972","2025-11-12","15216.62","0"
"120-15-016","SIV2025000002973","2025-11-12","187.43","1"
"120-15-014","SIV2025000002974","2025-11-12","5740.07","0"
"120-03-004","SIV2025000002975","2025-11-12","5660.05","0"
"A09133","SIV2025000002976","2025-11-12","52.88","2"
"120-03-002","SIV2025000002977","2025-11-12","168.62","2"
"A09133","SIV2025000002978","2025-11-12","4748.26","0"
"120-15-008","SIV2025000002979","2025-11-13","460.66","2"
"120-05-011","SIV2025000002980","2025-11-13","703.17","1"
"120-15-003","SIV2025000002981","2025-11-13","100.53","1"
"120-05-011","SIV2025000002982","2025-11-13","245.20","1"
"A01157","SIV2025000002983","2025-11-13","297.16","1"
"120-05-008","SIV2025000002984","2025-11-13","2684.36","0"
"A00911","SIV2025000002985","2025-11-13","2983.06","0"
"120-20-001","SIV2025000002986","2025-11-13","951.97","1"
"120-10-009","SIV2025000002987","2025-11-13","590.22","1"
"120-03-001","SIV2025000002988","2025-11-13","7528.82","0"
"120-15-003","SIV2025000002989","2025-11-13","12627.30","0"
"120-15-016","SIV2025000002990","2025-11-13","44.14","1"
"120-03-002","SIV2025000002991","2025-11-13","103.69","1"
"A09133","SIV2025000002992","2025-11-13","110.50","2"
"A00247","SIV2025000002993","2025-11-14","1105.92","0"
"120-05-011","SIV2025000002994","2025-11-14","308.52","1"
"A04929","SIV2025000002995","2025-11-14","12551.78","0"
"A04929","SIV2025000002996","2025-11-14","56.54","1"
"120-05-006","SIV2025000002997","2025-11-14","259.78","1"
"120-01-011","SIV2025000002998","2025-11-14","1312.51","0"
"S06202","SIV2025000002999","2025-11-14","1451.60","2"
"120-03-002","SIV2025000003000","2025-11-14","8190.66","0"
"120-10-009","SIV2025000003001","2025-11-17","5205.31","0"
"120-03-001","SIV2025000003002","2025-11-17","565.31","1"
"120-05-011","SIV2025000003003","2025-11-17","200.74","2"
"120-05-008","SIV2025000003004","2025-11-17","119.74","1"
"120-01-001","SIV2025000003005","2025-11-17","209.38","1"
"A00911","SIV2025000003006","2025-11-17","212.98","1"
"120-02-015","SIV2025000003007","2025-11-17","13770.23","0"
"120-15-014","SIV2025000003008","2025-11-17","92.00","1"
"A05497","SIV2025000003009","2025-11-17","126.16","1"
"120-03-002","SIV2025000003010","2025-11-17","2656.27","0"
"120-12-009","SIV2025000003011","2025-11-17","23.90","1"
"A05019","SIV2025000003012","2025-11-18","105.00","2"
"120-15-016","SIV2025000003013","2025-11-18","3962.80","0"
"120-01-004","SIV2025000003014","2025-11-18","8423.71","0"
"A02452","SIV2025000003015","2025-11-18","1015.30","1"
"120-01-021","SIV2025000003016","2025-11-18","403.12","1"
"120-01-008","SIV2025000003017","2025-11-18","249.50","1"
"120-05-011","SIV2025000003018","2025-11-18","164.93","1"
"120-03-001","SIV2025000003019","2025-11-18","156.99","2"
"S06202","SIV2025000003020","2025-11-18","468.97","1"
"320-02-006","SIV2025000003021","2025-11-18","502.78","2"
"A09133","SIV2025000003022","2025-11-18","277.87","2"
"120-03-011","SIV2025000003023","2025-11-19","152.87","1"
"120-02-013","SIV2025000003024","2025-11-19","377.90","1"
"120-02-014","SIV2025000003025","2025-11-19","247.54","2"
"120-07-003","SIV2025000003026","2025-11-19","6644.70","0"
"A07501","SIV2025000003027","2025-11-19","122.85","1"
"120-03-001","SIV2025000003028","2025-11-19","17736.78","0"
"120-05-015","SIV2025000003029","2025-11-19","308.32","2"
"A00911","SIV2025000003030","2025-11-19","321.45","2"
"120-05-011","SIV2025000003031","2025-11-19","5747.82","0"
"120-05-011","SIV2025000003032","2025-11-19","546.96","1"
"120-02-012","SIV2025000003033","2025-11-19","241.10","1"
"320-02-011","SIV2025000003034","2025-11-19","1628.09","2"
"120-03-002","SIV2025000003035","2025-11-19","1921.68","0"
"120-12-006","SIV2025000003036","2025-11-20","168.40","2"
"120-03-001","SIV2025000003037","2025-11-20","4262.17","0"
"120-07-003","SIV2025000003038","2025-11-20","105.58","2"
"120-05-003","SIV2025000003039","2025-11-20","191.26","1"
"120-05-016","SIV2025000003040","2025-11-20","7880.48","0"
"120-01-018","SIV2025000003041","2025-11-20","6079.46","0"
"120-10-020","SIV2025000003042","2025-11-20","128.98","2"
"120-15-016","SIV2025000003043","2025-11-20","438.00","2"
"120-05-002","SIV2025000003044","2025-11-20","254.44","1"
"120-07-003","SIV2025000003045","2025-11-20","79.30","2"
"A03229","SIV2025000003046","2025-11-20","430.24","1"
"120-02-015","SIV2025000003047","2025-11-20","451.31","0"
"120-03-002","SIV2025000003048","2025-11-20","50.53","2"
"120-10-016","SIV2025000003049","2025-11-21","307.54","1"
"120-05-006","SIV2025000003050","2025-11-21","7972.27","0"
"120-02-003","SIV2025000003051","2025-11-21","14266.73","0"
"120-10-001","SIV2025000003052","2025-11-21","4446.31","0"
"120-05-011","SIV2025000003053","2025-11-21","468.33","1"
"120-02-018","SIV2025000003054","2025-11-21","264.42","1"
"120-05-002","SIV2025000003055","2025-11-21","419.18","1"
"120-12-001","SIV2025000003056","2025-11-21","399.10","1"
"A05497","SIV2025000003057","2025-11-21","74.50","1"
"120-07-013","SIV2025000003058","2025-11-21","23034.00","0"
"120-02-007","SIV2025000003059","2025-11-21","179.35","2"
"120-03-002","SIV2025000003060","2025-11-21","5791.60","0"
"A09133","SIV2025000003061","2025-11-21","221.09","1"
"120-15-002","SIV2025000003062","2025-11-24","2015.84","0"
"120-05-023","SIV2025000003063","2025-11-24","586.96","2"
"120-01-023","SIV2025000003064","2025-11-24","240.24","1"
"A05497","SIV2025000003065","2025-11-24","611.71","1"
"120-02-003","SIV2025000003066","2025-11-24","121.11","1"
"120-05-013","SIV2025000003067","2025-11-24","615.33","1"
"120-02-011","SIV2025000003068","2025-11-24","149.31","2"
"120-10-010","SIV2025000003069","2025-11-24","12068.14","0"
"120-05-002","SIV2025000003070","2025-11-24","196.29","1"
"120-10-021","SIV2025000003071","2025-11-24","10699.12","0"
"120-15-010","SIV2025000003072","2025-11-24","193.38","2"
"120-05-025","SIV2025000003073","2025-11-24","250.34","2"
"120-01-021","SIV2025000003074","2025-11-24","3817.00","0"
"120-02-001","SIV2025000003075","2025-11-24","24429.77","0"
"120-01-022","SIV2025000003076","2025-11-24","420.15","1"
"320-02-012","SIV2025000003077","2025-11-24","515.94","2"
"320-02-011","SIV2025000003078","2025-11-24","377.38","1"
"120-12-009","SIV2025000003079","2025-11-24","36.72","1"
"120-01-011","SIV2025000003080","2025-11-25","327.76","1"
"120-05-005","SIV2025000003081","2025-11-25","3822.65","0"
"120-01-011","SIV2025000003082","2025-11-25","9807.37","0"
"120-02-012","SIV2025000003083","2025-11-25","518.63","1"
"A07669","SIV2025000003084","2025-11-25","2350.93","0"
"120-01-017","SIV2025000003085","2025-11-25","2671.18","0"
"A06429","SIV2025000003086","2025-11-25","7861.96","0"
"A06429","SIV2025000003087","2025-11-25","197.02","1"
"A02452","SIV2025000003088","2025-11-25","370.32","1"
"120-01-006","SIV2025000003089","2025-11-25","7610.27","0"
"120-20-001","SIV2025000003090","2025-11-25","2814.24","0"
"120-05-005","SIV2025000003091","2025-11-25","235.03","1"
"120-05-007","SIV2025000003092","2025-11-25","5936.22","0"
"320-02-012","SIV2025000003093","2025-11-25","1320.56","2"
"120-03-002","SIV2025000003094","2025-11-25","10343.40","0"
"120-03-002","SIV2025000003095","2025-11-25","225.12","1"
"120-15-014","SIV2025000003096","2025-11-26","426.93","1"
"120-03-001","SIV2025000003097","2025-11-26","7312.39","0"
"120-01-002","SIV2025000003098","2025-11-26","234.58","1"
"A02452","SIV2025000003099","2025-11-26","441.97","1"
"120-10-022","SIV2025000003100","2025-11-26","735.39","1"
"120-10-005","SIV2025000003101","2025-11-26","113.24","1"
"120-15-001","SIV2025000003102","2025-11-26","77.91","2"
"120-02-011","SIV2025000003103","2025-11-26","608.76","1"
"120-05-027","SIV2025000003104","2025-11-26","7172.96","0"
"120-02-003","SIV2025000003105","2025-11-26","125.19","1"
"120-03-011","SIV2025000003106","2025-11-26","284.34","1"
"120-05-030","SIV2025000003107","2025-11-26","345.17","2"
"120-02-017","SIV2025000003108","2025-11-26","227.65","2"
"120-10-012","SIV2025000003109","2025-11-26","53.38","2"
"120-01-018","SIV2025000003110","2025-11-26","19.92","1"
"S05728","SIV2025000003111","2025-11-26","866.91","1"
"320-02-013","SIV2025000003112","2025-11-26","68550.98","0"
"320-02-001","SIV2025000003113","2025-11-26","2481.83","1"
"320-02-013","SIV2025000003114","2025-11-26","1941.72","1"
"320-02-013","SIV2025000003115","2025-11-26","18092.58","0"
"320-02-001","SIV2025000003116","2025-11-26","36098.50","0"
"A06188","SIV2025000003117","2025-11-27","269.55","1"
"120-15-016","SIV2025000003118","2025-11-27","233.81","1"
"A03157","SIV2025000003119","2025-11-27","161.77","1"
"120-01-009","SIV2025000003120","2025-11-27","578.86","1"
"A02452","SIV2025000003121","2025-11-27","463.88","2"
"120-02-008","SIV2025000003122","2025-11-27","3474.41","0"
"120-15-003","SIV2025000003123","2025-11-27","3593.78","0"
"120-07-001","SIV2025000003124","2025-11-27","67.96","1"
"120-05-011","SIV2025000003125","2025-11-27","3812.39","0"
"120-02-003","SIV2025000003126","2025-11-27","122.73","2"
"120-01-011","SIV2025000003127","2025-11-27","1153.78","2"
"A02452","SIV2025000003128","2025-11-27","556.13","1"
"120-05-018","SIV2025000003129","2025-11-27","366.75","1"
"320-02-012","SIV2025000003130","2025-11-27","1210.54","2"
"120-03-002","SIV2025000003131","2025-11-27","76.37","1"
"A09133","SIV2025000003132","2025-11-27","122.59","1"
"120-02-014","SIV2025000003133","2025-11-28","531.68","2"
"120-07-007","SIV2025000003134","2025-11-28","303.41","1"
"120-12-004","SIV2025000003135","2025-11-28","738.98","1"
"120-05-019","SIV2025000003136","2025-11-28","178.42","1"
"120-05-020","SIV2025000003137","2025-11-28","75.03","2"
"A07163","SIV2025000003138","2025-11-28","256.29","2"
"A02452","SIV2025000003139","2025-11-28","74.12","2"
"120-05-019","SIV2025000003140","2025-11-28","260.71","2"
"120-07-007","SIV2025000003141","2025-11-28","535.82","2"
"120-02-018","SIV2025000003142","2025-11-28","435.14","1"
"A01157","SIV2025000003143","2025-11-28","467.26","0"
"120-03-002","SIV2025000003144","2025-11-28","34.51","2"
"120-12-009","SIV2025000003145","2025-11-28","145.25","1"
"120-12-001","SIV2025000003146","2025-12-01","19752.04","0"
"120-15-013","SIV2025000003147","2025-12-01","8678.08","0"
"120-20-001","SIV2025000003148","2025-12-01","625.02","2"
"A00247","SIV2025000003149","2025-12-01","179.51","1"
"120-07-004","SIV2025000003150","2025-12-01","593.26","1"
"120-01-001","SIV2025000003151","2025-12-01","109.57","1"
"120-01-013","SIV2025000003152","2025-12-01","832.05","2"
"320-02-006","SIV2025000003153","2025-12-01","1344.16","1"
"320-02-006","SIV2025000003154","2025-12-01","915.27","1"
"320-02-012","SIV2025000003155","2025-12-01","1091.31","1"
"120-07-013","SIV2025000003156","2025-12-02","690.69","1"
"120-15-010","SIV2025000003157","2025-12-02","19043.34","0"
"120-03-001","SIV2025000003158","2025-12-02","397.03","2"
"120-15-009","SIV2025000003159","2025-12-02","451.39","1"
"120-10-009","SIV2025000003160","2025-12-02","7577.98","0"
"120-02-018","SIV2025000003161","2025-12-02","528.11","1"
"120-01-008","SIV2025000003162","2025-12-02","245.35","1"
"120-07-013","SIV2025000003163","2025-12-02","646.25","1"
"120-02-014","SIV2025000003164","2025-12-02","5.09","1"
"S05728","SIV2025000003165","2025-12-02","29666.59","0"
"120-03-002","SIV2025000003166","2025-12-02","3688.85","0"
"120-01-018","SIV2025000003167","2025-12-03","6434.00","0"
"120-03-006","SIV2025000003168","2025-12-03","161.67","1"
"120-10-013","SIV2025000003169","2025-12-03","68.69","1"
"120-12-001","SIV2025000003170","2025-12-03","112.00","1"
"A04929","SIV2025000003171","2025-12-03","436.62","1"
"A05019","SIV2025000003172","2025-12-03","152.55","1"
"120-05-011","SIV2025000003173","2025-12-03","1272.95","0"
"A04921","SIV2025000003174","2025-12-03","178.47","1"
"S06403","SIV2025000003175","2025-12-03","102430.78","0"
"320-02-013","SIV2025000003176","2025-12-03","1898.41","2"
"S06403","SIV2025000003177","2025-12-03","1128.29","2"
"120-03-002","SIV2025000003178","2025-12-03","143.28","1"
"120-05-021","SIV2025000003179","2025-12-04","97.21","1"
"120-07-013","SIV2025000003180","2025-12-04","120.25","2"
"120-01-007","SIV2025000003181","2025-12-04","1127.73","1"
"120-05-015","SIV2025000003182","2025-12-04","727.97","2"
"120-02-013","SIV2025000003183","2025-12-04","427.13","1"
"120-05-003","SIV2025000003184","2025-12-04","306.10","2"
"120-02-004","SIV2025000003185","2025-12-04","83.33","1"
"120-01-009","SIV2025000003186","2025-12-04","240.59","1"
"120-10-015","SIV2025000003187","2025-12-04","306.54","1"
"A07669","SIV2025000003188","2025-12-04","15547.93","0"
"120-03-001","SIV2025000003189","2025-12-04","3614.62","0"
"120-12-001","SIV2025000003190","2025-12-04","62.86","1"
"120-05-002","SIV2025000003191","2025-12-04","14.28","2"
"120-10-003","SIV2025000003192","2025-12-04","203.08","2"
"120-10-001","SIV2025000003193","2025-12-04","115.63","1"
"120-15-008","SIV2025000003194","2025-12-04","410.79","1"
"S06403","SIV2025000003195","2025-12-04","1766.59","1"
"320-02-012","SIV2025000003196","2025-12-04","2490.14","2"
"320-02-013","SIV2025000003197","2025-12-04","361.46","2"
"320-02-011","SIV2025000003198","2025-12-04","4001.65","2"
"120-15-014","SIV2025000003199","2025-12-05","149.63","2"
"120-10-018","SIV2025000003200","2025-12-05","286.89","2"
"120-05-002","SIV2025000003201","2025-12-05","15586.57","0"
"120-07-009","SIV2025000003202","2025-12-05","936.91","1"
"120-05-005","SIV2025000003203","2025-12-05","9045.44","0"
"120-01-018","SIV2025000003204","2025-12-05","629.60","1"
"120-05-015","SIV2025000003205","2025-12-05","10062.13","0"
"A07501","SIV2025000003206","2025-12-05","8821.80","0"
"120-05-017","SIV2025000003207","2025-12-05","189.48","1"
"120-01-007","SIV2025000003208","2025-12-05","4748.38","0"
"120-05-006","SIV2025000003209","2025-12-05","347.10","1"
"120-15-002","SIV2025000003210","2025-12-05","102.46","2"
"120-02-018","SIV2025000003211","2025-12-05","85.73","2"
"A09133","SIV2025000003212","2025-12-05","69.68","1"
"A09133","SIV2025000003213","2025-12-05","6401.62","0"
"A09133","SIV2025000003214","2025-12-05","168.24","2"
"120-05-020","SIV2025000003215","2025-12-08","536.48","1"
"120-03-006","SIV2025000003216","2025-12-08","534.12","1"
"120-07-007","SIV2025000003217","2025-12-08","403.64","1"
"120-07-011","SIV2025000003218","2025-12-08","780.65","1"
"120-07-015","SIV2025000003219","2025-12-08","150.13","2"
"A07669","SIV2025000003220","2025-12-08","498.07","1"
"120-02-016","SIV2025000003221","2025-12-08","5354.75","0"
"120-20-001","SIV2025000003222","2025-12-08","313.06","1"
"A03429","SIV2025000003223","2025-12-08","90.08","1"
"320-02-016","SIV2025000003224","2025-12-08","2185.65","1"
"S05728","SIV2025000003225","2025-12-08","1315.96","2"
"A09133","SIV2025000003226","2025-12-08","159.10","2"
"120-15-009","SIV2025000003227","2025-12-09","129.54","1"
"120-02-007","SIV2025000003228","2025-12-09","34593.41","0"
"120-05-008","SIV2025000003229","2025-12-09","362.95","1"
"120-05-013","SIV2025000003230","2025-12-09","139.39","2"
"120-05-003","SIV2025000003231","2025-12-09","342.29","1"
"A04929","SIV2025000003232","2025-12-09","9596.58","0"
"120-15-003","SIV2025000003233","2025-12-09","752.04","1"
"120-02-011","SIV2025000003234","2025-12-09","181.48","2"
"320-02-003","SIV2025000003235","2025-12-09","34352.83","0"
"120-02-003","SIV2025000003236","2025-12-10","147.00","2"
"120-10-007","SIV2025000003237","2025-12-10","201.95","2"
"A09369","SIV2025000003238","2025-12-10","24.10","2"
"120-02-015","SIV2025000003239","2025-12-10","45.06","1"
"120-02-014","SIV2025000003240","2025-12-10","294.97","1"
"120-15-001","SIV2025000003241","2025-12-10","321.03","1"
"120-01-016","SIV2025000003242","2025-12-10","439.94","1"
"120-03-010","SIV2025000003243","2025-12-10","85.97","2"
"320-02-016","SIV2025000003244","2025-12-10","490.34","1"
"120-03-002","SIV2025000003245","2025-12-10","1199.93","0"
"120-03-002","SIV2025000003246","2025-12-10","5169.07","0"
"A09133","SIV2025000003247","2025-12-10","10.42","1"
"120-03-001","SIV2025000003248","2025-12-11","164.09","2"
"120-05-011","SIV2025000003249","2025-12-11","9028.69","0"
"A02452","SIV2025000003250","2025-12-11","8177.90","0"
"120-05-011","SIV2025000003251","2025-12-11","56.11","1"
"120-01-020","SIV2025000003252","2025-12-11","287.47","1"
"120-02-007","SIV2025000003253","2025-12-11","211.13","1"
"120-07-007","SIV2025000003254","2025-12-11","293.56","1"
"120-01-011","SIV2025000003255","2025-12-11","378.31","2"
"120-03-008","SIV2025000003256","2025-12-11","261.30","1"
"120-02-014","SIV2025000003257","2025-12-11","255.86","1"
"120-02-017","SIV2025000003258","2025-12-11","12858.05","0"
"A08540","SIV2025000003259","2025-12-11","1860.46","0"
"120-15-008","SIV2025000003260","2025-12-11","2803.68","0"
"320-02-001","SIV2025000003261","2025-12-11","676.35","1"
"320-02-001","SIV2025000003262","2025-12-11","102008.92","0"
"S05728","SIV2025000003263","2025-12-11","1037.31","1"
"120-10-001","SIV2025000003264","2025-12-12","754.80","2"
"120-01-011","SIV2025000003265","2025-12-12","6101.48","0"
"120-01-011","SIV2025000003266","2025-12-12","180.86","2"
"120-15-004","SIV2025000003267","2025-12-12","11676.96","0"
"120-07-007","SIV2025000003268","2025-12-12","3708.00","0"
"120-10-005","SIV2025000003269","2025-12-12","173.79","1"
"120-02-014","SIV2025000003270","2025-12-12","132.39","2"
"A00779","SIV2025000003271","2025-12-12","285.39","1"
"A05019","SIV2025000003272","2025-12-12","218.16","2"
"320-02-012","SIV2025000003273","2025-12-12","59525.72","0"
"320-02-003","SIV2025000003274","2025-12-12","1593.38","1"
"120-03-002","SIV2025000003275","2025-12-12","88.07","1"
"120-10-005","SIV2025000003276","2025-12-15","349.66","2"
"120-07-005","SIV2025000003277","2025-12-15","455.66","1"
"120-05-003","SIV2025000003278","2025-12-15","1157.95","2"
"120-01-002","SIV2025000003279","2025-12-15","24170.95","0"
"120-05-019","SIV2025000003280","2025-12-15","150.27","2"
"120-10-010","SIV2025000003281","2025-12-15","172.91","1"
"120-15-003","SIV2025000003282","2025-12-15","262.21","1"
"A09133","SIV2025000003283","2025-12-15","98.22","1"
"120-03-002","SIV2025000003284","2025-12-15","144.67","2"
"A09133","SIV2025000003285","2025-12-15","94.73","1"
"120-05-011","SIV2025000003286","2025-12-16","6473.98","0"
"120-02-014","SIV2025000003287","2025-12-16","10513.03","0"
"120-05-011","SIV2025000003288","2025-12-16","7012.30","0"
"120-05-002","SIV2025000003289","2025-12-16","304.46","2"
"120-05-016","SIV2025000003290","2025-12-16","6668.69","0"
"120-10-011","SIV2025000003291","2025-12-16","346.42","0"
"120-05-030","SIV2025000003292","2025-12-16","205.98","1"
"120-10-016","SIV2025000003293","2025-12-16","605.54","1"
"120-07-013","SIV2025000003294","2025-12-16","15893.92","0"
"A02704","SIV2025000003295","2025-12-16","9140.82","0"
"120-05-008","SIV2025000003296","2025-12-16","543.91","1"
"120-20-001","SIV2025000003297","2025-12-16","7350.12","0"
"120-01-017","SIV2025000003298","2025-12-16","12727.56","0"
"120-05-002","SIV2025000003299","2025-12-16","81.16","1"
"320-02-012","SIV2025000003300","2025-12-16","2758.68","1"
"120-03-002","SIV2025000003301","2025-12-16","3240.54","0"
"120-03-002","SIV2025000003302","2025-12-16","101.09","1"
"120-03-002","SIV2025000003303","2025-12-16","119.52","1"
"120-02-018","SIV2025000003304","2025-12-17","420.39","2"
"120-05-002","SIV2025000003305","2025-12-17","78.21","2"
"A03229","SIV2025000003306","2025-12-17","154.58","1"
"120-05-020","SIV2025000003307","2025-12-17","589.81","1"
"120-01-001","SIV2025000003308","2025-12-17","18164.49","0"
"120-01-022","SIV2025000003309","2025-12-17","410.68","1"
"S06403","SIV2025000003310","2025-12-17","751.65","1"
"S06202","SIV2025000003311","2025-12-17","415.01","2"
"S05728","SIV2025000003312","2025-12-17","1744.08","1"
"120-05-019","SIV2025000003313","2025-12-18","3308.15","0"
"120-15-004","SIV2025000003314","2025-12-18","857.49","1"
"120-01-011","SIV2025000003315","2025-12-18","718.69","1"
"120-05-013","SIV2025000003316","2025-12-18","76.21","1"
"A04929","SIV2025000003317","2025-12-18","353.94","1"
"120-07-003","SIV2025000003318","2025-12-18","7163.94","0"
"120-02-016","SIV2025000003319","2025-12-18","8027.54","0"
"120-02-014","SIV2025000003320","2025-12-18","14157.41","0"
"120-02-018","SIV2025000003321","2025-12-18","290.78","2"
"120-15-014","SIV2025000003322","2025-12-18","304.22","1"
"A09133","SIV2025000003323","2025-12-18","60.24","1"
"120-03-002","SIV2025000003324","2025-12-18","135.79","1"
"A09133","SIV2025000003325","2025-12-18","43.44","2"
"120-03-004","SIV2025000003326","2025-12-19","1233.99","0"
"120-03-006","SIV2025000003327","2025-12-19","14446.74","0"
"120-15-006","SIV2025000003328","2025-12-19","215.44","2"
"A03784","SIV2025000003329","2025-12-19","502.86","1"
"120-15-003","SIV2025000003330","2025-12-19","332.24","1"
"A09369","SIV2025000003331","2025-12-19","493.17","1"
"120-07-004","SIV2025000003332","2025-12-19","267.91","1"
"120-02-016","SIV2025000003333","2025-12-19","14567.94","0"
"A07669","SIV2025000003334","2025-12-19","382.11","2"
"A00911","SIV2025000003335","2025-12-19","179.35","1"
"A06188","SIV2025000003336","2025-12-19","318.74","1"
"120-07-003","SIV2025000003337","2025-12-19","13971.40","0"
"A02452","SIV2025000003338","2025-12-19","536.70","1"
"120-05-006","SIV2025000003339","2025-12-19","28.66","2"
"S06403","SIV2025000003340","2025-12-19","954.96","2"
"320-02-011","SIV2025000003341","2025-12-19","1045.44","1"
"A09133","SIV2025000003342","2025-12-19","24.43","1"
"A05019","SIV2025000003343","2025-12-22","48.45","1"
"A09369","SIV2025000003344","2025-12-22","374.30","1"
"120-02-017","SIV2025000003345","2025-12-22","81.07","1"
"120-02-014","SIV2025000003346","2025-12-22","119.18","2"
"120-02-017","SIV2025000003347","2025-12-22","262.32","1"
"120-20-001","SIV2025000003348","2025-12-22","191.75","2"
"120-05-005","SIV2025000003349","2025-12-22","777.12","1"
"120-01-001","SIV2025000003350","2025-12-22","4662.28","0"
"120-20-001","SIV2025000003351","2025-12-22","200.19","2"
"120-10-010","SIV2025000003352","2025-12-22","161.32","1"
"120-02-003","SIV2025000003353","2025-12-22","167.30","2"
"120-02-017","SIV2025000003354","2025-12-22","451.84","1"
"120-10-001","SIV2025000003355","2025-12-22","1460.70","0"
"S05728","SIV2025000003356","2025-12-22","1367.41","1"
"120-15-002","SIV2025000003357","2025-12-23","532.45","1"
"120-15-019","SIV2025000003358","2025-12-23","12790.16","0"
"120-15-008","SIV2025000003359","2025-12-23","23763.30","0"
"120-10-008","SIV2025000003360","2025-12-23","290.46","2"
"120-01-001","SIV2025000003361","2025-12-23","6979.02","0"
"120-10-019","SIV2025000003362","2025-12-23","18202.21","0"
"120-20-001","SIV2025000003363","2025-12-23","25620.29","0"
"120-07-003","SIV2025000003364","2025-12-23","617.18","0"
"A09133","SIV2025000003365","2025-12-23","3797.66","0"
"120-02-007","SIV2025000003366","2025-12-24","22804.60","0"
"A03229","SIV2025000003367","2025-12-24","268.66","2"
"120-10-016","SIV2025000003368","2025-12-24","10566.64","0"
"A00779","SIV2025000003369","2025-12-24","47.42","1"
"A05019","SIV2025000003370","2025-12-24","14543.46","0"
"120-15-013","SIV2025000003371","2025-12-24","141.65","1"
"120-05-005","SIV2025000003372","2025-12-24","68.98","1"
"120-12-008","SIV2025000003373","2025-12-24","243.27","2"
"120-01-011","SIV2025000003374","2025-12-24","339.35","1"
"320-02-011","SIV2025000003375","2025-12-24","85.31","1"
"320-02-012","SIV2025000003376","2025-12-24","1096.54","1"
"120-03-002","SIV2025000003377","2025-12-24","85.13","1"
"120-03-002","SIV2025000003378","2025-12-24","63.02","1"
"120-05-001","SIV2025000003379","2025-12-25","225.79","1"
"120-20-001","SIV2025000003380","2025-12-25","65.61","2"
"A04929","SIV2025000003381","2025-12-25","231.01","2"
"120-05-003","SIV2025000003382","2025-12-25","332.99","2"
"120-05-011","SIV2025000003383","2025-12-25","263.29","1"
"120-02-009","SIV2025000003384","2025-12-25","215.38","1"
"120-01-023","SIV2025000003385","2025-12-25","485.15","1"
"120-10-010","SIV2025000003386","2025-12-25","2310.44","0"
"A01157","SIV2025000003387","2025-12-25","11706.95","0"
"A03229","SIV2025000003388","2025-12-25","169.37","1"
"120-01-021","SIV2025000003389","2025-12-25","1773.22","0"
"A03229","SIV2025000003390","2025-12-25","469.51","1"
"120-05-002","SIV2025000003391","2025-12-25","4297.08","0"
"120-03-002","SIV2025000003392","2025-12-25","207.64","2"
"120-03-002","SIV2025000003393","2025-12-25","37.80","2"
"120-01-022","SIV2025000003394","2025-12-26","200.20","1"
"120-01-001","SIV2025000003395","2025-12-26","20301.44","0"
"A04902","SIV2025000003396","2025-12-26","9162.80","0"
"120-02-018","SIV2025000003397","2025-12-26","176.11","2"
"120-03-006","SIV2025000003398","2025-12-26","1131.85","0"
"120-05-019","SIV2025000003399","2025-12-26","1747.18","0"
"120-07-003","SIV2025000003400","2025-12-26","523.70","2"
"120-01-006","SIV2025000003401","2025-12-26","535.88","1"
"A00247","SIV2025000003402","2025-12-26","11052.36","0"
"120-02-014","SIV2025000003403","2025-12-26","89.51","1"
"120-01-023","SIV2025000003404","2025-12-26","183.68","1"
"320-02-004","SIV2025000003405","2025-12-26","2333.94","2"
"A09133","SIV2025000003406","2025-12-26","6258.29","0"
"A09133","SIV2025000003407","2025-12-26","7991.77","0"
"120-03-002","SIV2025000003408","2025-12-26","159.32","1"
"120-12-009","SIV2025000003409","2025-12-26","29.66","1"
"A03229","SIV2025000003410","2025-12-29","8309.03","0"
"120-01-018","SIV2025000003411","2025-12-29","280.60","1"
"A07669","SIV2025000003412","2025-12-29","391.01","1"
"120-07-013","SIV2025000003413","2025-12-29","671.09","1"
"120-02-014","SIV2025000003414","2025-12-29","263.28","1"
"120-03-001","SIV2025000003415","2025-12-29","784.19","1"
"120-10-008","SIV2025000003416","2025-12-29","160.49","2"
"120-10-006","SIV2025000003417","2025-12-29","150.62","1"
"120-07-005","SIV2025000003418","2025-12-29","142.26","2"
"S05728","SIV2025000003419","2025-12-29","718.27","1"
"S05728","SIV2025000003420","2025-12-29","61191.22","0"
"A09133","SIV2025000003421","2025-12-29","1933.40","0"
"120-01-002","SIV2025000003422","2025-12-30","37168.15","0"
"120-02-014","SIV2025000003423","2025-12-30","809.39","1"
"120-01-018","SIV2025000003424","2025-12-30","108.02","2"
"120-05-015","SIV2025000003425","2025-12-30","2090.38","1"
"A01157","SIV2025000003426","2025-12-30","211.68","1"
"120-01-011","SIV2025000003427","2025-12-30","13586.65","0"
"120-02-008","SIV2025000003428","2025-12-30","9360.59","0"
"120-01-006","SIV2025000003429","2025-12-30","509.38","2"
"120-02-014","SIV2025000003430","2025-12-30","5651.86","0"
"A02452","SIV2025000003431","2025-12-30","143.17","1"
"A00247","SIV2025000003432","2025-12-30","232.60","2"
"320-02-012","SIV2025000003433","2025-12-30","12572.17","0"
"120-03-002","SIV2025000003434","2025-12-30","151.87","2"
"A02452","SIV2025000003435","2025-12-31","340.26","1"
"120-05-013","SIV2025000003436","2025-12-31","15998.66","0"
"120-01-015","SIV2025000003437","2025-12-31","28268.71","0"
"120-03-001","SIV2025000003438","2025-12-31","236.38","1"
"120-05-003","SIV2025000003439","2025-12-31","8696.06","0"
"120-03-001","SIV2025000003440","2025-12-31","18.67","1"
"120-15-017","SIV2025000003441","2025-12-31","39.58","1"
"320-02-001","SIV2025000003442","2025-12-31","3320.96","2"
"320-02-004","SIV2025000003443","2025-12-31","875.93","1"
"120-03-002","SIV2025000003444","2025-12-31","5768.64","0"
"120-03-002","SIV2025000003445","2025-12-31","3195.78","0"
