trap_id,case_id,entity_type,entity_key,expected_value,note
"T1","T1_open_sales","metric","documents_shared_by_h_and_j","0","Sales = J+C+1 lines plus H+C lines on real customer and collector accounts."
"T1","T1_open_sales","metric","open_sale_documents","922","Sales = J+C+1 lines plus H+C lines on real customer and collector accounts."
"T1","T1_open_sales","metric","open_sale_lines","3200","Sales = J+C+1 lines plus H+C lines on real customer and collector accounts."
"T1","T1_open_sales","metric","sale_invoice_documents","3445","Sales = J+C+1 lines plus H+C lines on real customer and collector accounts."
"T1","T1_open_sales","metric","sale_invoice_lines","14000","Sales = J+C+1 lines plus H+C lines on real customer and collector accounts."
"T2","T2_zero_cost_columns","metric","movement_rows","22480","STHAR_MALIYET and STHAR_ORT_MALIYET are written as 0 on every row."
"T2","T2_zero_cost_columns","metric","rows_with_nonzero_cost_columns","0","STHAR_MALIYET and STHAR_ORT_MALIYET are written as 0 on every row."
"T3","T3a_return_after_purchase","product","100x115x10-FKM-ORL","8.36870423","The latest inbound row with a price is a customer return; the cost is the latest purchase. Naive pick: customer_return at 11.57716332"
"T3","T3a_return_after_purchase","product","105x120x10-NBR-ORL","8.09847092","The latest inbound row with a price is a customer return; the cost is the latest purchase. Naive pick: customer_return at 12.24724056"
"T3","T3a_return_after_purchase","product","10x35x12-NBR-TDR","16.56000000","The latest inbound row with a price is a customer return; the cost is the latest purchase. Naive pick: customer_return at 24.99000000"
"T3","T3a_return_after_purchase","product","115x137x12-NBR-TDR","191.15000000","The latest inbound row with a price is a customer return; the cost is the latest purchase. Naive pick: customer_return at 297.26000000"
"T3","T3a_return_after_purchase","product","120x140x8-FKM-TDR","210.34000000","The latest inbound row with a price is a customer return; the cost is the latest purchase. Naive pick: customer_return at 319.58000000"
"T3","T3a_return_after_purchase","product","25x37x12-FKM-TDR","50.08900000","The latest inbound row with a price is a customer return; the cost is the latest purchase. Naive pick: customer_return at 78.40000000"
"T3","T3a_return_after_purchase","product","32207-ZLT","14.31136897","The latest inbound row with a price is a customer return; the cost is the latest purchase. Naive pick: customer_return at 25.08052361"
"T3","T3a_return_after_purchase","product","32208-KDX","20.32072058","The latest inbound row with a price is a customer return; the cost is the latest purchase. Naive pick: customer_return at 28.82870985"
"T3","T3a_return_after_purchase","product","40x55x7-FKM-TDR","104.47000000","The latest inbound row with a price is a customer return; the cost is the latest purchase. Naive pick: customer_return at 184.82000000"
"T3","T3a_return_after_purchase","product","45x75x7-NBR-ORL","2.81729318","The latest inbound row with a price is a customer return; the cost is the latest purchase. Naive pick: customer_return at 3.95099410"
"T3","T3a_return_after_purchase","product","6004-2RS-TDR","124.15000000","The latest inbound row with a price is a customer return; the cost is the latest purchase. Naive pick: customer_return at 204.49000000"
"T3","T3a_return_after_purchase","product","6010-ZZ-VRN","5.17763062","The latest inbound row with a price is a customer return; the cost is the latest purchase. Naive pick: customer_return at 8.05116334"
"T3","T3a_return_after_purchase","product","6202-VRN","4.72422013","The latest inbound row with a price is a customer return; the cost is the latest purchase. Naive pick: customer_return at 7.80190202"
"T3","T3a_return_after_purchase","product","6206-2RS-C3-VRN","5.66772372","The latest inbound row with a price is a customer return; the cost is the latest purchase. Naive pick: customer_return at 8.78752849"
"T3","T3a_return_after_purchase","product","6214-ZZ-TDR","280.90000000","The latest inbound row with a price is a customer return; the cost is the latest purchase. Naive pick: customer_return at 412.73000000"
"T3","T3a_return_after_purchase","product","6215-2RS-VRN","11.77643191","The latest inbound row with a price is a customer return; the cost is the latest purchase. Naive pick: customer_return at 17.67830601"
"T3","T3a_return_after_purchase","product","6305-KDX","5.70154016","The latest inbound row with a price is a customer return; the cost is the latest purchase. Naive pick: customer_return at 7.76890519"
"T3","T3a_return_after_purchase","product","6305-TDR","124.78000000","The latest inbound row with a price is a customer return; the cost is the latest purchase. Naive pick: customer_return at 184.63000000"
"T3","T3a_return_after_purchase","product","6305-VRN","7.88249817","The latest inbound row with a price is a customer return; the cost is the latest purchase. Naive pick: customer_return at 11.73983411"
"T3","T3a_return_after_purchase","product","6308-KDX","5.19795463","The latest inbound row with a price is a customer return; the cost is the latest purchase. Naive pick: customer_return at 8.52306461"
"T3","T3a_return_after_purchase","product","6805-ZZ-KDX","5.51023644","The latest inbound row with a price is a customer return; the cost is the latest purchase. Naive pick: customer_return at 7.55494853"
"T3","T3a_return_after_purchase","product","6806-ZLT","5.81713202","The latest inbound row with a price is a customer return; the cost is the latest purchase. Naive pick: customer_return at 9.14308453"
"T3","T3a_return_after_purchase","product","6809-2RS-C3-VRN","7.48156417","The latest inbound row with a price is a customer return; the cost is the latest purchase. Naive pick: customer_return at 12.36319375"
"T3","T3a_return_after_purchase","product","6900-2RS-C3-VRN","3.75246726","The latest inbound row with a price is a customer return; the cost is the latest purchase. Naive pick: customer_return at 5.42956049"
"T3","T3a_return_after_purchase","product","70x82x12-NBR-ORL","4.08079789","The latest inbound row with a price is a customer return; the cost is the latest purchase. Naive pick: customer_return at 6.80676379"
"T3","T3a_return_after_purchase","product","70x95x8-NBR-ORL","3.52456914","The latest inbound row with a price is a customer return; the cost is the latest purchase. Naive pick: customer_return at 5.79298397"
"T3","T3a_return_after_purchase","product","85x115x7-FKM-TDR","147.22000000","The latest inbound row with a price is a customer return; the cost is the latest purchase. Naive pick: customer_return at 244.40000000"
"T3","T3a_return_after_purchase","product","90x105x7-NBR-ORL","6.66382194","The latest inbound row with a price is a customer return; the cost is the latest purchase. Naive pick: customer_return at 9.89296138"
"T3","T3a_return_after_purchase","product","A-32-MRV","2.41389969","The latest inbound row with a price is a customer return; the cost is the latest purchase. Naive pick: customer_return at 3.90118839"
"T3","T3a_return_after_purchase","product","A-40-TDR","84.91000000","The latest inbound row with a price is a customer return; the cost is the latest purchase. Naive pick: customer_return at 129.12000000"
"T3","T3a_return_after_purchase","product","A-76-TDR","230.05000000","The latest inbound row with a price is a customer return; the cost is the latest purchase. Naive pick: customer_return at 357.41000000"
"T3","T3a_return_after_purchase","product","NU211-KDX","29.81561399","The latest inbound row with a price is a customer return; the cost is the latest purchase. Naive pick: customer_return at 41.95233572"
"T3","T3a_return_after_purchase","product","NU212-KDX","29.66632970","The latest inbound row with a price is a customer return; the cost is the latest purchase. Naive pick: customer_return at 46.46387540"
"T3","T3a_return_after_purchase","product","SPA-1300-MRV","7.22850521","The latest inbound row with a price is a customer return; the cost is the latest purchase. Naive pick: customer_return at 11.85969967"
"T3","T3a_return_after_purchase","product","SPA-2100-MRV","12.02495562","The latest inbound row with a price is a customer return; the cost is the latest purchase. Naive pick: customer_return at 17.93652981"
"T3","T3a_return_after_purchase","product","SPB-1300-MRV","7.31241938","The latest inbound row with a price is a customer return; the cost is the latest purchase. Naive pick: customer_return at 11.11683355"
"T3","T3a_return_after_purchase","product","SPB-1600-MRV","7.53140634","The latest inbound row with a price is a customer return; the cost is the latest purchase. Naive pick: customer_return at 10.40766832"
"T3","T3a_return_after_purchase","product","SPB-600-TDR","97.86000000","The latest inbound row with a price is a customer return; the cost is the latest purchase. Naive pick: customer_return at 170.87000000"
"T3","T3a_return_after_purchase","product","Z-40-TDR","87.46000000","The latest inbound row with a price is a customer return; the cost is the latest purchase. Naive pick: customer_return at 146.02000000"
"T3","T3a_return_after_purchase","product","Z-80-MRV","5.08803017","The latest inbound row with a price is a customer return; the cost is the latest purchase. Naive pick: customer_return at 7.95787067"
"T3","T3b_opening_fallback","product","105x122x12-NBR-ORL","4.92470446","No purchase this year; the cost falls back to the opening row. Naive pick: opening at 4.92470446"
"T3","T3b_opening_fallback","product","10x27x8-FKM-ORL","0.71386234","No purchase this year; the cost falls back to the opening row. Naive pick: opening at 0.71386234"
"T3","T3b_opening_fallback","product","15x35x7-FKM-TDR","17.16000000","No purchase this year; the cost falls back to the opening row. Naive pick: opening at 17.16000000"
"T3","T3b_opening_fallback","product","25x42x8-FKM-TDR","38.44000000","No purchase this year; the cost falls back to the opening row. Naive pick: opening at 38.44000000"
"T3","T3b_opening_fallback","product","30x50x10-FKM-ORL","1.90835632","No purchase this year; the cost falls back to the opening row. Naive pick: opening at 1.90835632"
"T3","T3b_opening_fallback","product","35x57x12-FKM-ORL","2.54991345","No purchase this year; the cost falls back to the opening row. Naive pick: opening at 2.54991345"
"T3","T3b_opening_fallback","product","40x62x10-NBR-TDR","53.70000000","No purchase this year; the cost falls back to the opening row. Naive pick: opening at 53.70000000"
"T3","T3b_opening_fallback","product","60x82x10-NBR-ORL","3.35972664","No purchase this year; the cost falls back to the opening row. Naive pick: opening at 3.35972664"
"T3","T3b_opening_fallback","product","60x82x12-NBR-TDR","64.92000000","No purchase this year; the cost falls back to the opening row. Naive pick: opening at 64.92000000"
"T3","T3b_opening_fallback","product","60x90x12-NBR-ORL","2.82884386","No purchase this year; the cost falls back to the opening row. Naive pick: opening at 2.82884386"
"T3","T3b_opening_fallback","product","6200-ZLT","2.58525881","No purchase this year; the cost falls back to the opening row. Naive pick: opening at 2.58525881"
"T3","T3b_opening_fallback","product","6201-ZZ-VRN","4.19175299","No purchase this year; the cost falls back to the opening row. Naive pick: opening at 4.19175299"
"T3","T3b_opening_fallback","product","6202-2RS-C3-KDX","3.60562660","No purchase this year; the cost falls back to the opening row. Naive pick: opening at 3.60562660"
"T3","T3b_opening_fallback","product","6202-2RS-KDX","3.67861837","No purchase this year; the cost falls back to the opening row. Naive pick: opening at 3.67861837"
"T3","T3b_opening_fallback","product","6204-2RS-C3-KDX","3.67464018","No purchase this year; the cost falls back to the opening row. Naive pick: opening at 3.67464018"
"T3","T3b_opening_fallback","product","6214-VRN","11.89209052","No purchase this year; the cost falls back to the opening row. Naive pick: opening at 11.89209052"
"T3","T3b_opening_fallback","product","6301-ZZ-VRN","2.92054336","No purchase this year; the cost falls back to the opening row. Naive pick: opening at 2.92054336"
"T3","T3b_opening_fallback","product","6304-ZZ-ZLT","2.42330328","No purchase this year; the cost falls back to the opening row. Naive pick: opening at 2.42330328"
"T3","T3b_opening_fallback","product","6308-ZZ-VRN","6.88410058","No purchase this year; the cost falls back to the opening row. Naive pick: opening at 6.88410058"
"T3","T3b_opening_fallback","product","65x95x7-NBR-ORL","4.02238727","No purchase this year; the cost falls back to the opening row. Naive pick: opening at 4.02238727"
"T3","T3b_opening_fallback","product","6804-2RS-C3-KDX","3.31442960","No purchase this year; the cost falls back to the opening row. Naive pick: opening at 3.31442960"
"T3","T3b_opening_fallback","product","6804-2RS-TDR","140.58000000","No purchase this year; the cost falls back to the opening row. Naive pick: opening at 140.58000000"
"T3","T3b_opening_fallback","product","6807-2RS-TDR","128.00000000","No purchase this year; the cost falls back to the opening row. Naive pick: opening at 128.00000000"
"T3","T3b_opening_fallback","product","6807-KDX","6.52001977","No purchase this year; the cost falls back to the opening row. Naive pick: opening at 6.52001977"
"T3","T3b_opening_fallback","product","6808-TDR","141.47000000","No purchase this year; the cost falls back to the opening row. Naive pick: opening at 141.47000000"
"T3","T3b_opening_fallback","product","6910--ZZ-ZLT","5.24226680","No purchase this year; the cost falls back to the opening row. Naive pick: opening at 5.24226680"
"T3","T3b_opening_fallback","product","SPZ-2000-MRV","9.41146038","No purchase this year; the cost falls back to the opening row. Naive pick: opening at 9.41146038"
"T3","T3b_opening_fallback","product","XPZ-1300-MRV","5.34528177","No purchase this year; the cost falls back to the opening row. Naive pick: opening at 5.34528177"
"T3","T3b_opening_fallback","product","XPZ-2500-MRV","12.41486504","No purchase this year; the cost falls back to the opening row. Naive pick: opening at 12.41486504"
"T3","T3b_opening_fallback","product","XPZ-600-TDR","46.98000000","No purchase this year; the cost falls back to the opening row. Naive pick: opening at 46.98000000"
"T3","T3c_no_cost_source","product","110x140x7-NBR-ORL",,"Only customer returns; there is no cost source, so the cost must be NULL. Naive pick: customer_return at 11.79631563"
"T3","T3c_no_cost_source","product","1207-TDR",,"Only customer returns; there is no cost source, so the cost must be NULL. Naive pick: customer_return at 682.15000000"
"T3","T3c_no_cost_source","product","25x40x7-FKM-ORL",,"Only customer returns; there is no cost source, so the cost must be NULL. Naive pick: customer_return at 2.43080481"
"T3","T3c_no_cost_source","product","40x65x8-FKM-ORL",,"Only customer returns; there is no cost source, so the cost must be NULL. Naive pick: customer_return at 3.66406845"
"T3","T3c_no_cost_source","product","6801-ZZ-TDR",,"Only customer returns; there is no cost source, so the cost must be NULL. Naive pick: customer_return at 185.05000000"
"T3","T3d_priority_over_date","product","6003-ZLT ","3.65999797","Purchase and opening row share 1 January and the opening row has the higher insert key; priority decides. Naive pick: opening at 3.54536594"
"T3","T3d_priority_over_date","product","6011-2RS-C3-VRN","8.00602952","Purchase and opening row share 1 January and the opening row has the higher insert key; priority decides. Naive pick: opening at 7.82308789"
"T3","T3d_priority_over_date","product","6200-ZZ-KDX","2.75936423","Purchase and opening row share 1 January and the opening row has the higher insert key; priority decides. Naive pick: opening at 2.69296676"
"T3","T3d_priority_over_date","product","6305-ZLT","4.03245493","Purchase and opening row share 1 January and the opening row has the higher insert key; priority decides. Naive pick: opening at 3.96150055"
"T3","T3d_priority_over_date","product","NU209-VRN","36.17726072","Purchase and opening row share 1 January and the opening row has the higher insert key; priority decides. Naive pick: opening at 35.27511019"
"T4","T4_same_date_tie","product","100x122x7-FKM-TDR","220.19000000","Two purchases on the latest purchase date; the higher insert key wins. Naive pick: purchase at 220.19000000 Winner has the lower price."
"T4","T4_same_date_tie","product","105x125x10-NBR-ORL","5.19159536","Two purchases on the latest purchase date; the higher insert key wins. Naive pick: purchase at 5.19159536 Winner has the lower price."
"T4","T4_same_date_tie","product","10x30x10-FKM-TDR","17.10000000","Two purchases on the latest purchase date; the higher insert key wins. Naive pick: purchase at 17.10000000 Winner has the lower price."
"T4","T4_same_date_tie","product","1208-TDR","654.14000000","Two purchases on the latest purchase date; the higher insert key wins. Naive pick: purchase at 654.14000000 Winner has the lower price."
"T4","T4_same_date_tie","product","6000-2RS-C3-ZLT","2.17331795","Two purchases on the latest purchase date; the higher insert key wins. Naive pick: purchase at 2.17331795 Winner has the lower price."
"T4","T4_same_date_tie","product","6000-KDX","3.36188688","Two purchases on the latest purchase date; the higher insert key wins. Naive pick: purchase at 3.36188688 Winner has the lower price."
"T4","T4_same_date_tie","product","6008-2RS-ZLT","5.59354772","Two purchases on the latest purchase date; the higher insert key wins. Naive pick: purchase at 5.59354772 Winner has the lower price."
"T4","T4_same_date_tie","product","6008-ZZ-KDX","7.00503914","Two purchases on the latest purchase date; the higher insert key wins. Naive pick: purchase at 7.00503914 Winner has the higher price."
"T4","T4_same_date_tie","product","60x85x10-FKM-TDR","104.22000000","Two purchases on the latest purchase date; the higher insert key wins. Naive pick: purchase at 104.22000000 Winner has the higher price."
"T4","T4_same_date_tie","product","6302-ZLT","4.60794686","Two purchases on the latest purchase date; the higher insert key wins. Naive pick: purchase at 4.60794686 Winner has the higher price."
"T4","T4_same_date_tie","product","6805-ZZ-ZLT","5.85442227","Two purchases on the latest purchase date; the higher insert key wins. Naive pick: purchase at 5.85442227 Winner has the higher price."
"T4","T4_same_date_tie","product","6901-VRN","4.58249731","Two purchases on the latest purchase date; the higher insert key wins. Naive pick: purchase at 4.58249731 Winner has the higher price."
"T4","T4_same_date_tie","product","6902-2RS-VRN","4.11352751","Two purchases on the latest purchase date; the higher insert key wins. Naive pick: purchase at 4.11352751 Winner has the higher price."
"T4","T4_same_date_tie","product","6903-2RS-C3-TDR","140.05000000","Two purchases on the latest purchase date; the higher insert key wins. Naive pick: purchase at 140.05000000 Winner has the lower price."
"T4","T4_same_date_tie","product","70x90x12-NBR-TDR","134.45000000","Two purchases on the latest purchase date; the higher insert key wins. Naive pick: purchase at 134.45000000 Winner has the higher price."
"T4","T4_same_date_tie","product","80x92x7-FKM-TDR","128.25000000","Two purchases on the latest purchase date; the higher insert key wins. Naive pick: purchase at 128.25000000 Winner has the higher price."
"T4","T4_same_date_tie","product","90x105x12-FKM-ORL","5.90653928","Two purchases on the latest purchase date; the higher insert key wins. Naive pick: purchase at 5.90653928 Winner has the lower price."
"T4","T4_same_date_tie","product","B-68-TDR","183.31000000","Two purchases on the latest purchase date; the higher insert key wins. Naive pick: purchase at 183.31000000 Winner has the lower price."
"T4","T4_same_date_tie","product","NJ206-TDR ","499.31000000","Two purchases on the latest purchase date; the higher insert key wins. Naive pick: purchase at 499.31000000 Winner has the higher price."
"T4","T4_same_date_tie","product","SPB-1500-MRV","4.95074656","Two purchases on the latest purchase date; the higher insert key wins. Naive pick: purchase at 4.95074656 Winner has the lower price."
"T4","T4_same_date_tie","product","SPB-2000-MRV","10.92931897","Two purchases on the latest purchase date; the higher insert key wins. Naive pick: purchase at 10.92931897 Winner has the higher price."
"T4","T4_same_date_tie","product","SPB-700-MRV","4.44789883","Two purchases on the latest purchase date; the higher insert key wins. Naive pick: purchase at 4.44789883 Winner has the lower price."
"T4","T4_same_date_tie","product","SPZ-1500-MRV","9.54338877","Two purchases on the latest purchase date; the higher insert key wins. Naive pick: purchase at 9.54338877 Winner has the higher price."
"T4","T4_same_date_tie","product","SPZ-1900-MRV","12.11381196","Two purchases on the latest purchase date; the higher insert key wins. Naive pick: purchase at 12.11381196 Winner has the higher price."
"T4","T4_same_date_tie","product","SPZ-2400-MRV","12.36771061","Two purchases on the latest purchase date; the higher insert key wins. Naive pick: purchase at 12.36771061 Winner has the higher price."
"T5","T5a_adjustment_latest","product","10x35x12-NBR-ORL","0.87760595","The latest inbound row with a price is H+G+4; it is a reference figure, not a cost. Naive pick: customer_adjustment at 0.79285049"
"T5","T5a_adjustment_latest","product","20x50x12-NBR-ORL","1.62704655","The latest inbound row with a price is H+G+4; it is a reference figure, not a cost. Naive pick: customer_adjustment at 1.52762669"
"T5","T5a_adjustment_latest","product","2209-VRN","22.04114008","The latest inbound row with a price is H+G+4; it is a reference figure, not a cost. Naive pick: customer_adjustment at 19.59276817"
"T5","T5a_adjustment_latest","product","40x62x10-FKM-TDR","63.37000000","The latest inbound row with a price is H+G+4; it is a reference figure, not a cost. Naive pick: customer_adjustment at 60.75000000"
"T5","T5a_adjustment_latest","product","6004-2RS-ZLT","4.48384779","The latest inbound row with a price is H+G+4; it is a reference figure, not a cost. Naive pick: customer_adjustment at 3.96440096"
"T5","T5a_adjustment_latest","product","6004-ZZ-VRN","7.38105140","The latest inbound row with a price is H+G+4; it is a reference figure, not a cost. Naive pick: customer_adjustment at 6.55151436"
"T5","T5a_adjustment_latest","product","6010-2RS-TDR","274.04000000","The latest inbound row with a price is H+G+4; it is a reference figure, not a cost. Naive pick: customer_adjustment at 261.77000000"
"T5","T5a_adjustment_latest","product","60x72x8-FKM-ORL","3.76158877","The latest inbound row with a price is H+G+4; it is a reference figure, not a cost. Naive pick: customer_adjustment at 3.47611471"
"T5","T5a_adjustment_latest","product","6203-2RS-C3-KDX","3.76464544","The latest inbound row with a price is H+G+4; it is a reference figure, not a cost. Naive pick: customer_adjustment at 3.28037423"
"T5","T5a_adjustment_latest","product","6206-2RS-C3-KDX","2.90127835","The latest inbound row with a price is H+G+4; it is a reference figure, not a cost. Naive pick: customer_adjustment at 2.59681070"
"T5","T5a_adjustment_latest","product","6207-2RS-C3-KDX","6.03301258","The latest inbound row with a price is H+G+4; it is a reference figure, not a cost. Naive pick: customer_adjustment at 5.41840219"
"T5","T5a_adjustment_latest","product","6207-KDX","4.56362565","The latest inbound row with a price is H+G+4; it is a reference figure, not a cost. Naive pick: customer_adjustment at 4.13934775"
"T5","T5a_adjustment_latest","product","6309-2RS-C3-TDR","253.41000000","The latest inbound row with a price is H+G+4; it is a reference figure, not a cost. Naive pick: customer_adjustment at 226.77000000"
"T5","T5a_adjustment_latest","product","6808-VRN","9.98378540","The latest inbound row with a price is H+G+4; it is a reference figure, not a cost. Naive pick: customer_adjustment at 9.36937657"
"T5","T5a_adjustment_latest","product","6809-VRN","7.58927311","The latest inbound row with a price is H+G+4; it is a reference figure, not a cost. Naive pick: customer_adjustment at 7.21601369"
"T5","T5a_adjustment_latest","product","6810-KDX","5.13545482","The latest inbound row with a price is H+G+4; it is a reference figure, not a cost. Naive pick: customer_adjustment at 4.49415992"
"T5","T5a_adjustment_latest","product","80x95x8-NBR-TDR","128.23000000","The latest inbound row with a price is H+G+4; it is a reference figure, not a cost. Naive pick: customer_adjustment at 113.53000000"
"T5","T5a_adjustment_latest","product","B-60-MRV","5.42889648","The latest inbound row with a price is H+G+4; it is a reference figure, not a cost. Naive pick: customer_adjustment at 4.86818892"
"T5","T5a_adjustment_latest","product","NU210-KDX","30.21580747","The latest inbound row with a price is H+G+4; it is a reference figure, not a cost. Naive pick: customer_adjustment at 24.94284300"
"T5","T5a_adjustment_latest","product","NU210-VRN","41.23268598","The latest inbound row with a price is H+G+4; it is a reference figure, not a cost. Naive pick: customer_adjustment at 37.31188024"
"T5","T5b_adjustment_only","product","30x60x7-NBR-ORL",,"Only H+G+4 rows; the cost must be NULL and H+G+4 is a reference figure only. Naive pick: customer_adjustment at 1.55948552"
"T5","T5b_adjustment_only","product","6205-2RS-VRN",,"Only H+G+4 rows; the cost must be NULL and H+G+4 is a reference figure only. Naive pick: customer_adjustment at 5.05952309"
"T5","T5b_adjustment_only","product","6211-2RS-C3-TDR",,"Only H+G+4 rows; the cost must be NULL and H+G+4 is a reference figure only. Naive pick: customer_adjustment at 229.74360000"
"T5","T5b_adjustment_only","product","6803-2RS-C3-VRN",,"Only H+G+4 rows; the cost must be NULL and H+G+4 is a reference figure only. Naive pick: customer_adjustment at 4.32535484"
"T5","T5b_adjustment_only","product","SPZ-1700-MRV",,"Only H+G+4 rows; the cost must be NULL and H+G+4 is a reference figure only. Naive pick: customer_adjustment at 8.16098054"
"T6","T6_sales_by_account_class","metric","bidirectional_dealers","15","H+C and J+C+1 lines. Internal rows are H+C only and are not sales."
"T6","T6_sales_by_account_class","metric","sale_lines_collector","1500","H+C and J+C+1 lines. Internal rows are H+C only and are not sales."
"T6","T6_sales_by_account_class","metric","sale_lines_dealer","1800","H+C and J+C+1 lines. Internal rows are H+C only and are not sales."
"T6","T6_sales_by_account_class","metric","sale_lines_end_customer","13900","H+C and J+C+1 lines. Internal rows are H+C only and are not sales."
"T6","T6_sales_by_account_class","metric","sale_lines_internal","500","H+C and J+C+1 lines. Internal rows are H+C only and are not sales."
"T6","T6_sales_by_account_class","metric","sale_quantity_collector","4939","H+C and J+C+1 lines. Internal rows are H+C only and are not sales."
"T6","T6_sales_by_account_class","metric","sale_quantity_dealer","37320","H+C and J+C+1 lines. Internal rows are H+C only and are not sales."
"T6","T6_sales_by_account_class","metric","sale_quantity_end_customer","96438","H+C and J+C+1 lines. Internal rows are H+C only and are not sales."
"T6","T6_sales_by_account_class","metric","sale_quantity_internal","3388","H+C and J+C+1 lines. Internal rows are H+C only and are not sales."
"T7","T7a_internal_account","account","120-04-001","0","Created 2021; segment size 1. Expected value: outbound H+C lines this year."
"T7","T7a_internal_account","account","120-09-001","0","Created 2022; segment size 1. Expected value: outbound H+C lines this year."
"T7","T7a_internal_account","account","120-11-001","120","Created 2023; segment size 1. Expected value: outbound H+C lines this year."
"T7","T7a_internal_account","account","120-14-001","150","Created 2024; segment size 1. Expected value: outbound H+C lines this year."
"T7","T7a_internal_account","account","120-16-002","230","Created 2025; segment size 2. Expected value: outbound H+C lines this year."
"T7","T7b_structural_false_positive","account","120-16-001",,"Real customer in a small segment (size 2); flagged by the signal."
"T7","T7b_structural_false_positive","account","120-20-001",,"Real customer in a small segment (size 1); flagged by the signal."
"T8","T8_collector_account","account","120-03-002","822","Anonymous walk-in buyers: real revenue, no identifiable end customer. Expected value: sale lines."
"T8","T8_collector_account","account","120-12-009","140","Anonymous walk-in buyers: real revenue, no identifiable end customer. Expected value: sale lines."
"T8","T8_collector_account","account","A09133","538","Anonymous walk-in buyers: real revenue, no identifiable end customer. Expected value: sale lines."
"T9","T9_dealer_returns","metric","customer_return_rows_inbound","550","L rows on 320-/S accounts go both ways; customer L rows are inbound only."
"T9","T9_dealer_returns","metric","customer_return_rows_outbound","0","L rows on 320-/S accounts go both ways; customer L rows are inbound only."
"T9","T9_dealer_returns","metric","dealer_return_rows_inbound","220","L rows on 320-/S accounts go both ways; customer L rows are inbound only."
"T9","T9_dealer_returns","metric","dealer_return_rows_outbound","200","L rows on 320-/S accounts go both ways; customer L rows are inbound only."
"T10","T10a_missing_from_balance","product","2205-ZLT","45","Holds stock but has no row in the balance view. Expected value: true stock."
"T10","T10a_missing_from_balance","product","30208-VRN","12","Holds stock but has no row in the balance view. Expected value: true stock."
"T10","T10a_missing_from_balance","product","30x45x8-NBR-ORL","155","Holds stock but has no row in the balance view. Expected value: true stock."
"T10","T10a_missing_from_balance","product","30x47x12--NBR-ORL","65","Holds stock but has no row in the balance view. Expected value: true stock."
"T10","T10a_missing_from_balance","product","55x77x10-FKM-ORL","61","Holds stock but has no row in the balance view. Expected value: true stock."
"T10","T10a_missing_from_balance","product","6004--2RS-VRN","417","Holds stock but has no row in the balance view. Expected value: true stock."
"T10","T10a_missing_from_balance","product","6005-2RS-C3-VRN","11","Holds stock but has no row in the balance view. Expected value: true stock."
"T10","T10a_missing_from_balance","product","6012-TDR","35","Holds stock but has no row in the balance view. Expected value: true stock."
"T10","T10a_missing_from_balance","product","60x82x7-FKM-ORL","128","Holds stock but has no row in the balance view. Expected value: true stock."
"T10","T10a_missing_from_balance","product","6205-2RS-C3-TDR","70","Holds stock but has no row in the balance view. Expected value: true stock."
"T10","T10a_missing_from_balance","product","6305-2RS-KDX","68","Holds stock but has no row in the balance view. Expected value: true stock."
"T10","T10a_missing_from_balance","product","6311-2RS-TDR","45","Holds stock but has no row in the balance view. Expected value: true stock."
"T10","T10a_missing_from_balance","product","80x95x8-FKM-ORL","150","Holds stock but has no row in the balance view. Expected value: true stock."
"T10","T10a_missing_from_balance","product","A-64-TDR","59","Holds stock but has no row in the balance view. Expected value: true stock."
"T10","T10a_missing_from_balance","product","SPA-1100-MRV","57","Holds stock but has no row in the balance view. Expected value: true stock."
"T10","T10b_zero_balance_control","product","110x130x8-FKM-TDR","0","Present in the balance view with a balance of 0."
"T10","T10b_zero_balance_control","product","110x140x10-NBR-ORL","0","Present in the balance view with a balance of 0."
"T10","T10b_zero_balance_control","product","6001-ZZ-TDR","0","Present in the balance view with a balance of 0."
"T10","T10b_zero_balance_control","product","6003-2RS-VRN","0","Present in the balance view with a balance of 0."
"T10","T10b_zero_balance_control","product","6009-2RS-TDR","0","Present in the balance view with a balance of 0."
"T10","T10b_zero_balance_control","product","6203-2RS-C3-VRN","0","Present in the balance view with a balance of 0."
"T10","T10b_zero_balance_control","product","6203-ZZ-VRN","0","Present in the balance view with a balance of 0."
"T10","T10b_zero_balance_control","product","6204-KDX","0","Present in the balance view with a balance of 0."
"T10","T10b_zero_balance_control","product","6207-2RS-KDX","0","Present in the balance view with a balance of 0."
"T10","T10b_zero_balance_control","product","6211-VRN","0","Present in the balance view with a balance of 0."
"T10","T10b_zero_balance_control","product","6213-2RS-C3-KDX","0","Present in the balance view with a balance of 0."
"T10","T10b_zero_balance_control","product","6215-2RS-C3-TDR","0","Present in the balance view with a balance of 0."
"T10","T10b_zero_balance_control","product","6215-2RS-TDR","0","Present in the balance view with a balance of 0."
"T10","T10b_zero_balance_control","product","6307-2RS-C3-VRN ","0","Present in the balance view with a balance of 0."
"T10","T10b_zero_balance_control","product","6310-2RS-C3-KDX","0","Present in the balance view with a balance of 0."
"T10","T10b_zero_balance_control","product","65x77x12-NBR-ORL","0","Present in the balance view with a balance of 0."
"T10","T10b_zero_balance_control","product","6801-KDX","0","Present in the balance view with a balance of 0."
"T10","T10b_zero_balance_control","product","6805-ZZ-VRN","0","Present in the balance view with a balance of 0."
"T10","T10b_zero_balance_control","product","6807-2RS-C3-TDR","0","Present in the balance view with a balance of 0."
"T10","T10b_zero_balance_control","product","6808-ZZ-KDX","0","Present in the balance view with a balance of 0."
"T10","T10b_zero_balance_control","product","6904-2RS-C3-ZLT","0","Present in the balance view with a balance of 0."
"T10","T10b_zero_balance_control","product","6905-KDX","0","Present in the balance view with a balance of 0."
"T10","T10b_zero_balance_control","product","6906-VRN","0","Present in the balance view with a balance of 0."
"T10","T10b_zero_balance_control","product","6906-ZZ-TDR","0","Present in the balance view with a balance of 0."
"T10","T10b_zero_balance_control","product","6910-2RS-KDX","0","Present in the balance view with a balance of 0."
"T10","T10b_zero_balance_control","product","75x92x8-FKM-TDR","0","Present in the balance view with a balance of 0."
"T10","T10b_zero_balance_control","product","75x95x12-NBR-TDR","0","Present in the balance view with a balance of 0."
"T10","T10b_zero_balance_control","product","95x110x8-FKM-ORL","0","Present in the balance view with a balance of 0."
"T10","T10b_zero_balance_control","product","95x117x8-NBR-TDR","0","Present in the balance view with a balance of 0."
"T10","T10b_zero_balance_control","product","A-56-TDR","0","Present in the balance view with a balance of 0."
"T10","T10b_zero_balance_control","product","A-72-MRV","0","Present in the balance view with a balance of 0."
"T10","T10b_zero_balance_control","product","B-40-TDR","0","Present in the balance view with a balance of 0."
"T10","T10b_zero_balance_control","product","NJ210-KDX","0","Present in the balance view with a balance of 0."
"T10","T10b_zero_balance_control","product","SPA-1800-TDR","0","Present in the balance view with a balance of 0."
"T10","T10b_zero_balance_control","product","SPB-1700-TDR","0","Present in the balance view with a balance of 0."
"T10","T10b_zero_balance_control","product","SPZ-1800-TDR","0","Present in the balance view with a balance of 0."
"T10","T10b_zero_balance_control","product","XPZ-1600-MRV","0","Present in the balance view with a balance of 0."
"T10","T10b_zero_balance_control","product","XPZ-1900-MRV","0","Present in the balance view with a balance of 0."
"T10","T10b_zero_balance_control","product","XPZ-2100-TDR","0","Present in the balance view with a balance of 0."
"T10","T10b_zero_balance_control","product","XPZ-2200-TDR","0","Present in the balance view with a balance of 0."
"T11","T11a_depot_negative","product","1210-VRN","balance=50;depot_total=-2","Depot total negative, balance positive and higher."
"T11","T11a_depot_negative","product","15x35x12-NBR-TDR","balance=76;depot_total=-7","Depot total negative, balance positive and higher."
"T11","T11a_depot_negative","product","30208-KDX","balance=13;depot_total=-6","Depot total negative, balance positive and higher."
"T11","T11a_depot_negative","product","32211-VRN","balance=16;depot_total=-2","Depot total negative, balance positive and higher."
"T11","T11a_depot_negative","product","6003-ZZ-KDX","balance=225;depot_total=-5","Depot total negative, balance positive and higher."
"T11","T11a_depot_negative","product","6005-ZZ-KDX","balance=26;depot_total=-4","Depot total negative, balance positive and higher."
"T11","T11a_depot_negative","product","6011-2RS-KDX ","balance=35;depot_total=-19","Depot total negative, balance positive and higher."
"T11","T11a_depot_negative","product","6908-ZZ-TDR","balance=104;depot_total=-15","Depot total negative, balance positive and higher."
"T11","T11a_depot_negative","product","80x102x10-NBR-ORL","balance=45;depot_total=-16","Depot total negative, balance positive and higher."
"T11","T11a_depot_negative","product","SPA-2400-MRV","balance=37;depot_total=-14","Depot total negative, balance positive and higher."
"T11","T11b_depot_higher","product","6010-2RS-C3-TDR","balance=18;depot_total=26","Depot shows stock that the balance does not show."
"T11","T11b_depot_higher","product","6209-VRN","balance=52;depot_total=80","Depot shows stock that the balance does not show."
"T11","T11b_depot_higher","product","6902-ZZ-KDX","balance=169;depot_total=282","Depot shows stock that the balance does not show."
"T11","T11b_depot_higher","product","6910-ZZ-TDR","balance=77;depot_total=80","Depot shows stock that the balance does not show."
"T11","T11b_depot_higher","product","80x105x10-FKM-ORL","balance=39;depot_total=48","Depot shows stock that the balance does not show."
"T11","T11b_depot_higher","product","NU212-TDR","balance=42;depot_total=164","Depot shows stock that the balance does not show."
"T11","T11c_other_mismatch","product","15x32x12-NBR-ORL","balance=239;depot_total=224","Other disagreement between the two sources."
"T11","T11c_other_mismatch","product","2206--VRN","balance=116;depot_total=108","Other disagreement between the two sources."
"T11","T11c_other_mismatch","product","55x72x7-NBR-ORL","balance=27;depot_total=29","Other disagreement between the two sources."
"T11","T11c_other_mismatch","product","6002-KDX","balance=66;depot_total=75","Other disagreement between the two sources."
"T11","T11c_other_mismatch","product","6312-2RS-C3-VRN","balance=-5;depot_total=92","Other disagreement between the two sources."
"T11","T11d_both_negative","product","15x35x7-FKM-ORL","balance=-4;depot_total=-4","Both sources agree on a negative figure (control group)."
"T11","T11d_both_negative","product","55x77x8-NBR-TDR","balance=-8;depot_total=-8","Both sources agree on a negative figure (control group)."
"T11","T11d_both_negative","product","6000-2RS-C3-KDX","balance=-3;depot_total=-3","Both sources agree on a negative figure (control group)."
"T11","T11d_both_negative","product","SPB-2400-MRV","balance=-5;depot_total=-5","Both sources agree on a negative figure (control group)."
"T11","T11d_both_negative","product","XPZ-2300-TDR","balance=-6;depot_total=-6","Both sources agree on a negative figure (control group)."
"T12","T12_depot_3_stock","product","105x125x12-NBR-ORL","17","Stock in depot 3; missing from the depot balance source. Expected value: depot 3 stock."
"T12","T12_depot_3_stock","product","20x45x8-FKM-ORL","27","Stock in depot 3; missing from the depot balance source. Expected value: depot 3 stock."
"T12","T12_depot_3_stock","product","6004-VRN","19","Stock in depot 3; missing from the depot balance source. Expected value: depot 3 stock."
"T12","T12_depot_3_stock","product","6209-2RS-C3-TDR","7","Stock in depot 3; missing from the depot balance source. Expected value: depot 3 stock."
"T12","T12_depot_3_stock","product","6311-VRN","18","Stock in depot 3; missing from the depot balance source. Expected value: depot 3 stock."
"T12","T12_depot_3_stock","product","6805-2RS-C3-VRN","26","Stock in depot 3; missing from the depot balance source. Expected value: depot 3 stock."
"T12","T12_depot_3_stock","product","6808-2RS-KDX","25","Stock in depot 3; missing from the depot balance source. Expected value: depot 3 stock."
"T12","T12_depot_3_stock","product","SPA-1500-TDR","27","Stock in depot 3; missing from the depot balance source. Expected value: depot 3 stock."
"T12","T12_depot_codes","metric","depot_codes_in_movements","1,2,3","The depot balance source only has columns for depots 1 and 2."
"T13","T13a_brand_flag_mismatch","product","2205-ZLT","USD","Brand ZELTRAK: master flags EUR, every movement is USD. Expected value: true currency."
"T13","T13a_brand_flag_mismatch","product","2208-ZLT","USD","Brand ZELTRAK: master flags EUR, every movement is USD. Expected value: true currency."
"T13","T13a_brand_flag_mismatch","product","32207-ZLT","USD","Brand ZELTRAK: master flags EUR, every movement is USD. Expected value: true currency."
"T13","T13a_brand_flag_mismatch","product","32208-ZLT","USD","Brand ZELTRAK: master flags EUR, every movement is USD. Expected value: true currency."
"T13","T13a_brand_flag_mismatch","product","6000-2RS-C3-ZLT","USD","Brand ZELTRAK: master flags EUR, every movement is USD. Expected value: true currency."
"T13","T13a_brand_flag_mismatch","product","6001-ZZ-ZLT","USD","Brand ZELTRAK: master flags EUR, every movement is USD. Expected value: true currency."
"T13","T13a_brand_flag_mismatch","product","6003-2RS-C3-ZLT","USD","Brand ZELTRAK: master flags EUR, every movement is USD. Expected value: true currency."
"T13","T13a_brand_flag_mismatch","product","6003-ZLT ","USD","Brand ZELTRAK: master flags EUR, every movement is USD. Expected value: true currency."
"T13","T13a_brand_flag_mismatch","product","6004-2RS-ZLT","USD","Brand ZELTRAK: master flags EUR, every movement is USD. Expected value: true currency."
"T13","T13a_brand_flag_mismatch","product","6008-2RS-ZLT","USD","Brand ZELTRAK: master flags EUR, every movement is USD. Expected value: true currency."
"T13","T13a_brand_flag_mismatch","product","6011-ZLT","USD","Brand ZELTRAK: master flags EUR, every movement is USD. Expected value: true currency."
"T13","T13a_brand_flag_mismatch","product","6012-2RS-C3-ZLT","USD","Brand ZELTRAK: master flags EUR, every movement is USD. Expected value: true currency."
"T13","T13a_brand_flag_mismatch","product","6200-ZLT","USD","Brand ZELTRAK: master flags EUR, every movement is USD. Expected value: true currency."
"T13","T13a_brand_flag_mismatch","product","6206-2RS-C3-ZLT","USD","Brand ZELTRAK: master flags EUR, every movement is USD. Expected value: true currency."
"T13","T13a_brand_flag_mismatch","product","6206-ZLT","USD","Brand ZELTRAK: master flags EUR, every movement is USD. Expected value: true currency."
"T13","T13a_brand_flag_mismatch","product","6212-2RS-C3-ZLT","USD","Brand ZELTRAK: master flags EUR, every movement is USD. Expected value: true currency."
"T13","T13a_brand_flag_mismatch","product","6214-2RS-C3-ZLT","USD","Brand ZELTRAK: master flags EUR, every movement is USD. Expected value: true currency."
"T13","T13a_brand_flag_mismatch","product","6215-2RS-ZLT","USD","Brand ZELTRAK: master flags EUR, every movement is USD. Expected value: true currency."
"T13","T13a_brand_flag_mismatch","product","6215-ZLT","USD","Brand ZELTRAK: master flags EUR, every movement is USD. Expected value: true currency."
"T13","T13a_brand_flag_mismatch","product","6300-ZLT","USD","Brand ZELTRAK: master flags EUR, every movement is USD. Expected value: true currency."
"T13","T13a_brand_flag_mismatch","product","6302-ZLT","USD","Brand ZELTRAK: master flags EUR, every movement is USD. Expected value: true currency."
"T13","T13a_brand_flag_mismatch","product","6303-ZZ-ZLT","USD","Brand ZELTRAK: master flags EUR, every movement is USD. Expected value: true currency."
"T13","T13a_brand_flag_mismatch","product","6304-2RS-C3-ZLT","USD","Brand ZELTRAK: master flags EUR, every movement is USD. Expected value: true currency."
"T13","T13a_brand_flag_mismatch","product","6304-ZZ-ZLT","USD","Brand ZELTRAK: master flags EUR, every movement is USD. Expected value: true currency."
"T13","T13a_brand_flag_mismatch","product","6305-ZLT","USD","Brand ZELTRAK: master flags EUR, every movement is USD. Expected value: true currency."
"T13","T13a_brand_flag_mismatch","product","6310-2RS-C3-ZLT","USD","Brand ZELTRAK: master flags EUR, every movement is USD. Expected value: true currency."
"T13","T13a_brand_flag_mismatch","product","6800-ZZ-ZLT","USD","Brand ZELTRAK: master flags EUR, every movement is USD. Expected value: true currency."
"T13","T13a_brand_flag_mismatch","product","6802-2RS-ZLT","USD","Brand ZELTRAK: master flags EUR, every movement is USD. Expected value: true currency."
"T13","T13a_brand_flag_mismatch","product","6805-ZLT","USD","Brand ZELTRAK: master flags EUR, every movement is USD. Expected value: true currency."
"T13","T13a_brand_flag_mismatch","product","6805-ZZ-ZLT","USD","Brand ZELTRAK: master flags EUR, every movement is USD. Expected value: true currency."
"T13","T13a_brand_flag_mismatch","product","6806-ZLT","USD","Brand ZELTRAK: master flags EUR, every movement is USD. Expected value: true currency."
"T13","T13a_brand_flag_mismatch","product","6810-2RS-ZLT","USD","Brand ZELTRAK: master flags EUR, every movement is USD. Expected value: true currency."
"T13","T13a_brand_flag_mismatch","product","6904-2RS-C3-ZLT","USD","Brand ZELTRAK: master flags EUR, every movement is USD. Expected value: true currency."
"T13","T13a_brand_flag_mismatch","product","6905-ZZ-ZLT","USD","Brand ZELTRAK: master flags EUR, every movement is USD. Expected value: true currency."
"T13","T13a_brand_flag_mismatch","product","6907-2RS-ZLT","USD","Brand ZELTRAK: master flags EUR, every movement is USD. Expected value: true currency."
"T13","T13a_brand_flag_mismatch","product","6908-ZLT","USD","Brand ZELTRAK: master flags EUR, every movement is USD. Expected value: true currency."
"T13","T13a_brand_flag_mismatch","product","6909-2RS-ZLT","USD","Brand ZELTRAK: master flags EUR, every movement is USD. Expected value: true currency."
"T13","T13a_brand_flag_mismatch","product","6910--ZZ-ZLT","USD","Brand ZELTRAK: master flags EUR, every movement is USD. Expected value: true currency."
"T13","T13a_brand_flag_mismatch","product","NJ207-ZLT","USD","Brand ZELTRAK: master flags EUR, every movement is USD. Expected value: true currency."
"T13","T13a_brand_flag_mismatch","product","NU205-ZLT","USD","Brand ZELTRAK: master flags EUR, every movement is USD. Expected value: true currency."
"T13","T13b_magnitude_outlier","product","105x125x12-NBR-ORL","EUR","Master flags TL but the price is FX-sized. Expected value: true currency."
"T13","T13b_magnitude_outlier","product","65x85x7-NBR-ORL","EUR","Master flags TL but the price is FX-sized. Expected value: true currency."
"T13","T13b_magnitude_outlier","product","6806-2RS-C3-VRN","EUR","Master flags TL but the price is FX-sized. Expected value: true currency."
"T14","T14_ledger_reconciliation","metric","invoices_not_reconciling","0","Ledger amount = round(sum(quantity x unit price) x (1 + 20/100), 2)."
"T14","T14_ledger_reconciliation","metric","sale_invoices_in_ledger","3445","Ledger amount = round(sum(quantity x unit price) x (1 + 20/100), 2)."
"T15","T15a_dirty_code","product"," 50x67x12-NBR-TDR","50x67x12-NBR-TDR","leading space. Expected value: cleaned code."
"T15","T15a_dirty_code","product"," 6009-ZZ-KDX","6009-ZZ-KDX","leading space. Expected value: cleaned code."
"T15","T15a_dirty_code","product"," 6910-2RS-C3-VRN","6910-2RS-C3-VRN","leading space. Expected value: cleaned code."
"T15","T15a_dirty_code","product","15Ã—30Ã—12-NBR-TDR","15x30x12-NBR-TDR","mojibake. Expected value: cleaned code."
"T15","T15a_dirty_code","product","2206--VRN","2206-VRN","double dash. Expected value: cleaned code."
"T15","T15a_dirty_code","product","25x45x7–NBR-TDR","25x45x7-NBR-TDR","en dash. Expected value: cleaned code."
"T15","T15a_dirty_code","product","30x47x12--NBR-ORL","30x47x12-NBR-ORL","double dash. Expected value: cleaned code."
"T15","T15a_dirty_code","product","35x57x8--NBR-ORL","35x57x8-NBR-ORL","double dash. Expected value: cleaned code."
"T15","T15a_dirty_code","product","55x72x12-NBR-ORL ","55x72x12-NBR-ORL","non breaking space. Expected value: cleaned code."
"T15","T15a_dirty_code","product","6003-ZLT ","6003-ZLT","trailing space. Expected value: cleaned code."
"T15","T15a_dirty_code","product","6004--2RS-VRN","6004-2RS-VRN","double dash. Expected value: cleaned code."
"T15","T15a_dirty_code","product","6005--2RS-VRN","6005-2RS-VRN","double dash. Expected value: cleaned code."
"T15","T15a_dirty_code","product","6011-2RS-KDX ","6011-2RS-KDX","trailing space. Expected value: cleaned code."
"T15","T15a_dirty_code","product","60Ã—85Ã—12-FKM-TDR","60x85x12-FKM-TDR","mojibake. Expected value: cleaned code."
"T15","T15a_dirty_code","product","6202--ZZ-KDX","6202-ZZ-KDX","double dash. Expected value: cleaned code."
"T15","T15a_dirty_code","product","6307-2RS-C3-VRN ","6307-2RS-C3-VRN","trailing space. Expected value: cleaned code."
"T15","T15a_dirty_code","product","6310-KDX ","6310-KDX","trailing space. Expected value: cleaned code."
"T15","T15a_dirty_code","product","6804--VRN","6804-VRN","double dash. Expected value: cleaned code."
"T15","T15a_dirty_code","product","6808--2RS-C3-VRN","6808-2RS-C3-VRN","double dash. Expected value: cleaned code."
"T15","T15a_dirty_code","product","6901-2RS-C3-VRN ","6901-2RS-C3-VRN","non breaking space. Expected value: cleaned code."
"T15","T15a_dirty_code","product","6903–2RS-KDX","6903-2RS-KDX","en dash. Expected value: cleaned code."
"T15","T15a_dirty_code","product","6904-VRN ","6904-VRN","non breaking space. Expected value: cleaned code."
"T15","T15a_dirty_code","product","6905--2RS-TDR","6905-2RS-TDR","double dash. Expected value: cleaned code."
"T15","T15a_dirty_code","product","6910--ZZ-ZLT","6910-ZZ-ZLT","double dash. Expected value: cleaned code."
"T15","T15a_dirty_code","product","A--80-MRV","A-80-MRV","double dash. Expected value: cleaned code."
"T15","T15a_dirty_code","product","NJ206-TDR ","NJ206-TDR","trailing space. Expected value: cleaned code."
"T15","T15a_dirty_code","product","SPA–1400-MRV","SPA-1400-MRV","en dash. Expected value: cleaned code."
"T15","T15a_dirty_code","product","SPB--1800-MRV","SPB-1800-MRV","double dash. Expected value: cleaned code."
"T15","T15a_dirty_code","product","SPB-1100-MRV ","SPB-1100-MRV","trailing space. Expected value: cleaned code."
"T15","T15a_dirty_code","product","SPZ-1400-MRV ","SPZ-1400-MRV","trailing space. Expected value: cleaned code."
"T15","T15b_near_duplicate_family","base_code","100x125x7","2","Same size, different brand or material: a base-code match is not a product match."
"T15","T15b_near_duplicate_family","base_code","105x120x10","2","Same size, different brand or material: a base-code match is not a product match."
"T15","T15b_near_duplicate_family","base_code","10x35x12","2","Same size, different brand or material: a base-code match is not a product match."
"T15","T15b_near_duplicate_family","base_code","110x125x10","3","Same size, different brand or material: a base-code match is not a product match."
"T15","T15b_near_duplicate_family","base_code","110x135x8","2","Same size, different brand or material: a base-code match is not a product match."
"T15","T15b_near_duplicate_family","base_code","110x140x10","2","Same size, different brand or material: a base-code match is not a product match."
"T15","T15b_near_duplicate_family","base_code","115x135x12","3","Same size, different brand or material: a base-code match is not a product match."
"T15","T15b_near_duplicate_family","base_code","115x137x12","2","Same size, different brand or material: a base-code match is not a product match."
"T15","T15b_near_duplicate_family","base_code","1205","2","Same size, different brand or material: a base-code match is not a product match."
"T15","T15b_near_duplicate_family","base_code","120x142x7","2","Same size, different brand or material: a base-code match is not a product match."
"T15","T15b_near_duplicate_family","base_code","15x35x7","4","Same size, different brand or material: a base-code match is not a product match."
"T15","T15b_near_duplicate_family","base_code","15x40x7","2","Same size, different brand or material: a base-code match is not a product match."
"T15","T15b_near_duplicate_family","base_code","25x42x8","2","Same size, different brand or material: a base-code match is not a product match."
"T15","T15b_near_duplicate_family","base_code","30208","2","Same size, different brand or material: a base-code match is not a product match."
"T15","T15b_near_duplicate_family","base_code","30x50x10","2","Same size, different brand or material: a base-code match is not a product match."
"T15","T15b_near_duplicate_family","base_code","32208","3","Same size, different brand or material: a base-code match is not a product match."
"T15","T15b_near_duplicate_family","base_code","40x55x7","2","Same size, different brand or material: a base-code match is not a product match."
"T15","T15b_near_duplicate_family","base_code","40x62x10","3","Same size, different brand or material: a base-code match is not a product match."
"T15","T15b_near_duplicate_family","base_code","45x57x7","3","Same size, different brand or material: a base-code match is not a product match."
"T15","T15b_near_duplicate_family","base_code","50x65x12","2","Same size, different brand or material: a base-code match is not a product match."
"T15","T15b_near_duplicate_family","base_code","6000-2RS","2","Same size, different brand or material: a base-code match is not a product match."
"T15","T15b_near_duplicate_family","base_code","6000-2RS-C3","2","Same size, different brand or material: a base-code match is not a product match."
"T15","T15b_near_duplicate_family","base_code","6001-ZZ","4","Same size, different brand or material: a base-code match is not a product match."
"T15","T15b_near_duplicate_family","base_code","6004-2RS","4","Same size, different brand or material: a base-code match is not a product match."
"T15","T15b_near_duplicate_family","base_code","6005","2","Same size, different brand or material: a base-code match is not a product match."
"T15","T15b_near_duplicate_family","base_code","6005-ZZ","3","Same size, different brand or material: a base-code match is not a product match."
"T15","T15b_near_duplicate_family","base_code","6009-ZZ","2","Same size, different brand or material: a base-code match is not a product match."
"T15","T15b_near_duplicate_family","base_code","6010-2RS","2","Same size, different brand or material: a base-code match is not a product match."
"T15","T15b_near_duplicate_family","base_code","6010-ZZ","2","Same size, different brand or material: a base-code match is not a product match."
"T15","T15b_near_duplicate_family","base_code","6011","4","Same size, different brand or material: a base-code match is not a product match."
"T15","T15b_near_duplicate_family","base_code","60x85x12","3","Same size, different brand or material: a base-code match is not a product match."
"T15","T15b_near_duplicate_family","base_code","6200","2","Same size, different brand or material: a base-code match is not a product match."
"T15","T15b_near_duplicate_family","base_code","6202-2RS-C3","3","Same size, different brand or material: a base-code match is not a product match."
"T15","T15b_near_duplicate_family","base_code","6203-2RS-C3","2","Same size, different brand or material: a base-code match is not a product match."
"T15","T15b_near_duplicate_family","base_code","6206","3","Same size, different brand or material: a base-code match is not a product match."
"T15","T15b_near_duplicate_family","base_code","6206-2RS-C3","4","Same size, different brand or material: a base-code match is not a product match."
"T15","T15b_near_duplicate_family","base_code","6215","4","Same size, different brand or material: a base-code match is not a product match."
"T15","T15b_near_duplicate_family","base_code","6215-2RS","3","Same size, different brand or material: a base-code match is not a product match."
"T15","T15b_near_duplicate_family","base_code","6303","2","Same size, different brand or material: a base-code match is not a product match."
"T15","T15b_near_duplicate_family","base_code","6303-ZZ","3","Same size, different brand or material: a base-code match is not a product match."
"T15","T15b_near_duplicate_family","base_code","6305","4","Same size, different brand or material: a base-code match is not a product match."
"T15","T15b_near_duplicate_family","base_code","6306","2","Same size, different brand or material: a base-code match is not a product match."
"T15","T15b_near_duplicate_family","base_code","6309-2RS-C3","3","Same size, different brand or material: a base-code match is not a product match."
"T15","T15b_near_duplicate_family","base_code","6310-2RS-C3","4","Same size, different brand or material: a base-code match is not a product match."
"T15","T15b_near_duplicate_family","base_code","6805-ZZ","3","Same size, different brand or material: a base-code match is not a product match."
"T15","T15b_near_duplicate_family","base_code","6806","4","Same size, different brand or material: a base-code match is not a product match."
"T15","T15b_near_duplicate_family","base_code","6807-2RS","2","Same size, different brand or material: a base-code match is not a product match."
"T15","T15b_near_duplicate_family","base_code","6808","3","Same size, different brand or material: a base-code match is not a product match."
"T15","T15b_near_duplicate_family","base_code","6808-ZZ","2","Same size, different brand or material: a base-code match is not a product match."
"T15","T15b_near_duplicate_family","base_code","6810","2","Same size, different brand or material: a base-code match is not a product match."
"T15","T15b_near_duplicate_family","base_code","6902-2RS","3","Same size, different brand or material: a base-code match is not a product match."
"T15","T15b_near_duplicate_family","base_code","6904-2RS-C3","2","Same size, different brand or material: a base-code match is not a product match."
"T15","T15b_near_duplicate_family","base_code","6909","2","Same size, different brand or material: a base-code match is not a product match."
"T15","T15b_near_duplicate_family","base_code","6909-ZZ","2","Same size, different brand or material: a base-code match is not a product match."
"T15","T15b_near_duplicate_family","base_code","6910-ZZ","2","Same size, different brand or material: a base-code match is not a product match."
"T15","T15b_near_duplicate_family","base_code","80x102x10","4","Same size, different brand or material: a base-code match is not a product match."
"T15","T15b_near_duplicate_family","base_code","80x95x8","3","Same size, different brand or material: a base-code match is not a product match."
"T15","T15b_near_duplicate_family","base_code","A-24","2","Same size, different brand or material: a base-code match is not a product match."
"T15","T15b_near_duplicate_family","base_code","A-40","2","Same size, different brand or material: a base-code match is not a product match."
"T15","T15b_near_duplicate_family","base_code","A-48","2","Same size, different brand or material: a base-code match is not a product match."
"T15","T15b_near_duplicate_family","base_code","A-52","2","Same size, different brand or material: a base-code match is not a product match."
"T15","T15b_near_duplicate_family","base_code","B-40","2","Same size, different brand or material: a base-code match is not a product match."
"T15","T15b_near_duplicate_family","base_code","B-60","2","Same size, different brand or material: a base-code match is not a product match."
"T15","T15b_near_duplicate_family","base_code","NU210","3","Same size, different brand or material: a base-code match is not a product match."
"T15","T15b_near_duplicate_family","base_code","NU211","2","Same size, different brand or material: a base-code match is not a product match."
"T15","T15b_near_duplicate_family","base_code","NU212","3","Same size, different brand or material: a base-code match is not a product match."
"T15","T15b_near_duplicate_family","base_code","SPA-1200","2","Same size, different brand or material: a base-code match is not a product match."
"T15","T15b_near_duplicate_family","base_code","XPZ-2200","2","Same size, different brand or material: a base-code match is not a product match."
"T15","T15b_near_duplicate_family","base_code","XPZ-600","2","Same size, different brand or material: a base-code match is not a product match."
"T15","T15b_near_duplicate_family","base_code","Z-40","2","Same size, different brand or material: a base-code match is not a product match."
"T16","T16_display_precision_gap","document","SIV2025000000002","64.28","Recomputed from 2-decimal display prices: 64.30"
"T16","T16_display_precision_gap","document","SIV2025000000004","177.36","Recomputed from 2-decimal display prices: 177.32"
"T16","T16_display_precision_gap","document","SIV2025000000005","738.61","Recomputed from 2-decimal display prices: 738.60"
"T16","T16_display_precision_gap","document","SIV2025000000006","311.59","Recomputed from 2-decimal display prices: 311.53"
"T16","T16_display_precision_gap","document","SIV2025000000008","267.56","Recomputed from 2-decimal display prices: 267.55"
"T16","T16_display_precision_gap","document","SIV2025000000010","121.44","Recomputed from 2-decimal display prices: 121.43"
"T16","T16_display_precision_gap","document","SIV2025000000011","268.63","Recomputed from 2-decimal display prices: 268.57"
"T16","T16_display_precision_gap","document","SIV2025000000012","279.54","Recomputed from 2-decimal display prices: 279.55"
"T16","T16_display_precision_gap","document","SIV2025000000014","387.31","Recomputed from 2-decimal display prices: 387.29"
"T16","T16_display_precision_gap","document","SIV2025000000015","739.83","Recomputed from 2-decimal display prices: 739.86"
"T16","T16_display_precision_gap","document","SIV2025000000016","145.34","Recomputed from 2-decimal display prices: 145.32"
"T16","T16_display_precision_gap","document","SIV2025000000017","135.24","Recomputed from 2-decimal display prices: 135.26"
"T16","T16_display_precision_gap","document","SIV2025000000018","179.82","Recomputed from 2-decimal display prices: 179.78"
"T16","T16_display_precision_gap","document","SIV2025000000021","452.75","Recomputed from 2-decimal display prices: 452.76"
"T16","T16_display_precision_gap","document","SIV2025000000022","372.57","Recomputed from 2-decimal display prices: 372.60"
"T16","T16_display_precision_gap","document","SIV2025000000023","257.13","Recomputed from 2-decimal display prices: 257.03"
"T16","T16_display_precision_gap","document","SIV2025000000024","335.51","Recomputed from 2-decimal display prices: 335.42"
"T16","T16_display_precision_gap","document","SIV2025000000028","231.55","Recomputed from 2-decimal display prices: 231.59"
"T16","T16_display_precision_gap","document","SIV2025000000031","450.11","Recomputed from 2-decimal display prices: 450.00"
"T16","T16_display_precision_gap","document","SIV2025000000033","956.89","Recomputed from 2-decimal display prices: 956.99"
"T16","T16_display_precision_gap","document","SIV2025000000036","268.80","Recomputed from 2-decimal display prices: 268.79"
"T16","T16_display_precision_gap","document","SIV2025000000037","1252.66","Recomputed from 2-decimal display prices: 1252.91"
"T16","T16_display_precision_gap","document","SIV2025000000038","75.91","Recomputed from 2-decimal display prices: 75.90"
"T16","T16_display_precision_gap","document","SIV2025000000039","181.16","Recomputed from 2-decimal display prices: 181.18"
"T16","T16_display_precision_gap","document","SIV2025000000040","121.68","Recomputed from 2-decimal display prices: 121.67"
"T16","T16_display_precision_gap","document","SIV2025000000041","340.25","Recomputed from 2-decimal display prices: 340.26"
"T16","T16_display_precision_gap","document","SIV2025000000042","121.18","Recomputed from 2-decimal display prices: 121.22"
"T16","T16_display_precision_gap","document","SIV2025000000044","294.76","Recomputed from 2-decimal display prices: 294.74"
"T16","T16_display_precision_gap","document","SIV2025000000045","564.82","Recomputed from 2-decimal display prices: 564.85"
"T16","T16_display_precision_gap","document","SIV2025000000046","884.62","Recomputed from 2-decimal display prices: 884.75"
"T16","T16_display_precision_gap","document","SIV2025000000048","806.77","Recomputed from 2-decimal display prices: 806.90"
"T16","T16_display_precision_gap","document","SIV2025000000049","861.47","Recomputed from 2-decimal display prices: 861.67"
"T16","T16_display_precision_gap","document","SIV2025000000050","494.35","Recomputed from 2-decimal display prices: 494.36"
"T16","T16_display_precision_gap","document","SIV2025000000056","980.12","Recomputed from 2-decimal display prices: 980.16"
"T16","T16_display_precision_gap","document","SIV2025000000058","116.05","Recomputed from 2-decimal display prices: 116.08"
"T16","T16_display_precision_gap","document","SIV2025000000059","496.91","Recomputed from 2-decimal display prices: 496.75"
"T16","T16_display_precision_gap","document","SIV2025000000060","90.17","Recomputed from 2-decimal display prices: 90.12"
"T16","T16_display_precision_gap","document","SIV2025000000062","281.00","Recomputed from 2-decimal display prices: 280.96"
"T16","T16_display_precision_gap","document","SIV2025000000066","473.62","Recomputed from 2-decimal display prices: 473.70"
"T16","T16_display_precision_gap","document","SIV2025000000067","552.96","Recomputed from 2-decimal display prices: 552.94"
"T16","T16_display_precision_gap","document","SIV2025000000069","227.58","Recomputed from 2-decimal display prices: 227.59"
"T16","T16_display_precision_gap","document","SIV2025000000070","155.33","Recomputed from 2-decimal display prices: 155.30"
"T16","T16_display_precision_gap","document","SIV2025000000071","146.31","Recomputed from 2-decimal display prices: 146.30"
"T16","T16_display_precision_gap","document","SIV2025000000073","3551.84","Recomputed from 2-decimal display prices: 3551.63"
"T16","T16_display_precision_gap","document","SIV2025000000078","201.49","Recomputed from 2-decimal display prices: 201.50"
"T16","T16_display_precision_gap","document","SIV2025000000080","149.73","Recomputed from 2-decimal display prices: 149.76"
"T16","T16_display_precision_gap","document","SIV2025000000082","95.49","Recomputed from 2-decimal display prices: 95.46"
"T16","T16_display_precision_gap","document","SIV2025000000083","183.97","Recomputed from 2-decimal display prices: 183.96"
"T16","T16_display_precision_gap","document","SIV2025000000084","168.37","Recomputed from 2-decimal display prices: 168.30"
"T16","T16_display_precision_gap","document","SIV2025000000085","39.23","Recomputed from 2-decimal display prices: 39.24"
"T16","T16_display_precision_gap","document","SIV2025000000086","462.16","Recomputed from 2-decimal display prices: 462.26"
"T16","T16_display_precision_gap","document","SIV2025000000087","279.88","Recomputed from 2-decimal display prices: 279.89"
"T16","T16_display_precision_gap","document","SIV2025000000088","299.10","Recomputed from 2-decimal display prices: 299.09"
"T16","T16_display_precision_gap","document","SIV2025000000089","443.52","Recomputed from 2-decimal display prices: 443.57"
"T16","T16_display_precision_gap","document","SIV2025000000091","476.84","Recomputed from 2-decimal display prices: 476.89"
"T16","T16_display_precision_gap","document","SIV2025000000092","176.50","Recomputed from 2-decimal display prices: 176.53"
"T16","T16_display_precision_gap","document","SIV2025000000094","46.14","Recomputed from 2-decimal display prices: 46.15"
"T16","T16_display_precision_gap","document","SIV2025000000100","552.33","Recomputed from 2-decimal display prices: 552.30"
"T16","T16_display_precision_gap","document","SIV2025000000104","514.47","Recomputed from 2-decimal display prices: 514.54"
"T16","T16_display_precision_gap","document","SIV2025000000105","225.81","Recomputed from 2-decimal display prices: 225.80"
"T16","T16_display_precision_gap","document","SIV2025000000106","139.27","Recomputed from 2-decimal display prices: 139.32"
"T16","T16_display_precision_gap","document","SIV2025000000107","592.24","Recomputed from 2-decimal display prices: 592.16"
"T16","T16_display_precision_gap","document","SIV2025000000110","171.76","Recomputed from 2-decimal display prices: 171.78"
"T16","T16_display_precision_gap","document","SIV2025000000111","1196.31","Recomputed from 2-decimal display prices: 1195.87"
"T16","T16_display_precision_gap","document","SIV2025000000112","835.18","Recomputed from 2-decimal display prices: 835.08"
"T16","T16_display_precision_gap","document","SIV2025000000118","367.23","Recomputed from 2-decimal display prices: 367.19"
"T16","T16_display_precision_gap","document","SIV2025000000121","381.39","Recomputed from 2-decimal display prices: 381.52"
"T16","T16_display_precision_gap","document","SIV2025000000126","1365.27","Recomputed from 2-decimal display prices: 1365.41"
"T16","T16_display_precision_gap","document","SIV2025000000128","333.51","Recomputed from 2-decimal display prices: 333.41"
"T16","T16_display_precision_gap","document","SIV2025000000129","256.04","Recomputed from 2-decimal display prices: 256.06"
"T16","T16_display_precision_gap","document","SIV2025000000130","325.39","Recomputed from 2-decimal display prices: 325.44"
"T16","T16_display_precision_gap","document","SIV2025000000131","445.97","Recomputed from 2-decimal display prices: 446.08"
"T16","T16_display_precision_gap","document","SIV2025000000135","184.39","Recomputed from 2-decimal display prices: 184.28"
"T16","T16_display_precision_gap","document","SIV2025000000137","200.57","Recomputed from 2-decimal display prices: 200.68"
"T16","T16_display_precision_gap","document","SIV2025000000138","295.76","Recomputed from 2-decimal display prices: 295.87"
"T16","T16_display_precision_gap","document","SIV2025000000140","177.89","Recomputed from 2-decimal display prices: 177.82"
"T16","T16_display_precision_gap","document","SIV2025000000141","1734.67","Recomputed from 2-decimal display prices: 1734.14"
"T16","T16_display_precision_gap","document","SIV2025000000144","291.22","Recomputed from 2-decimal display prices: 291.24"
"T16","T16_display_precision_gap","document","SIV2025000000145","2187.53","Recomputed from 2-decimal display prices: 2187.74"
"T16","T16_display_precision_gap","document","SIV2025000000148","74.34","Recomputed from 2-decimal display prices: 74.38"
"T16","T16_display_precision_gap","document","SIV2025000000149","342.72","Recomputed from 2-decimal display prices: 342.66"
"T16","T16_display_precision_gap","document","SIV2025000000150","26.19","Recomputed from 2-decimal display prices: 26.18"
"T16","T16_display_precision_gap","document","SIV2025000000151","215.19","Recomputed from 2-decimal display prices: 215.32"
"T16","T16_display_precision_gap","document","SIV2025000000152","293.74","Recomputed from 2-decimal display prices: 293.69"
"T16","T16_display_precision_gap","document","SIV2025000000154","38.28","Recomputed from 2-decimal display prices: 38.26"
"T16","T16_display_precision_gap","document","SIV2025000000155","232.65","Recomputed from 2-decimal display prices: 232.60"
"T16","T16_display_precision_gap","document","SIV2025000000156","728.16","Recomputed from 2-decimal display prices: 728.10"
"T16","T16_display_precision_gap","document","SIV2025000000158","169.45","Recomputed from 2-decimal display prices: 169.48"
"T16","T16_display_precision_gap","document","SIV2025000000163","180.48","Recomputed from 2-decimal display prices: 180.47"
"T16","T16_display_precision_gap","document","SIV2025000000164","75.44","Recomputed from 2-decimal display prices: 75.46"
"T16","T16_display_precision_gap","document","SIV2025000000165","215.99","Recomputed from 2-decimal display prices: 216.01"
"T16","T16_display_precision_gap","document","SIV2025000000166","89.32","Recomputed from 2-decimal display prices: 89.29"
"T16","T16_display_precision_gap","document","SIV2025000000167","606.55","Recomputed from 2-decimal display prices: 606.70"
"T16","T16_display_precision_gap","document","SIV2025000000168","206.91","Recomputed from 2-decimal display prices: 206.87"
"T16","T16_display_precision_gap","document","SIV2025000000171","1542.54","Recomputed from 2-decimal display prices: 1542.90"
"T16","T16_display_precision_gap","document","SIV2025000000172","39.55","Recomputed from 2-decimal display prices: 39.54"
"T16","T16_display_precision_gap","document","SIV2025000000173","212.37","Recomputed from 2-decimal display prices: 212.27"
"T16","T16_display_precision_gap","document","SIV2025000000174","557.73","Recomputed from 2-decimal display prices: 557.66"
"T16","T16_display_precision_gap","document","SIV2025000000175","509.06","Recomputed from 2-decimal display prices: 508.96"
"T16","T16_display_precision_gap","document","SIV2025000000176","423.02","Recomputed from 2-decimal display prices: 422.96"
"T16","T16_display_precision_gap","document","SIV2025000000179","265.55","Recomputed from 2-decimal display prices: 265.56"
"T16","T16_display_precision_gap","document","SIV2025000000181","53.85","Recomputed from 2-decimal display prices: 53.82"
"T16","T16_display_precision_gap","document","SIV2025000000182","154.74","Recomputed from 2-decimal display prices: 154.75"
"T16","T16_display_precision_gap","document","SIV2025000000186","454.47","Recomputed from 2-decimal display prices: 454.51"
"T16","T16_display_precision_gap","document","SIV2025000000187","192.74","Recomputed from 2-decimal display prices: 192.65"
"T16","T16_display_precision_gap","document","SIV2025000000189","441.29","Recomputed from 2-decimal display prices: 441.41"
"T16","T16_display_precision_gap","document","SIV2025000000190","99.63","Recomputed from 2-decimal display prices: 99.60"
"T16","T16_display_precision_gap","document","SIV2025000000192","743.73","Recomputed from 2-decimal display prices: 743.84"
"T16","T16_display_precision_gap","document","SIV2025000000193","239.38","Recomputed from 2-decimal display prices: 239.47"
"T16","T16_display_precision_gap","document","SIV2025000000196","142.89","Recomputed from 2-decimal display prices: 142.90"
"T16","T16_display_precision_gap","document","SIV2025000000197","426.42","Recomputed from 2-decimal display prices: 426.36"
"T16","T16_display_precision_gap","document","SIV2025000000199","321.06","Recomputed from 2-decimal display prices: 321.11"
"T16","T16_display_precision_gap","document","SIV2025000000201","522.04","Recomputed from 2-decimal display prices: 522.12"
"T16","T16_display_precision_gap","document","SIV2025000000202","133.54","Recomputed from 2-decimal display prices: 133.55"
"T16","T16_display_precision_gap","document","SIV2025000000207","440.02","Recomputed from 2-decimal display prices: 439.97"
"T16","T16_display_precision_gap","document","SIV2025000000209","193.51","Recomputed from 2-decimal display prices: 193.54"
"T16","T16_display_precision_gap","document","SIV2025000000210","655.61","Recomputed from 2-decimal display prices: 655.64"
"T16","T16_display_precision_gap","document","SIV2025000000211","139.35","Recomputed from 2-decimal display prices: 139.44"
"T16","T16_display_precision_gap","document","SIV2025000000215","546.94","Recomputed from 2-decimal display prices: 546.89"
"T16","T16_display_precision_gap","document","SIV2025000000216","489.95","Recomputed from 2-decimal display prices: 489.92"
"T16","T16_display_precision_gap","document","SIV2025000000217","439.69","Recomputed from 2-decimal display prices: 439.85"
"T16","T16_display_precision_gap","document","SIV2025000000218","53.02","Recomputed from 2-decimal display prices: 53.04"
"T16","T16_display_precision_gap","document","SIV2025000000220","378.57","Recomputed from 2-decimal display prices: 378.61"
"T16","T16_display_precision_gap","document","SIV2025000000221","4187.37","Recomputed from 2-decimal display prices: 4187.51"
"T16","T16_display_precision_gap","document","SIV2025000000225","483.69","Recomputed from 2-decimal display prices: 483.68"
"T16","T16_display_precision_gap","document","SIV2025000000226","459.92","Recomputed from 2-decimal display prices: 459.89"
"T16","T16_display_precision_gap","document","SIV2025000000227","47.19","Recomputed from 2-decimal display prices: 47.18"
"T16","T16_display_precision_gap","document","SIV2025000000228","85.19","Recomputed from 2-decimal display prices: 85.25"
"T16","T16_display_precision_gap","document","SIV2025000000229","169.97","Recomputed from 2-decimal display prices: 169.98"
"T16","T16_display_precision_gap","document","SIV2025000000232","9.91","Recomputed from 2-decimal display prices: 9.89"
"T16","T16_display_precision_gap","document","SIV2025000000239","231.12","Recomputed from 2-decimal display prices: 231.10"
"T16","T16_display_precision_gap","document","SIV2025000000240","94.57","Recomputed from 2-decimal display prices: 94.61"
"T16","T16_display_precision_gap","document","SIV2025000000241","255.00","Recomputed from 2-decimal display prices: 255.06"
"T16","T16_display_precision_gap","document","SIV2025000000242","548.26","Recomputed from 2-decimal display prices: 548.06"
"T16","T16_display_precision_gap","document","SIV2025000000243","621.76","Recomputed from 2-decimal display prices: 621.77"
"T16","T16_display_precision_gap","document","SIV2025000000244","9003.55","Recomputed from 2-decimal display prices: 9003.59"
"T16","T16_display_precision_gap","document","SIV2025000000245","250.91","Recomputed from 2-decimal display prices: 250.86"
"T16","T16_display_precision_gap","document","SIV2025000000246","180.75","Recomputed from 2-decimal display prices: 180.77"
"T16","T16_display_precision_gap","document","SIV2025000000248","15.76","Recomputed from 2-decimal display prices: 15.77"
"T16","T16_display_precision_gap","document","SIV2025000000251","473.19","Recomputed from 2-decimal display prices: 473.17"
"T16","T16_display_precision_gap","document","SIV2025000000252","159.69","Recomputed from 2-decimal display prices: 159.68"
"T16","T16_display_precision_gap","document","SIV2025000000253","212.40","Recomputed from 2-decimal display prices: 212.44"
"T16","T16_display_precision_gap","document","SIV2025000000256","307.91","Recomputed from 2-decimal display prices: 307.96"
"T16","T16_display_precision_gap","document","SIV2025000000258","376.49","Recomputed from 2-decimal display prices: 376.54"
"T16","T16_display_precision_gap","document","SIV2025000000259","988.38","Recomputed from 2-decimal display prices: 988.49"
"T16","T16_display_precision_gap","document","SIV2025000000262","730.59","Recomputed from 2-decimal display prices: 730.72"
"T16","T16_display_precision_gap","document","SIV2025000000263","487.71","Recomputed from 2-decimal display prices: 487.70"
"T16","T16_display_precision_gap","document","SIV2025000000264","83.63","Recomputed from 2-decimal display prices: 83.62"
"T16","T16_display_precision_gap","document","SIV2025000000265","62.28","Recomputed from 2-decimal display prices: 62.29"
"T16","T16_display_precision_gap","document","SIV2025000000272","219.65","Recomputed from 2-decimal display prices: 219.64"
"T16","T16_display_precision_gap","document","SIV2025000000276","3170.94","Recomputed from 2-decimal display prices: 3170.93"
"T16","T16_display_precision_gap","document","SIV2025000000278","548.56","Recomputed from 2-decimal display prices: 548.57"
"T16","T16_display_precision_gap","document","SIV2025000000280","128.46","Recomputed from 2-decimal display prices: 128.48"
"T16","T16_display_precision_gap","document","SIV2025000000281","555.92","Recomputed from 2-decimal display prices: 555.89"
"T16","T16_display_precision_gap","document","SIV2025000000282","1448.20","Recomputed from 2-decimal display prices: 1448.26"
"T16","T16_display_precision_gap","document","SIV2025000000286","899.27","Recomputed from 2-decimal display prices: 899.24"
"T16","T16_display_precision_gap","document","SIV2025000000287","120.88","Recomputed from 2-decimal display prices: 120.90"
"T16","T16_display_precision_gap","document","SIV2025000000289","221.64","Recomputed from 2-decimal display prices: 221.66"
"T16","T16_display_precision_gap","document","SIV2025000000290","168.27","Recomputed from 2-decimal display prices: 168.29"
"T16","T16_display_precision_gap","document","SIV2025000000291","453.70","Recomputed from 2-decimal display prices: 453.62"
"T16","T16_display_precision_gap","document","SIV2025000000292","818.18","Recomputed from 2-decimal display prices: 818.16"
"T16","T16_display_precision_gap","document","SIV2025000000293","41.48","Recomputed from 2-decimal display prices: 41.45"
"T16","T16_display_precision_gap","document","SIV2025000000294","155.93","Recomputed from 2-decimal display prices: 155.99"
"T16","T16_display_precision_gap","document","SIV2025000000297","273.05","Recomputed from 2-decimal display prices: 273.14"
"T16","T16_display_precision_gap","document","SIV2025000000298","855.33","Recomputed from 2-decimal display prices: 855.31"
"T16","T16_display_precision_gap","document","SIV2025000000299","1322.85","Recomputed from 2-decimal display prices: 1322.74"
"T16","T16_display_precision_gap","document","SIV2025000000304","335.59","Recomputed from 2-decimal display prices: 335.63"
"T16","T16_display_precision_gap","document","SIV2025000000305","252.17","Recomputed from 2-decimal display prices: 252.16"
"T16","T16_display_precision_gap","document","SIV2025000000307","284.19","Recomputed from 2-decimal display prices: 284.18"
"T16","T16_display_precision_gap","document","SIV2025000000308","660.82","Recomputed from 2-decimal display prices: 660.70"
"T16","T16_display_precision_gap","document","SIV2025000000310","116.30","Recomputed from 2-decimal display prices: 116.28"
"T16","T16_display_precision_gap","document","SIV2025000000311","213.87","Recomputed from 2-decimal display prices: 213.84"
"T16","T16_display_precision_gap","document","SIV2025000000313","348.06","Recomputed from 2-decimal display prices: 348.12"
"T16","T16_display_precision_gap","document","SIV2025000000314","193.57","Recomputed from 2-decimal display prices: 193.50"
"T16","T16_display_precision_gap","document","SIV2025000000315","52.80","Recomputed from 2-decimal display prices: 52.82"
"T16","T16_display_precision_gap","document","SIV2025000000316","412.61","Recomputed from 2-decimal display prices: 412.63"
"T16","T16_display_precision_gap","document","SIV2025000000317","142.10","Recomputed from 2-decimal display prices: 142.12"
"T16","T16_display_precision_gap","document","SIV2025000000319","780.93","Recomputed from 2-decimal display prices: 780.96"
"T16","T16_display_precision_gap","document","SIV2025000000320","93.37","Recomputed from 2-decimal display prices: 93.41"
"T16","T16_display_precision_gap","document","SIV2025000000322","1749.77","Recomputed from 2-decimal display prices: 1749.48"
"T16","T16_display_precision_gap","document","SIV2025000000328","119.97","Recomputed from 2-decimal display prices: 120.00"
"T16","T16_display_precision_gap","document","SIV2025000000329","256.26","Recomputed from 2-decimal display prices: 256.30"
"T16","T16_display_precision_gap","document","SIV2025000000331","402.14","Recomputed from 2-decimal display prices: 402.26"
"T16","T16_display_precision_gap","document","SIV2025000000332","692.77","Recomputed from 2-decimal display prices: 692.75"
"T16","T16_display_precision_gap","document","SIV2025000000333","182.97","Recomputed from 2-decimal display prices: 182.95"
"T16","T16_display_precision_gap","document","SIV2025000000334","202.05","Recomputed from 2-decimal display prices: 202.08"
"T16","T16_display_precision_gap","document","SIV2025000000336","257.53","Recomputed from 2-decimal display prices: 257.52"
"T16","T16_display_precision_gap","document","SIV2025000000337","212.00","Recomputed from 2-decimal display prices: 212.08"
"T16","T16_display_precision_gap","document","SIV2025000000340","127.11","Recomputed from 2-decimal display prices: 127.12"
"T16","T16_display_precision_gap","document","SIV2025000000341","109.25","Recomputed from 2-decimal display prices: 109.28"
"T16","T16_display_precision_gap","document","SIV2025000000342","226.61","Recomputed from 2-decimal display prices: 226.70"
"T16","T16_display_precision_gap","document","SIV2025000000345","135.45","Recomputed from 2-decimal display prices: 135.46"
"T16","T16_display_precision_gap","document","SIV2025000000347","11.97","Recomputed from 2-decimal display prices: 11.98"
"T16","T16_display_precision_gap","document","SIV2025000000349","102.43","Recomputed from 2-decimal display prices: 102.46"
"T16","T16_display_precision_gap","document","SIV2025000000352","593.10","Recomputed from 2-decimal display prices: 592.99"
"T16","T16_display_precision_gap","document","SIV2025000000355","444.94","Recomputed from 2-decimal display prices: 445.06"
"T16","T16_display_precision_gap","document","SIV2025000000356","170.93","Recomputed from 2-decimal display prices: 170.90"
"T16","T16_display_precision_gap","document","SIV2025000000357","195.44","Recomputed from 2-decimal display prices: 195.48"
"T16","T16_display_precision_gap","document","SIV2025000000360","16073.65","Recomputed from 2-decimal display prices: 16073.56"
"T16","T16_display_precision_gap","document","SIV2025000000361","49.19","Recomputed from 2-decimal display prices: 49.18"
"T16","T16_display_precision_gap","document","SIV2025000000362","542.93","Recomputed from 2-decimal display prices: 542.90"
"T16","T16_display_precision_gap","document","SIV2025000000363","112.56","Recomputed from 2-decimal display prices: 112.50"
"T16","T16_display_precision_gap","document","SIV2025000000364","537.32","Recomputed from 2-decimal display prices: 537.36"
"T16","T16_display_precision_gap","document","SIV2025000000365","69.24","Recomputed from 2-decimal display prices: 69.28"
"T16","T16_display_precision_gap","document","SIV2025000000367","369.39","Recomputed from 2-decimal display prices: 369.36"
"T16","T16_display_precision_gap","document","SIV2025000000368","681.65","Recomputed from 2-decimal display prices: 681.62"
"T16","T16_display_precision_gap","document","SIV2025000000371","426.27","Recomputed from 2-decimal display prices: 426.46"
"T16","T16_display_precision_gap","document","SIV2025000000376","210.18","Recomputed from 2-decimal display prices: 210.19"
"T16","T16_display_precision_gap","document","SIV2025000000379","234.57","Recomputed from 2-decimal display prices: 234.52"
"T16","T16_display_precision_gap","document","SIV2025000000380","1388.43","Recomputed from 2-decimal display prices: 1388.54"
"T16","T16_display_precision_gap","document","SIV2025000000381","430.16","Recomputed from 2-decimal display prices: 430.06"
"T16","T16_display_precision_gap","document","SIV2025000000386","327.62","Recomputed from 2-decimal display prices: 327.61"
"T16","T16_display_precision_gap","document","SIV2025000000387","271.19","Recomputed from 2-decimal display prices: 271.10"
"T16","T16_display_precision_gap","document","SIV2025000000389","330.81","Recomputed from 2-decimal display prices: 330.79"
"T16","T16_display_precision_gap","document","SIV2025000000404","687.86","Recomputed from 2-decimal display prices: 687.78"
"T16","T16_display_precision_gap","document","SIV2025000000405","75.17","Recomputed from 2-decimal display prices: 75.13"
"T16","T16_display_precision_gap","document","SIV2025000000406","218.36","Recomputed from 2-decimal display prices: 218.32"
"T16","T16_display_precision_gap","document","SIV2025000000407","447.59","Recomputed from 2-decimal display prices: 447.56"
"T16","T16_display_precision_gap","document","SIV2025000000408","226.16","Recomputed from 2-decimal display prices: 226.19"
"T16","T16_display_precision_gap","document","SIV2025000000410","153.26","Recomputed from 2-decimal display prices: 153.24"
"T16","T16_display_precision_gap","document","SIV2025000000411","337.11","Recomputed from 2-decimal display prices: 337.13"
"T16","T16_display_precision_gap","document","SIV2025000000413","52896.92","Recomputed from 2-decimal display prices: 52897.02"
"T16","T16_display_precision_gap","document","SIV2025000000417","178.94","Recomputed from 2-decimal display prices: 178.92"
"T16","T16_display_precision_gap","document","SIV2025000000418","179.76","Recomputed from 2-decimal display prices: 179.80"
"T16","T16_display_precision_gap","document","SIV2025000000420","792.41","Recomputed from 2-decimal display prices: 792.52"
"T16","T16_display_precision_gap","document","SIV2025000000421","151.56","Recomputed from 2-decimal display prices: 151.54"
"T16","T16_display_precision_gap","document","SIV2025000000422","583.05","Recomputed from 2-decimal display prices: 583.01"
"T16","T16_display_precision_gap","document","SIV2025000000423","429.35","Recomputed from 2-decimal display prices: 429.38"
"T16","T16_display_precision_gap","document","SIV2025000000424","150.95","Recomputed from 2-decimal display prices: 151.04"
"T16","T16_display_precision_gap","document","SIV2025000000428","338.57","Recomputed from 2-decimal display prices: 338.62"
"T16","T16_display_precision_gap","document","SIV2025000000429","226.55","Recomputed from 2-decimal display prices: 226.68"
"T16","T16_display_precision_gap","document","SIV2025000000430","353.91","Recomputed from 2-decimal display prices: 353.92"
"T16","T16_display_precision_gap","document","SIV2025000000431","1769.01","Recomputed from 2-decimal display prices: 1768.92"
"T16","T16_display_precision_gap","document","SIV2025000000436","464.46","Recomputed from 2-decimal display prices: 464.42"
"T16","T16_display_precision_gap","document","SIV2025000000440","39.26","Recomputed from 2-decimal display prices: 39.31"
"T16","T16_display_precision_gap","document","SIV2025000000441","423.23","Recomputed from 2-decimal display prices: 423.07"
"T16","T16_display_precision_gap","document","SIV2025000000443","318.19","Recomputed from 2-decimal display prices: 318.18"
"T16","T16_display_precision_gap","document","SIV2025000000449","54.81","Recomputed from 2-decimal display prices: 54.83"
"T16","T16_display_precision_gap","document","SIV2025000000451","707.50","Recomputed from 2-decimal display prices: 707.57"
"T16","T16_display_precision_gap","document","SIV2025000000454","383.79","Recomputed from 2-decimal display prices: 383.81"
"T16","T16_display_precision_gap","document","SIV2025000000456","257.72","Recomputed from 2-decimal display prices: 257.65"
"T16","T16_display_precision_gap","document","SIV2025000000457","407.55","Recomputed from 2-decimal display prices: 407.53"
"T16","T16_display_precision_gap","document","SIV2025000000458","147.88","Recomputed from 2-decimal display prices: 147.89"
"T16","T16_display_precision_gap","document","SIV2025000000463","258.85","Recomputed from 2-decimal display prices: 258.86"
"T16","T16_display_precision_gap","document","SIV2025000000464","812.35","Recomputed from 2-decimal display prices: 812.52"
"T16","T16_display_precision_gap","document","SIV2025000000465","137.20","Recomputed from 2-decimal display prices: 137.23"
"T16","T16_display_precision_gap","document","SIV2025000000466","86.67","Recomputed from 2-decimal display prices: 86.70"
"T16","T16_display_precision_gap","document","SIV2025000000467","419.54","Recomputed from 2-decimal display prices: 419.66"
"T16","T16_display_precision_gap","document","SIV2025000000469","171.02","Recomputed from 2-decimal display prices: 171.05"
"T16","T16_display_precision_gap","document","SIV2025000000471","535.00","Recomputed from 2-decimal display prices: 535.16"
"T16","T16_display_precision_gap","document","SIV2025000000472","836.40","Recomputed from 2-decimal display prices: 836.51"
"T16","T16_display_precision_gap","document","SIV2025000000474","178.37","Recomputed from 2-decimal display prices: 178.36"
"T16","T16_display_precision_gap","document","SIV2025000000475","209.36","Recomputed from 2-decimal display prices: 209.42"
"T16","T16_display_precision_gap","document","SIV2025000000476","2485.47","Recomputed from 2-decimal display prices: 2485.48"
"T16","T16_display_precision_gap","document","SIV2025000000477","136.97","Recomputed from 2-decimal display prices: 136.93"
"T16","T16_display_precision_gap","document","SIV2025000000478","260.89","Recomputed from 2-decimal display prices: 260.93"
"T16","T16_display_precision_gap","document","SIV2025000000479","619.94","Recomputed from 2-decimal display prices: 620.06"
"T16","T16_display_precision_gap","document","SIV2025000000480","125.84","Recomputed from 2-decimal display prices: 125.86"
"T16","T16_display_precision_gap","document","SIV2025000000481","540.28","Recomputed from 2-decimal display prices: 540.10"
"T16","T16_display_precision_gap","document","SIV2025000000482","60.46","Recomputed from 2-decimal display prices: 60.44"
"T16","T16_display_precision_gap","document","SIV2025000000484","274.95","Recomputed from 2-decimal display prices: 274.93"
"T16","T16_display_precision_gap","document","SIV2025000000486","1264.71","Recomputed from 2-decimal display prices: 1264.69"
"T16","T16_display_precision_gap","document","SIV2025000000489","378.93","Recomputed from 2-decimal display prices: 379.01"
"T16","T16_display_precision_gap","document","SIV2025000000490","342.31","Recomputed from 2-decimal display prices: 342.35"
"T16","T16_display_precision_gap","document","SIV2025000000492","84.73","Recomputed from 2-decimal display prices: 84.74"
"T16","T16_display_precision_gap","document","SIV2025000000493","188.19","Recomputed from 2-decimal display prices: 188.20"
"T16","T16_display_precision_gap","document","SIV2025000000494","221.63","Recomputed from 2-decimal display prices: 221.70"
"T16","T16_display_precision_gap","document","SIV2025000000495","277.30","Recomputed from 2-decimal display prices: 277.34"
"T16","T16_display_precision_gap","document","SIV2025000000497","173.67","Recomputed from 2-decimal display prices: 173.66"
"T16","T16_display_precision_gap","document","SIV2025000000498","480.99","Recomputed from 2-decimal display prices: 480.94"
"T16","T16_display_precision_gap","document","SIV2025000000500","239.45","Recomputed from 2-decimal display prices: 239.42"
"T16","T16_display_precision_gap","document","SIV2025000000502","643.29","Recomputed from 2-decimal display prices: 643.46"
"T16","T16_display_precision_gap","document","SIV2025000000505","390.19","Recomputed from 2-decimal display prices: 390.24"
"T16","T16_display_precision_gap","document","SIV2025000000506","328.73","Recomputed from 2-decimal display prices: 328.78"
"T16","T16_display_precision_gap","document","SIV2025000000511","138.61","Recomputed from 2-decimal display prices: 138.60"
"T16","T16_display_precision_gap","document","SIV2025000000512","251.81","Recomputed from 2-decimal display prices: 251.72"
"T16","T16_display_precision_gap","document","SIV2025000000514","72.55","Recomputed from 2-decimal display prices: 72.53"
"T16","T16_display_precision_gap","document","SIV2025000000515","126.24","Recomputed from 2-decimal display prices: 126.34"
"T16","T16_display_precision_gap","document","SIV2025000000516","496.34","Recomputed from 2-decimal display prices: 496.38"
"T16","T16_display_precision_gap","document","SIV2025000000518","403.39","Recomputed from 2-decimal display prices: 403.43"
"T16","T16_display_precision_gap","document","SIV2025000000521","1654.35","Recomputed from 2-decimal display prices: 1654.56"
"T16","T16_display_precision_gap","document","SIV2025000000523","438.74","Recomputed from 2-decimal display prices: 438.77"
"T16","T16_display_precision_gap","document","SIV2025000000525","719.60","Recomputed from 2-decimal display prices: 719.72"
"T16","T16_display_precision_gap","document","SIV2025000000527","346.04","Recomputed from 2-decimal display prices: 346.02"
"T16","T16_display_precision_gap","document","SIV2025000000528","30.06","Recomputed from 2-decimal display prices: 30.05"
"T16","T16_display_precision_gap","document","SIV2025000000532","2004.30","Recomputed from 2-decimal display prices: 2004.19"
"T16","T16_display_precision_gap","document","SIV2025000000533","1005.45","Recomputed from 2-decimal display prices: 1005.35"
"T16","T16_display_precision_gap","document","SIV2025000000536","357.30","Recomputed from 2-decimal display prices: 357.32"
"T16","T16_display_precision_gap","document","SIV2025000000537","201.12","Recomputed from 2-decimal display prices: 201.16"
"T16","T16_display_precision_gap","document","SIV2025000000541","280.02","Recomputed from 2-decimal display prices: 280.03"
"T16","T16_display_precision_gap","document","SIV2025000000543","52.75","Recomputed from 2-decimal display prices: 52.74"
"T16","T16_display_precision_gap","document","SIV2025000000544","67.85","Recomputed from 2-decimal display prices: 67.82"
"T16","T16_display_precision_gap","document","SIV2025000000546","393.62","Recomputed from 2-decimal display prices: 393.56"
"T16","T16_display_precision_gap","document","SIV2025000000548","435.53","Recomputed from 2-decimal display prices: 435.54"
"T16","T16_display_precision_gap","document","SIV2025000000551","207.44","Recomputed from 2-decimal display prices: 207.46"
"T16","T16_display_precision_gap","document","SIV2025000000553","320.10","Recomputed from 2-decimal display prices: 320.18"
"T16","T16_display_precision_gap","document","SIV2025000000554","261.52","Recomputed from 2-decimal display prices: 261.48"
"T16","T16_display_precision_gap","document","SIV2025000000556","13.42","Recomputed from 2-decimal display prices: 13.37"
"T16","T16_display_precision_gap","document","SIV2025000000558","300.06","Recomputed from 2-decimal display prices: 300.05"
"T16","T16_display_precision_gap","document","SIV2025000000560","169.40","Recomputed from 2-decimal display prices: 169.37"
"T16","T16_display_precision_gap","document","SIV2025000000563","115.90","Recomputed from 2-decimal display prices: 115.92"
"T16","T16_display_precision_gap","document","SIV2025000000565","282.93","Recomputed from 2-decimal display prices: 282.88"
"T16","T16_display_precision_gap","document","SIV2025000000570","540.35","Recomputed from 2-decimal display prices: 540.32"
"T16","T16_display_precision_gap","document","SIV2025000000571","299.53","Recomputed from 2-decimal display prices: 299.56"
"T16","T16_display_precision_gap","document","SIV2025000000573","635.48","Recomputed from 2-decimal display prices: 635.50"
"T16","T16_display_precision_gap","document","SIV2025000000575","637.04","Recomputed from 2-decimal display prices: 637.10"
"T16","T16_display_precision_gap","document","SIV2025000000576","251.03","Recomputed from 2-decimal display prices: 251.06"
"T16","T16_display_precision_gap","document","SIV2025000000579","99.65","Recomputed from 2-decimal display prices: 99.66"
"T16","T16_display_precision_gap","document","SIV2025000000580","233.96","Recomputed from 2-decimal display prices: 234.05"
"T16","T16_display_precision_gap","document","SIV2025000000581","67.23","Recomputed from 2-decimal display prices: 67.26"
"T16","T16_display_precision_gap","document","SIV2025000000583","143.12","Recomputed from 2-decimal display prices: 143.10"
"T16","T16_display_precision_gap","document","SIV2025000000584","799.12","Recomputed from 2-decimal display prices: 799.21"
"T16","T16_display_precision_gap","document","SIV2025000000585","988.57","Recomputed from 2-decimal display prices: 988.61"
"T16","T16_display_precision_gap","document","SIV2025000000586","1503.56","Recomputed from 2-decimal display prices: 1503.49"
"T16","T16_display_precision_gap","document","SIV2025000000587","227.02","Recomputed from 2-decimal display prices: 227.03"
"T16","T16_display_precision_gap","document","SIV2025000000588","137.13","Recomputed from 2-decimal display prices: 137.15"
"T16","T16_display_precision_gap","document","SIV2025000000590","175.96","Recomputed from 2-decimal display prices: 176.02"
"T16","T16_display_precision_gap","document","SIV2025000000591","172.80","Recomputed from 2-decimal display prices: 172.79"
"T16","T16_display_precision_gap","document","SIV2025000000592","334.59","Recomputed from 2-decimal display prices: 334.66"
"T16","T16_display_precision_gap","document","SIV2025000000594","129.45","Recomputed from 2-decimal display prices: 129.46"
"T16","T16_display_precision_gap","document","SIV2025000000595","532.25","Recomputed from 2-decimal display prices: 532.22"
"T16","T16_display_precision_gap","document","SIV2025000000596","468.22","Recomputed from 2-decimal display prices: 468.19"
"T16","T16_display_precision_gap","document","SIV2025000000597","455.12","Recomputed from 2-decimal display prices: 454.96"
"T16","T16_display_precision_gap","document","SIV2025000000598","404.05","Recomputed from 2-decimal display prices: 404.11"
"T16","T16_display_precision_gap","document","SIV2025000000599","460.28","Recomputed from 2-decimal display prices: 460.30"
"T16","T16_display_precision_gap","document","SIV2025000000600","909.55","Recomputed from 2-decimal display prices: 909.47"
"T16","T16_display_precision_gap","document","SIV2025000000601","861.54","Recomputed from 2-decimal display prices: 861.89"
"T16","T16_display_precision_gap","document","SIV2025000000604","254.78","Recomputed from 2-decimal display prices: 254.81"
"T16","T16_display_precision_gap","document","SIV2025000000605","441.61","Recomputed from 2-decimal display prices: 441.70"
"T16","T16_display_precision_gap","document","SIV2025000000606","147.24","Recomputed from 2-decimal display prices: 147.28"
"T16","T16_display_precision_gap","document","SIV2025000000607","201.48","Recomputed from 2-decimal display prices: 201.49"
"T16","T16_display_precision_gap","document","SIV2025000000608","516.60","Recomputed from 2-decimal display prices: 516.65"
"T16","T16_display_precision_gap","document","SIV2025000000610","75.99","Recomputed from 2-decimal display prices: 75.97"
"T16","T16_display_precision_gap","document","SIV2025000000611","212.22","Recomputed from 2-decimal display prices: 212.14"
"T16","T16_display_precision_gap","document","SIV2025000000612","121.52","Recomputed from 2-decimal display prices: 121.51"
"T16","T16_display_precision_gap","document","SIV2025000000613","5097.27","Recomputed from 2-decimal display prices: 5097.28"
"T16","T16_display_precision_gap","document","SIV2025000000614","686.32","Recomputed from 2-decimal display prices: 686.15"
"T16","T16_display_precision_gap","document","SIV2025000000617","256.64","Recomputed from 2-decimal display prices: 256.62"
"T16","T16_display_precision_gap","document","SIV2025000000619","201.06","Recomputed from 2-decimal display prices: 201.04"
"T16","T16_display_precision_gap","document","SIV2025000000620","78.97","Recomputed from 2-decimal display prices: 78.96"
"T16","T16_display_precision_gap","document","SIV2025000000621","477.58","Recomputed from 2-decimal display prices: 477.61"
"T16","T16_display_precision_gap","document","SIV2025000000623","129.19","Recomputed from 2-decimal display prices: 129.17"
"T16","T16_display_precision_gap","document","SIV2025000000625","150.74","Recomputed from 2-decimal display prices: 150.88"
"T16","T16_display_precision_gap","document","SIV2025000000626","3235.18","Recomputed from 2-decimal display prices: 3235.14"
"T16","T16_display_precision_gap","document","SIV2025000000627","821.43","Recomputed from 2-decimal display prices: 821.57"
"T16","T16_display_precision_gap","document","SIV2025000000631","552.44","Recomputed from 2-decimal display prices: 552.40"
"T16","T16_display_precision_gap","document","SIV2025000000632","268.65","Recomputed from 2-decimal display prices: 268.68"
"T16","T16_display_precision_gap","document","SIV2025000000633","149.78","Recomputed from 2-decimal display prices: 149.83"
"T16","T16_display_precision_gap","document","SIV2025000000635","81.05","Recomputed from 2-decimal display prices: 81.11"
"T16","T16_display_precision_gap","document","SIV2025000000636","87.92","Recomputed from 2-decimal display prices: 87.90"
"T16","T16_display_precision_gap","document","SIV2025000000638","419.89","Recomputed from 2-decimal display prices: 419.84"
"T16","T16_display_precision_gap","document","SIV2025000000639","327.47","Recomputed from 2-decimal display prices: 327.48"
"T16","T16_display_precision_gap","document","SIV2025000000641","175.71","Recomputed from 2-decimal display prices: 175.74"
"T16","T16_display_precision_gap","document","SIV2025000000643","397.25","Recomputed from 2-decimal display prices: 397.28"
"T16","T16_display_precision_gap","document","SIV2025000000644","349.95","Recomputed from 2-decimal display prices: 349.92"
"T16","T16_display_precision_gap","document","SIV2025000000645","254.92","Recomputed from 2-decimal display prices: 254.87"
"T16","T16_display_precision_gap","document","SIV2025000000646","465.74","Recomputed from 2-decimal display prices: 465.85"
"T16","T16_display_precision_gap","document","SIV2025000000647","433.31","Recomputed from 2-decimal display prices: 433.28"
"T16","T16_display_precision_gap","document","SIV2025000000648","417.98","Recomputed from 2-decimal display prices: 418.04"
"T16","T16_display_precision_gap","document","SIV2025000000652","946.75","Recomputed from 2-decimal display prices: 946.80"
"T16","T16_display_precision_gap","document","SIV2025000000653","1015.25","Recomputed from 2-decimal display prices: 1015.21"
"T16","T16_display_precision_gap","document","SIV2025000000654","1643.41","Recomputed from 2-decimal display prices: 1643.15"
"T16","T16_display_precision_gap","document","SIV2025000000656","424.92","Recomputed from 2-decimal display prices: 424.88"
"T16","T16_display_precision_gap","document","SIV2025000000657","173.50","Recomputed from 2-decimal display prices: 173.53"
"T16","T16_display_precision_gap","document","SIV2025000000658","281.10","Recomputed from 2-decimal display prices: 281.09"
"T16","T16_display_precision_gap","document","SIV2025000000659","522.74","Recomputed from 2-decimal display prices: 522.79"
"T16","T16_display_precision_gap","document","SIV2025000000660","905.93","Recomputed from 2-decimal display prices: 906.08"
"T16","T16_display_precision_gap","document","SIV2025000000661","320.31","Recomputed from 2-decimal display prices: 320.30"
"T16","T16_display_precision_gap","document","SIV2025000000662","248.64","Recomputed from 2-decimal display prices: 248.68"
"T16","T16_display_precision_gap","document","SIV2025000000663","12.11","Recomputed from 2-decimal display prices: 12.10"
"T16","T16_display_precision_gap","document","SIV2025000000668","210.77","Recomputed from 2-decimal display prices: 210.71"
"T16","T16_display_precision_gap","document","SIV2025000000670","1142.68","Recomputed from 2-decimal display prices: 1143.25"
"T16","T16_display_precision_gap","document","SIV2025000000672","13495.36","Recomputed from 2-decimal display prices: 13495.40"
"T16","T16_display_precision_gap","document","SIV2025000000678","209.88","Recomputed from 2-decimal display prices: 209.80"
"T16","T16_display_precision_gap","document","SIV2025000000681","557.77","Recomputed from 2-decimal display prices: 557.90"
"T16","T16_display_precision_gap","document","SIV2025000000684","48.68","Recomputed from 2-decimal display prices: 48.66"
"T16","T16_display_precision_gap","document","SIV2025000000691","185.46","Recomputed from 2-decimal display prices: 185.42"
"T16","T16_display_precision_gap","document","SIV2025000000693","189.74","Recomputed from 2-decimal display prices: 189.64"
"T16","T16_display_precision_gap","document","SIV2025000000694","162.72","Recomputed from 2-decimal display prices: 162.78"
"T16","T16_display_precision_gap","document","SIV2025000000695","195.11","Recomputed from 2-decimal display prices: 195.13"
"T16","T16_display_precision_gap","document","SIV2025000000696","547.92","Recomputed from 2-decimal display prices: 547.93"
"T16","T16_display_precision_gap","document","SIV2025000000697","179.19","Recomputed from 2-decimal display prices: 179.21"
"T16","T16_display_precision_gap","document","SIV2025000000699","71.78","Recomputed from 2-decimal display prices: 71.82"
"T16","T16_display_precision_gap","document","SIV2025000000703","707.94","Recomputed from 2-decimal display prices: 707.96"
"T16","T16_display_precision_gap","document","SIV2025000000704","639.99","Recomputed from 2-decimal display prices: 640.01"
"T16","T16_display_precision_gap","document","SIV2025000000705","457.55","Recomputed from 2-decimal display prices: 457.36"
"T16","T16_display_precision_gap","document","SIV2025000000707","136.13","Recomputed from 2-decimal display prices: 136.14"
"T16","T16_display_precision_gap","document","SIV2025000000708","878.32","Recomputed from 2-decimal display prices: 878.18"
"T16","T16_display_precision_gap","document","SIV2025000000711","254.80","Recomputed from 2-decimal display prices: 254.75"
"T16","T16_display_precision_gap","document","SIV2025000000712","80.50","Recomputed from 2-decimal display prices: 80.46"
"T16","T16_display_precision_gap","document","SIV2025000000713","221.16","Recomputed from 2-decimal display prices: 221.15"
"T16","T16_display_precision_gap","document","SIV2025000000718","232.87","Recomputed from 2-decimal display prices: 232.86"
"T16","T16_display_precision_gap","document","SIV2025000000719","361.77","Recomputed from 2-decimal display prices: 361.69"
"T16","T16_display_precision_gap","document","SIV2025000000720","229.04","Recomputed from 2-decimal display prices: 229.09"
"T16","T16_display_precision_gap","document","SIV2025000000722","111.59","Recomputed from 2-decimal display prices: 111.62"
"T16","T16_display_precision_gap","document","SIV2025000000724","469.44","Recomputed from 2-decimal display prices: 469.33"
"T16","T16_display_precision_gap","document","SIV2025000000727","146.48","Recomputed from 2-decimal display prices: 146.51"
"T16","T16_display_precision_gap","document","SIV2025000000728","209.97","Recomputed from 2-decimal display prices: 210.01"
"T16","T16_display_precision_gap","document","SIV2025000000729","466.78","Recomputed from 2-decimal display prices: 466.76"
"T16","T16_display_precision_gap","document","SIV2025000000730","424.95","Recomputed from 2-decimal display prices: 424.96"
"T16","T16_display_precision_gap","document","SIV2025000000731","170.21","Recomputed from 2-decimal display prices: 170.26"
"T16","T16_display_precision_gap","document","SIV2025000000732","430.59","Recomputed from 2-decimal display prices: 430.62"
"T16","T16_display_precision_gap","document","SIV2025000000733","375.44","Recomputed from 2-decimal display prices: 375.26"
"T16","T16_display_precision_gap","document","SIV2025000000734","409.59","Recomputed from 2-decimal display prices: 409.48"
"T16","T16_display_precision_gap","document","SIV2025000000737","146.73","Recomputed from 2-decimal display prices: 146.70"
"T16","T16_display_precision_gap","document","SIV2025000000740","55.54","Recomputed from 2-decimal display prices: 55.55"
"T16","T16_display_precision_gap","document","SIV2025000000741","332.42","Recomputed from 2-decimal display prices: 332.40"
"T16","T16_display_precision_gap","document","SIV2025000000742","345.17","Recomputed from 2-decimal display prices: 345.06"
"T16","T16_display_precision_gap","document","SIV2025000000743","218.71","Recomputed from 2-decimal display prices: 218.75"
"T16","T16_display_precision_gap","document","SIV2025000000744","450.10","Recomputed from 2-decimal display prices: 450.13"
"T16","T16_display_precision_gap","document","SIV2025000000746","117.20","Recomputed from 2-decimal display prices: 117.22"
"T16","T16_display_precision_gap","document","SIV2025000000747","577.35","Recomputed from 2-decimal display prices: 577.30"
"T16","T16_display_precision_gap","document","SIV2025000000750","87.69","Recomputed from 2-decimal display prices: 87.67"
"T16","T16_display_precision_gap","document","SIV2025000000751","338.68","Recomputed from 2-decimal display prices: 338.81"
"T16","T16_display_precision_gap","document","SIV2025000000752","1693.72","Recomputed from 2-decimal display prices: 1693.96"
"T16","T16_display_precision_gap","document","SIV2025000000754","302.02","Recomputed from 2-decimal display prices: 302.05"
"T16","T16_display_precision_gap","document","SIV2025000000756","662.39","Recomputed from 2-decimal display prices: 662.47"
"T16","T16_display_precision_gap","document","SIV2025000000757","656.27","Recomputed from 2-decimal display prices: 656.26"
"T16","T16_display_precision_gap","document","SIV2025000000758","258.85","Recomputed from 2-decimal display prices: 258.77"
"T16","T16_display_precision_gap","document","SIV2025000000760","275.08","Recomputed from 2-decimal display prices: 275.10"
"T16","T16_display_precision_gap","document","SIV2025000000765","179.17","Recomputed from 2-decimal display prices: 179.14"
"T16","T16_display_precision_gap","document","SIV2025000000766","392.90","Recomputed from 2-decimal display prices: 392.96"
"T16","T16_display_precision_gap","document","SIV2025000000768","483.91","Recomputed from 2-decimal display prices: 483.97"
"T16","T16_display_precision_gap","document","SIV2025000000769","400.79","Recomputed from 2-decimal display prices: 400.85"
"T16","T16_display_precision_gap","document","SIV2025000000770","926.49","Recomputed from 2-decimal display prices: 926.41"
"T16","T16_display_precision_gap","document","SIV2025000000771","567.65","Recomputed from 2-decimal display prices: 567.67"
"T16","T16_display_precision_gap","document","SIV2025000000772","198.60","Recomputed from 2-decimal display prices: 198.53"
"T16","T16_display_precision_gap","document","SIV2025000000773","188.28","Recomputed from 2-decimal display prices: 188.32"
"T16","T16_display_precision_gap","document","SIV2025000000774","455.22","Recomputed from 2-decimal display prices: 455.17"
"T16","T16_display_precision_gap","document","SIV2025000000775","70.79","Recomputed from 2-decimal display prices: 70.82"
"T16","T16_display_precision_gap","document","SIV2025000000776","218.94","Recomputed from 2-decimal display prices: 219.02"
"T16","T16_display_precision_gap","document","SIV2025000000777","964.53","Recomputed from 2-decimal display prices: 964.57"
"T16","T16_display_precision_gap","document","SIV2025000000778","207.82","Recomputed from 2-decimal display prices: 207.77"
"T16","T16_display_precision_gap","document","SIV2025000000780","105.54","Recomputed from 2-decimal display prices: 105.48"
"T16","T16_display_precision_gap","document","SIV2025000000782","930.56","Recomputed from 2-decimal display prices: 930.35"
"T16","T16_display_precision_gap","document","SIV2025000000785","126.13","Recomputed from 2-decimal display prices: 126.16"
"T16","T16_display_precision_gap","document","SIV2025000000786","184.41","Recomputed from 2-decimal display prices: 184.32"
"T16","T16_display_precision_gap","document","SIV2025000000788","198.26","Recomputed from 2-decimal display prices: 198.23"
"T16","T16_display_precision_gap","document","SIV2025000000791","203.89","Recomputed from 2-decimal display prices: 203.95"
"T16","T16_display_precision_gap","document","SIV2025000000793","196.71","Recomputed from 2-decimal display prices: 196.70"
"T16","T16_display_precision_gap","document","SIV2025000000794","706.34","Recomputed from 2-decimal display prices: 706.22"
"T16","T16_display_precision_gap","document","SIV2025000000798","104.76","Recomputed from 2-decimal display prices: 104.77"
"T16","T16_display_precision_gap","document","SIV2025000000799","432.94","Recomputed from 2-decimal display prices: 432.91"
"T16","T16_display_precision_gap","document","SIV2025000000800","191.35","Recomputed from 2-decimal display prices: 191.34"
"T16","T16_display_precision_gap","document","SIV2025000000801","171.05","Recomputed from 2-decimal display prices: 171.04"
"T16","T16_display_precision_gap","document","SIV2025000000803","93.30","Recomputed from 2-decimal display prices: 93.29"
"T16","T16_display_precision_gap","document","SIV2025000000804","307.15","Recomputed from 2-decimal display prices: 307.20"
"T16","T16_display_precision_gap","document","SIV2025000000805","124.14","Recomputed from 2-decimal display prices: 124.15"
"T16","T16_display_precision_gap","document","SIV2025000000806","393.38","Recomputed from 2-decimal display prices: 393.47"
"T16","T16_display_precision_gap","document","SIV2025000000807","446.13","Recomputed from 2-decimal display prices: 446.16"
"T16","T16_display_precision_gap","document","SIV2025000000808","256.57","Recomputed from 2-decimal display prices: 256.54"
"T16","T16_display_precision_gap","document","SIV2025000000815","613.68","Recomputed from 2-decimal display prices: 613.74"
"T16","T16_display_precision_gap","document","SIV2025000000816","82.67","Recomputed from 2-decimal display prices: 82.66"
"T16","T16_display_precision_gap","document","SIV2025000000817","364.50","Recomputed from 2-decimal display prices: 364.49"
"T16","T16_display_precision_gap","document","SIV2025000000818","336.99","Recomputed from 2-decimal display prices: 336.97"
"T16","T16_display_precision_gap","document","SIV2025000000819","443.59","Recomputed from 2-decimal display prices: 443.53"
"T16","T16_display_precision_gap","document","SIV2025000000821","682.57","Recomputed from 2-decimal display prices: 682.49"
"T16","T16_display_precision_gap","document","SIV2025000000822","324.05","Recomputed from 2-decimal display prices: 324.24"
"T16","T16_display_precision_gap","document","SIV2025000000826","46.76","Recomputed from 2-decimal display prices: 46.79"
"T16","T16_display_precision_gap","document","SIV2025000000827","122.75","Recomputed from 2-decimal display prices: 122.78"
"T16","T16_display_precision_gap","document","SIV2025000000828","253.87","Recomputed from 2-decimal display prices: 253.63"
"T16","T16_display_precision_gap","document","SIV2025000000829","783.09","Recomputed from 2-decimal display prices: 783.02"
"T16","T16_display_precision_gap","document","SIV2025000000830","224.13","Recomputed from 2-decimal display prices: 224.14"
"T16","T16_display_precision_gap","document","SIV2025000000832","650.74","Recomputed from 2-decimal display prices: 650.76"
"T16","T16_display_precision_gap","document","SIV2025000000833","91.89","Recomputed from 2-decimal display prices: 91.93"
"T16","T16_display_precision_gap","document","SIV2025000000834","102.61","Recomputed from 2-decimal display prices: 102.60"
"T16","T16_display_precision_gap","document","SIV2025000000836","288.87","Recomputed from 2-decimal display prices: 288.90"
"T16","T16_display_precision_gap","document","SIV2025000000837","238.23","Recomputed from 2-decimal display prices: 238.21"
"T16","T16_display_precision_gap","document","SIV2025000000838","217.84","Recomputed from 2-decimal display prices: 217.88"
"T16","T16_display_precision_gap","document","SIV2025000000840","2078.11","Recomputed from 2-decimal display prices: 2078.10"
"T16","T16_display_precision_gap","document","SIV2025000000841","302.02","Recomputed from 2-decimal display prices: 301.84"
"T16","T16_display_precision_gap","document","SIV2025000000842","251.98","Recomputed from 2-decimal display prices: 251.99"
"T16","T16_display_precision_gap","document","SIV2025000000843","39.15","Recomputed from 2-decimal display prices: 39.13"
"T16","T16_display_precision_gap","document","SIV2025000000844","187.81","Recomputed from 2-decimal display prices: 187.82"
"T16","T16_display_precision_gap","document","SIV2025000000845","59.23","Recomputed from 2-decimal display prices: 59.24"
"T16","T16_display_precision_gap","document","SIV2025000000847","73.81","Recomputed from 2-decimal display prices: 73.79"
"T16","T16_display_precision_gap","document","SIV2025000000848","3960.69","Recomputed from 2-decimal display prices: 3960.71"
"T16","T16_display_precision_gap","document","SIV2025000000849","240.86","Recomputed from 2-decimal display prices: 240.91"
"T16","T16_display_precision_gap","document","SIV2025000000850","365.91","Recomputed from 2-decimal display prices: 365.86"
"T16","T16_display_precision_gap","document","SIV2025000000855","323.54","Recomputed from 2-decimal display prices: 323.60"
"T16","T16_display_precision_gap","document","SIV2025000000858","150.28","Recomputed from 2-decimal display prices: 150.25"
"T16","T16_display_precision_gap","document","SIV2025000000859","448.61","Recomputed from 2-decimal display prices: 448.74"
"T16","T16_display_precision_gap","document","SIV2025000000862","393.60","Recomputed from 2-decimal display prices: 393.52"
"T16","T16_display_precision_gap","document","SIV2025000000863","728.51","Recomputed from 2-decimal display prices: 728.47"
"T16","T16_display_precision_gap","document","SIV2025000000864","121.47","Recomputed from 2-decimal display prices: 121.44"
"T16","T16_display_precision_gap","document","SIV2025000000865","355.96","Recomputed from 2-decimal display prices: 355.94"
"T16","T16_display_precision_gap","document","SIV2025000000867","452.06","Recomputed from 2-decimal display prices: 452.12"
"T16","T16_display_precision_gap","document","SIV2025000000869","678.25","Recomputed from 2-decimal display prices: 678.26"
"T16","T16_display_precision_gap","document","SIV2025000000870","419.22","Recomputed from 2-decimal display prices: 419.14"
"T16","T16_display_precision_gap","document","SIV2025000000871","590.57","Recomputed from 2-decimal display prices: 590.59"
"T16","T16_display_precision_gap","document","SIV2025000000872","615.77","Recomputed from 2-decimal display prices: 615.95"
"T16","T16_display_precision_gap","document","SIV2025000000875","829.47","Recomputed from 2-decimal display prices: 829.58"
"T16","T16_display_precision_gap","document","SIV2025000000877","79.39","Recomputed from 2-decimal display prices: 79.38"
"T16","T16_display_precision_gap","document","SIV2025000000878","25.83","Recomputed from 2-decimal display prices: 25.82"
"T16","T16_display_precision_gap","document","SIV2025000000879","190.86","Recomputed from 2-decimal display prices: 190.85"
"T16","T16_display_precision_gap","document","SIV2025000000881","71.97","Recomputed from 2-decimal display prices: 71.98"
"T16","T16_display_precision_gap","document","SIV2025000000883","836.56","Recomputed from 2-decimal display prices: 836.54"
"T16","T16_display_precision_gap","document","SIV2025000000884","213.09","Recomputed from 2-decimal display prices: 213.11"
"T16","T16_display_precision_gap","document","SIV2025000000887","305.18","Recomputed from 2-decimal display prices: 305.24"
"T16","T16_display_precision_gap","document","SIV2025000000890","2016.87","Recomputed from 2-decimal display prices: 2016.89"
"T16","T16_display_precision_gap","document","SIV2025000000891","441.15","Recomputed from 2-decimal display prices: 441.35"
"T16","T16_display_precision_gap","document","SIV2025000000892","342.03","Recomputed from 2-decimal display prices: 342.05"
"T16","T16_display_precision_gap","document","SIV2025000000893","116.30","Recomputed from 2-decimal display prices: 116.33"
"T16","T16_display_precision_gap","document","SIV2025000000896","178.47","Recomputed from 2-decimal display prices: 178.54"
"T16","T16_display_precision_gap","document","SIV2025000000897","829.96","Recomputed from 2-decimal display prices: 829.97"
"T16","T16_display_precision_gap","document","SIV2025000000898","563.75","Recomputed from 2-decimal display prices: 563.78"
"T16","T16_display_precision_gap","document","SIV2025000000905","415.26","Recomputed from 2-decimal display prices: 415.22"
"T16","T16_display_precision_gap","document","SIV2025000000906","621.77","Recomputed from 2-decimal display prices: 621.76"
"T16","T16_display_precision_gap","document","SIV2025000000907","277.55","Recomputed from 2-decimal display prices: 277.74"
"T16","T16_display_precision_gap","document","SIV2025000000908","67.80","Recomputed from 2-decimal display prices: 67.78"
"T16","T16_display_precision_gap","document","SIV2025000000909","154.83","Recomputed from 2-decimal display prices: 154.85"
"T16","T16_display_precision_gap","document","SIV2025000000910","59.23","Recomputed from 2-decimal display prices: 59.27"
"T16","T16_display_precision_gap","document","SIV2025000000915","119.22","Recomputed from 2-decimal display prices: 119.20"
"T16","T16_display_precision_gap","document","SIV2025000000916","350.66","Recomputed from 2-decimal display prices: 350.59"
"T16","T16_display_precision_gap","document","SIV2025000000917","266.83","Recomputed from 2-decimal display prices: 266.77"
"T16","T16_display_precision_gap","document","SIV2025000000919","21.64","Recomputed from 2-decimal display prices: 21.65"
"T16","T16_display_precision_gap","document","SIV2025000000921","450.57","Recomputed from 2-decimal display prices: 450.62"
"T16","T16_display_precision_gap","document","SIV2025000000923","939.65","Recomputed from 2-decimal display prices: 939.85"
"T16","T16_display_precision_gap","document","SIV2025000000927","240.98","Recomputed from 2-decimal display prices: 240.94"
"T16","T16_display_precision_gap","document","SIV2025000000928","258.76","Recomputed from 2-decimal display prices: 258.74"
"T16","T16_display_precision_gap","document","SIV2025000000931","102.37","Recomputed from 2-decimal display prices: 102.42"
"T16","T16_display_precision_gap","document","SIV2025000000932","435.75","Recomputed from 2-decimal display prices: 435.78"
"T16","T16_display_precision_gap","document","SIV2025000000934","31.10","Recomputed from 2-decimal display prices: 31.08"
"T16","T16_display_precision_gap","document","SIV2025000000941","677.17","Recomputed from 2-decimal display prices: 677.14"
"T16","T16_display_precision_gap","document","SIV2025000000942","272.71","Recomputed from 2-decimal display prices: 272.80"
"T16","T16_display_precision_gap","document","SIV2025000000944","267.75","Recomputed from 2-decimal display prices: 267.71"
"T16","T16_display_precision_gap","document","SIV2025000000948","795.81","Recomputed from 2-decimal display prices: 795.71"
"T16","T16_display_precision_gap","document","SIV2025000000950","7032.54","Recomputed from 2-decimal display prices: 7032.53"
"T16","T16_display_precision_gap","document","SIV2025000000952","71.70","Recomputed from 2-decimal display prices: 71.71"
"T16","T16_display_precision_gap","document","SIV2025000000953","387.75","Recomputed from 2-decimal display prices: 387.77"
"T16","T16_display_precision_gap","document","SIV2025000000954","15208.58","Recomputed from 2-decimal display prices: 15208.62"
"T16","T16_display_precision_gap","document","SIV2025000000956","191.16","Recomputed from 2-decimal display prices: 191.21"
"T16","T16_display_precision_gap","document","SIV2025000000957","333.07","Recomputed from 2-decimal display prices: 333.04"
"T16","T16_display_precision_gap","document","SIV2025000000958","81.17","Recomputed from 2-decimal display prices: 81.22"
"T16","T16_display_precision_gap","document","SIV2025000000959","597.94","Recomputed from 2-decimal display prices: 597.97"
"T16","T16_display_precision_gap","document","SIV2025000000961","226.62","Recomputed from 2-decimal display prices: 226.56"
"T16","T16_display_precision_gap","document","SIV2025000000964","2108.61","Recomputed from 2-decimal display prices: 2108.52"
"T16","T16_display_precision_gap","document","SIV2025000000967","1458.71","Recomputed from 2-decimal display prices: 1458.74"
"T16","T16_display_precision_gap","document","SIV2025000000968","289.56","Recomputed from 2-decimal display prices: 289.54"
"T16","T16_display_precision_gap","document","SIV2025000000970","353.09","Recomputed from 2-decimal display prices: 353.05"
"T16","T16_display_precision_gap","document","SIV2025000000971","441.79","Recomputed from 2-decimal display prices: 441.83"
"T16","T16_display_precision_gap","document","SIV2025000000972","1127.19","Recomputed from 2-decimal display prices: 1127.21"
"T16","T16_display_precision_gap","document","SIV2025000000973","186.93","Recomputed from 2-decimal display prices: 187.00"
"T16","T16_display_precision_gap","document","SIV2025000000974","494.64","Recomputed from 2-decimal display prices: 494.57"
"T16","T16_display_precision_gap","document","SIV2025000000978","88.20","Recomputed from 2-decimal display prices: 88.24"
"T16","T16_display_precision_gap","document","SIV2025000000980","180.47","Recomputed from 2-decimal display prices: 180.58"
"T16","T16_display_precision_gap","document","SIV2025000000981","116.96","Recomputed from 2-decimal display prices: 116.95"
"T16","T16_display_precision_gap","document","SIV2025000000983","1505.84","Recomputed from 2-decimal display prices: 1505.96"
"T16","T16_display_precision_gap","document","SIV2025000000984","1064.46","Recomputed from 2-decimal display prices: 1064.52"
"T16","T16_display_precision_gap","document","SIV2025000000987","1000.74","Recomputed from 2-decimal display prices: 1000.76"
"T16","T16_display_precision_gap","document","SIV2025000000988","196.10","Recomputed from 2-decimal display prices: 196.02"
"T16","T16_display_precision_gap","document","SIV2025000000990","347.20","Recomputed from 2-decimal display prices: 347.39"
"T16","T16_display_precision_gap","document","SIV2025000000991","212.65","Recomputed from 2-decimal display prices: 212.74"
"T16","T16_display_precision_gap","document","SIV2025000000993","152.34","Recomputed from 2-decimal display prices: 152.35"
"T16","T16_display_precision_gap","document","SIV2025000000994","300.33","Recomputed from 2-decimal display prices: 300.26"
"T16","T16_display_precision_gap","document","SIV2025000000995","80.51","Recomputed from 2-decimal display prices: 80.53"
"T16","T16_display_precision_gap","document","SIV2025000001000","200.34","Recomputed from 2-decimal display prices: 200.38"
"T16","T16_display_precision_gap","document","SIV2025000001001","208.34","Recomputed from 2-decimal display prices: 208.30"
"T16","T16_display_precision_gap","document","SIV2025000001002","725.30","Recomputed from 2-decimal display prices: 725.32"
"T16","T16_display_precision_gap","document","SIV2025000001003","61.02","Recomputed from 2-decimal display prices: 61.04"
"T16","T16_display_precision_gap","document","SIV2025000001004","171.90","Recomputed from 2-decimal display prices: 171.88"
"T16","T16_display_precision_gap","document","SIV2025000001007","40.29","Recomputed from 2-decimal display prices: 40.32"
"T16","T16_display_precision_gap","document","SIV2025000001009","321.19","Recomputed from 2-decimal display prices: 321.11"
"T16","T16_display_precision_gap","document","SIV2025000001010","447.01","Recomputed from 2-decimal display prices: 447.04"
"T16","T16_display_precision_gap","document","SIV2025000001011","217.93","Recomputed from 2-decimal display prices: 217.92"
"T16","T16_display_precision_gap","document","SIV2025000001012","161.28","Recomputed from 2-decimal display prices: 161.33"
"T16","T16_display_precision_gap","document","SIV2025000001013","1512.34","Recomputed from 2-decimal display prices: 1512.16"
"T16","T16_display_precision_gap","document","SIV2025000001015","385.92","Recomputed from 2-decimal display prices: 385.93"
"T16","T16_display_precision_gap","document","SIV2025000001017","274.90","Recomputed from 2-decimal display prices: 274.93"
"T16","T16_display_precision_gap","document","SIV2025000001018","135.13","Recomputed from 2-decimal display prices: 135.12"
"T16","T16_display_precision_gap","document","SIV2025000001020","244.97","Recomputed from 2-decimal display prices: 244.98"
"T16","T16_display_precision_gap","document","SIV2025000001023","238.06","Recomputed from 2-decimal display prices: 238.13"
"T16","T16_display_precision_gap","document","SIV2025000001024","1665.45","Recomputed from 2-decimal display prices: 1665.35"
"T16","T16_display_precision_gap","document","SIV2025000001025","802.15","Recomputed from 2-decimal display prices: 802.25"
"T16","T16_display_precision_gap","document","SIV2025000001028","167.80","Recomputed from 2-decimal display prices: 167.81"
"T16","T16_display_precision_gap","document","SIV2025000001030","131.43","Recomputed from 2-decimal display prices: 131.42"
"T16","T16_display_precision_gap","document","SIV2025000001031","177.69","Recomputed from 2-decimal display prices: 177.67"
"T16","T16_display_precision_gap","document","SIV2025000001032","638.67","Recomputed from 2-decimal display prices: 638.77"
"T16","T16_display_precision_gap","document","SIV2025000001034","746.19","Recomputed from 2-decimal display prices: 746.18"
"T16","T16_display_precision_gap","document","SIV2025000001035","1084.08","Recomputed from 2-decimal display prices: 1083.88"
"T16","T16_display_precision_gap","document","SIV2025000001037","1047.97","Recomputed from 2-decimal display prices: 1048.08"
"T16","T16_display_precision_gap","document","SIV2025000001039","239.78","Recomputed from 2-decimal display prices: 239.75"
"T16","T16_display_precision_gap","document","SIV2025000001040","400.06","Recomputed from 2-decimal display prices: 400.12"
"T16","T16_display_precision_gap","document","SIV2025000001042","216.32","Recomputed from 2-decimal display prices: 216.29"
"T16","T16_display_precision_gap","document","SIV2025000001044","480.35","Recomputed from 2-decimal display prices: 480.46"
"T16","T16_display_precision_gap","document","SIV2025000001045","310.81","Recomputed from 2-decimal display prices: 310.90"
"T16","T16_display_precision_gap","document","SIV2025000001047","1042.00","Recomputed from 2-decimal display prices: 1041.97"
"T16","T16_display_precision_gap","document","SIV2025000001049","553.60","Recomputed from 2-decimal display prices: 553.45"
"T16","T16_display_precision_gap","document","SIV2025000001050","2754.62","Recomputed from 2-decimal display prices: 2754.40"
"T16","T16_display_precision_gap","document","SIV2025000001054","844.29","Recomputed from 2-decimal display prices: 844.42"
"T16","T16_display_precision_gap","document","SIV2025000001055","124.47","Recomputed from 2-decimal display prices: 124.45"
"T16","T16_display_precision_gap","document","SIV2025000001060","328.29","Recomputed from 2-decimal display prices: 328.25"
"T16","T16_display_precision_gap","document","SIV2025000001063","228.55","Recomputed from 2-decimal display prices: 228.50"
"T16","T16_display_precision_gap","document","SIV2025000001064","503.40","Recomputed from 2-decimal display prices: 503.36"
"T16","T16_display_precision_gap","document","SIV2025000001065","380.53","Recomputed from 2-decimal display prices: 380.47"
"T16","T16_display_precision_gap","document","SIV2025000001066","91.38","Recomputed from 2-decimal display prices: 91.42"
"T16","T16_display_precision_gap","document","SIV2025000001067","1450.46","Recomputed from 2-decimal display prices: 1450.28"
"T16","T16_display_precision_gap","document","SIV2025000001069","235.78","Recomputed from 2-decimal display prices: 235.76"
"T16","T16_display_precision_gap","document","SIV2025000001070","298.11","Recomputed from 2-decimal display prices: 298.18"
"T16","T16_display_precision_gap","document","SIV2025000001071","300.54","Recomputed from 2-decimal display prices: 300.50"
"T16","T16_display_precision_gap","document","SIV2025000001075","406.04","Recomputed from 2-decimal display prices: 406.10"
"T16","T16_display_precision_gap","document","SIV2025000001077","227.94","Recomputed from 2-decimal display prices: 228.04"
"T16","T16_display_precision_gap","document","SIV2025000001080","160.39","Recomputed from 2-decimal display prices: 160.43"
"T16","T16_display_precision_gap","document","SIV2025000001083","541.49","Recomputed from 2-decimal display prices: 541.55"
"T16","T16_display_precision_gap","document","SIV2025000001085","236.79","Recomputed from 2-decimal display prices: 236.94"
"T16","T16_display_precision_gap","document","SIV2025000001089","370.37","Recomputed from 2-decimal display prices: 370.57"
"T16","T16_display_precision_gap","document","SIV2025000001090","149.26","Recomputed from 2-decimal display prices: 149.28"
"T16","T16_display_precision_gap","document","SIV2025000001094","177.66","Recomputed from 2-decimal display prices: 177.70"
"T16","T16_display_precision_gap","document","SIV2025000001095","595.77","Recomputed from 2-decimal display prices: 595.75"
"T16","T16_display_precision_gap","document","SIV2025000001097","198.35","Recomputed from 2-decimal display prices: 198.34"
"T16","T16_display_precision_gap","document","SIV2025000001098","396.43","Recomputed from 2-decimal display prices: 396.40"
"T16","T16_display_precision_gap","document","SIV2025000001099","66.73","Recomputed from 2-decimal display prices: 66.74"
"T16","T16_display_precision_gap","document","SIV2025000001101","409.31","Recomputed from 2-decimal display prices: 409.50"
"T16","T16_display_precision_gap","document","SIV2025000001102","1623.22","Recomputed from 2-decimal display prices: 1623.11"
"T16","T16_display_precision_gap","document","SIV2025000001103","1538.84","Recomputed from 2-decimal display prices: 1538.64"
"T16","T16_display_precision_gap","document","SIV2025000001104","1970.57","Recomputed from 2-decimal display prices: 1970.11"
"T16","T16_display_precision_gap","document","SIV2025000001109","449.53","Recomputed from 2-decimal display prices: 449.48"
"T16","T16_display_precision_gap","document","SIV2025000001110","169.77","Recomputed from 2-decimal display prices: 169.78"
"T16","T16_display_precision_gap","document","SIV2025000001111","359.06","Recomputed from 2-decimal display prices: 359.00"
"T16","T16_display_precision_gap","document","SIV2025000001112","292.04","Recomputed from 2-decimal display prices: 292.10"
"T16","T16_display_precision_gap","document","SIV2025000001114","133.70","Recomputed from 2-decimal display prices: 133.69"
"T16","T16_display_precision_gap","document","SIV2025000001115","401.34","Recomputed from 2-decimal display prices: 401.23"
"T16","T16_display_precision_gap","document","SIV2025000001118","261.32","Recomputed from 2-decimal display prices: 261.16"
"T16","T16_display_precision_gap","document","SIV2025000001119","147.11","Recomputed from 2-decimal display prices: 147.13"
"T16","T16_display_precision_gap","document","SIV2025000001121","447.44","Recomputed from 2-decimal display prices: 447.46"
"T16","T16_display_precision_gap","document","SIV2025000001123","274.08","Recomputed from 2-decimal display prices: 273.95"
"T16","T16_display_precision_gap","document","SIV2025000001126","107.31","Recomputed from 2-decimal display prices: 107.33"
"T16","T16_display_precision_gap","document","SIV2025000001127","66.47","Recomputed from 2-decimal display prices: 66.55"
"T16","T16_display_precision_gap","document","SIV2025000001129","82.60","Recomputed from 2-decimal display prices: 82.58"
"T16","T16_display_precision_gap","document","SIV2025000001131","1520.91","Recomputed from 2-decimal display prices: 1520.89"
"T16","T16_display_precision_gap","document","SIV2025000001135","677.60","Recomputed from 2-decimal display prices: 677.68"
"T16","T16_display_precision_gap","document","SIV2025000001137","267.44","Recomputed from 2-decimal display prices: 267.43"
"T16","T16_display_precision_gap","document","SIV2025000001138","653.95","Recomputed from 2-decimal display prices: 653.88"
"T16","T16_display_precision_gap","document","SIV2025000001141","6096.34","Recomputed from 2-decimal display prices: 6096.36"
"T16","T16_display_precision_gap","document","SIV2025000001142","183.60","Recomputed from 2-decimal display prices: 183.59"
"T16","T16_display_precision_gap","document","SIV2025000001144","329.15","Recomputed from 2-decimal display prices: 329.14"
"T16","T16_display_precision_gap","document","SIV2025000001145","323.83","Recomputed from 2-decimal display prices: 323.84"
"T16","T16_display_precision_gap","document","SIV2025000001146","242.85","Recomputed from 2-decimal display prices: 242.86"
"T16","T16_display_precision_gap","document","SIV2025000001147","231.99","Recomputed from 2-decimal display prices: 231.98"
"T16","T16_display_precision_gap","document","SIV2025000001148","603.41","Recomputed from 2-decimal display prices: 603.47"
"T16","T16_display_precision_gap","document","SIV2025000001152","102.94","Recomputed from 2-decimal display prices: 102.96"
"T16","T16_display_precision_gap","document","SIV2025000001153","255.58","Recomputed from 2-decimal display prices: 255.66"
"T16","T16_display_precision_gap","document","SIV2025000001154","164.76","Recomputed from 2-decimal display prices: 164.80"
"T16","T16_display_precision_gap","document","SIV2025000001155","115.75","Recomputed from 2-decimal display prices: 115.80"
"T16","T16_display_precision_gap","document","SIV2025000001158","389.66","Recomputed from 2-decimal display prices: 389.59"
"T16","T16_display_precision_gap","document","SIV2025000001159","408.12","Recomputed from 2-decimal display prices: 408.18"
"T16","T16_display_precision_gap","document","SIV2025000001160","547.36","Recomputed from 2-decimal display prices: 547.30"
"T16","T16_display_precision_gap","document","SIV2025000001161","143.17","Recomputed from 2-decimal display prices: 143.20"
"T16","T16_display_precision_gap","document","SIV2025000001162","1126.86","Recomputed from 2-decimal display prices: 1127.10"
"T16","T16_display_precision_gap","document","SIV2025000001163","2574.35","Recomputed from 2-decimal display prices: 2574.29"
"T16","T16_display_precision_gap","document","SIV2025000001166","332.29","Recomputed from 2-decimal display prices: 332.28"
"T16","T16_display_precision_gap","document","SIV2025000001168","325.73","Recomputed from 2-decimal display prices: 325.75"
"T16","T16_display_precision_gap","document","SIV2025000001169","142.12","Recomputed from 2-decimal display prices: 142.14"
"T16","T16_display_precision_gap","document","SIV2025000001170","84.03","Recomputed from 2-decimal display prices: 84.04"
"T16","T16_display_precision_gap","document","SIV2025000001173","41.83","Recomputed from 2-decimal display prices: 41.86"
"T16","T16_display_precision_gap","document","SIV2025000001175","8003.91","Recomputed from 2-decimal display prices: 8003.90"
"T16","T16_display_precision_gap","document","SIV2025000001178","110.29","Recomputed from 2-decimal display prices: 110.27"
"T16","T16_display_precision_gap","document","SIV2025000001179","2003.58","Recomputed from 2-decimal display prices: 2003.54"
"T16","T16_display_precision_gap","document","SIV2025000001182","646.38","Recomputed from 2-decimal display prices: 646.43"
"T16","T16_display_precision_gap","document","SIV2025000001183","616.84","Recomputed from 2-decimal display prices: 616.73"
"T16","T16_display_precision_gap","document","SIV2025000001184","601.14","Recomputed from 2-decimal display prices: 601.13"
"T16","T16_display_precision_gap","document","SIV2025000001187","370.64","Recomputed from 2-decimal display prices: 370.68"
"T16","T16_display_precision_gap","document","SIV2025000001188","498.87","Recomputed from 2-decimal display prices: 498.78"
"T16","T16_display_precision_gap","document","SIV2025000001190","147.92","Recomputed from 2-decimal display prices: 147.83"
"T16","T16_display_precision_gap","document","SIV2025000001196","355.67","Recomputed from 2-decimal display prices: 355.70"
"T16","T16_display_precision_gap","document","SIV2025000001198","149.11","Recomputed from 2-decimal display prices: 149.10"
"T16","T16_display_precision_gap","document","SIV2025000001199","564.11","Recomputed from 2-decimal display prices: 564.08"
"T16","T16_display_precision_gap","document","SIV2025000001200","55.08","Recomputed from 2-decimal display prices: 55.04"
"T16","T16_display_precision_gap","document","SIV2025000001204","173.16","Recomputed from 2-decimal display prices: 173.03"
"T16","T16_display_precision_gap","document","SIV2025000001205","303.79","Recomputed from 2-decimal display prices: 303.68"
"T16","T16_display_precision_gap","document","SIV2025000001208","981.59","Recomputed from 2-decimal display prices: 981.85"
"T16","T16_display_precision_gap","document","SIV2025000001209","2589.05","Recomputed from 2-decimal display prices: 2589.18"
"T16","T16_display_precision_gap","document","SIV2025000001212","21.11","Recomputed from 2-decimal display prices: 21.08"
"T16","T16_display_precision_gap","document","SIV2025000001213","157.83","Recomputed from 2-decimal display prices: 157.84"
"T16","T16_display_precision_gap","document","SIV2025000001214","126.63","Recomputed from 2-decimal display prices: 126.59"
"T16","T16_display_precision_gap","document","SIV2025000001215","445.53","Recomputed from 2-decimal display prices: 445.62"
"T16","T16_display_precision_gap","document","SIV2025000001216","449.33","Recomputed from 2-decimal display prices: 449.39"
"T16","T16_display_precision_gap","document","SIV2025000001217","278.99","Recomputed from 2-decimal display prices: 278.95"
"T16","T16_display_precision_gap","document","SIV2025000001218","335.86","Recomputed from 2-decimal display prices: 335.81"
"T16","T16_display_precision_gap","document","SIV2025000001222","790.18","Recomputed from 2-decimal display prices: 790.08"
"T16","T16_display_precision_gap","document","SIV2025000001224","133.96","Recomputed from 2-decimal display prices: 133.98"
"T16","T16_display_precision_gap","document","SIV2025000001225","163.94","Recomputed from 2-decimal display prices: 163.97"
"T16","T16_display_precision_gap","document","SIV2025000001227","466.16","Recomputed from 2-decimal display prices: 466.18"
"T16","T16_display_precision_gap","document","SIV2025000001228","129.25","Recomputed from 2-decimal display prices: 129.34"
"T16","T16_display_precision_gap","document","SIV2025000001229","387.10","Recomputed from 2-decimal display prices: 387.13"
"T16","T16_display_precision_gap","document","SIV2025000001231","281.61","Recomputed from 2-decimal display prices: 281.65"
"T16","T16_display_precision_gap","document","SIV2025000001232","109.96","Recomputed from 2-decimal display prices: 109.94"
"T16","T16_display_precision_gap","document","SIV2025000001235","252.40","Recomputed from 2-decimal display prices: 252.29"
"T16","T16_display_precision_gap","document","SIV2025000001237","605.89","Recomputed from 2-decimal display prices: 605.90"
"T16","T16_display_precision_gap","document","SIV2025000001238","268.77","Recomputed from 2-decimal display prices: 268.82"
"T16","T16_display_precision_gap","document","SIV2025000001239","186.45","Recomputed from 2-decimal display prices: 186.43"
"T16","T16_display_precision_gap","document","SIV2025000001244","4250.09","Recomputed from 2-decimal display prices: 4250.12"
"T16","T16_display_precision_gap","document","SIV2025000001248","156.16","Recomputed from 2-decimal display prices: 156.11"
"T16","T16_display_precision_gap","document","SIV2025000001252","445.32","Recomputed from 2-decimal display prices: 445.43"
"T16","T16_display_precision_gap","document","SIV2025000001253","130.20","Recomputed from 2-decimal display prices: 130.16"
"T16","T16_display_precision_gap","document","SIV2025000001255","196.67","Recomputed from 2-decimal display prices: 196.64"
"T16","T16_display_precision_gap","document","SIV2025000001258","764.84","Recomputed from 2-decimal display prices: 764.71"
"T16","T16_display_precision_gap","document","SIV2025000001260","153.48","Recomputed from 2-decimal display prices: 153.52"
"T16","T16_display_precision_gap","document","SIV2025000001261","209.69","Recomputed from 2-decimal display prices: 209.58"
"T16","T16_display_precision_gap","document","SIV2025000001262","656.84","Recomputed from 2-decimal display prices: 656.81"
"T16","T16_display_precision_gap","document","SIV2025000001265","480.17","Recomputed from 2-decimal display prices: 480.34"
"T16","T16_display_precision_gap","document","SIV2025000001267","180.30","Recomputed from 2-decimal display prices: 180.32"
"T16","T16_display_precision_gap","document","SIV2025000001268","507.08","Recomputed from 2-decimal display prices: 507.06"
"T16","T16_display_precision_gap","document","SIV2025000001269","282.66","Recomputed from 2-decimal display prices: 282.58"
"T16","T16_display_precision_gap","document","SIV2025000001271","329.05","Recomputed from 2-decimal display prices: 328.96"
"T16","T16_display_precision_gap","document","SIV2025000001273","46.00","Recomputed from 2-decimal display prices: 46.01"
"T16","T16_display_precision_gap","document","SIV2025000001274","166.17","Recomputed from 2-decimal display prices: 166.21"
"T16","T16_display_precision_gap","document","SIV2025000001279","529.52","Recomputed from 2-decimal display prices: 529.51"
"T16","T16_display_precision_gap","document","SIV2025000001280","61.71","Recomputed from 2-decimal display prices: 61.70"
"T16","T16_display_precision_gap","document","SIV2025000001281","539.79","Recomputed from 2-decimal display prices: 539.84"
"T16","T16_display_precision_gap","document","SIV2025000001284","235.85","Recomputed from 2-decimal display prices: 235.88"
"T16","T16_display_precision_gap","document","SIV2025000001285","94.83","Recomputed from 2-decimal display prices: 94.80"
"T16","T16_display_precision_gap","document","SIV2025000001287","588.33","Recomputed from 2-decimal display prices: 588.26"
"T16","T16_display_precision_gap","document","SIV2025000001288","169.91","Recomputed from 2-decimal display prices: 169.93"
"T16","T16_display_precision_gap","document","SIV2025000001289","134.06","Recomputed from 2-decimal display prices: 134.05"
"T16","T16_display_precision_gap","document","SIV2025000001291","562.15","Recomputed from 2-decimal display prices: 562.13"
"T16","T16_display_precision_gap","document","SIV2025000001292","21.19","Recomputed from 2-decimal display prices: 21.20"
"T16","T16_display_precision_gap","document","SIV2025000001293","299.38","Recomputed from 2-decimal display prices: 299.42"
"T16","T16_display_precision_gap","document","SIV2025000001294","535.88","Recomputed from 2-decimal display prices: 535.98"
"T16","T16_display_precision_gap","document","SIV2025000001297","279.24","Recomputed from 2-decimal display prices: 279.26"
"T16","T16_display_precision_gap","document","SIV2025000001298","120.96","Recomputed from 2-decimal display prices: 121.01"
"T16","T16_display_precision_gap","document","SIV2025000001301","265.04","Recomputed from 2-decimal display prices: 265.01"
"T16","T16_display_precision_gap","document","SIV2025000001302","296.12","Recomputed from 2-decimal display prices: 296.06"
"T16","T16_display_precision_gap","document","SIV2025000001303","2945.75","Recomputed from 2-decimal display prices: 2946.28"
"T16","T16_display_precision_gap","document","SIV2025000001309","398.14","Recomputed from 2-decimal display prices: 398.18"
"T16","T16_display_precision_gap","document","SIV2025000001310","17.91","Recomputed from 2-decimal display prices: 17.92"
"T16","T16_display_precision_gap","document","SIV2025000001312","1378.24","Recomputed from 2-decimal display prices: 1378.22"
"T16","T16_display_precision_gap","document","SIV2025000001313","146.43","Recomputed from 2-decimal display prices: 146.40"
"T16","T16_display_precision_gap","document","SIV2025000001314","92.40","Recomputed from 2-decimal display prices: 92.36"
"T16","T16_display_precision_gap","document","SIV2025000001315","596.96","Recomputed from 2-decimal display prices: 596.94"
"T16","T16_display_precision_gap","document","SIV2025000001318","1183.06","Recomputed from 2-decimal display prices: 1183.15"
"T16","T16_display_precision_gap","document","SIV2025000001320","137.05","Recomputed from 2-decimal display prices: 137.08"
"T16","T16_display_precision_gap","document","SIV2025000001322","232.01","Recomputed from 2-decimal display prices: 232.04"
"T16","T16_display_precision_gap","document","SIV2025000001323","334.50","Recomputed from 2-decimal display prices: 334.61"
"T16","T16_display_precision_gap","document","SIV2025000001325","279.46","Recomputed from 2-decimal display prices: 279.43"
"T16","T16_display_precision_gap","document","SIV2025000001327","171.45","Recomputed from 2-decimal display prices: 171.46"
"T16","T16_display_precision_gap","document","SIV2025000001328","252.17","Recomputed from 2-decimal display prices: 252.11"
"T16","T16_display_precision_gap","document","SIV2025000001334","8462.96","Recomputed from 2-decimal display prices: 8463.00"
"T16","T16_display_precision_gap","document","SIV2025000001335","328.59","Recomputed from 2-decimal display prices: 328.60"
"T16","T16_display_precision_gap","document","SIV2025000001336","666.65","Recomputed from 2-decimal display prices: 666.54"
"T16","T16_display_precision_gap","document","SIV2025000001337","160.00","Recomputed from 2-decimal display prices: 159.92"
"T16","T16_display_precision_gap","document","SIV2025000001338","366.29","Recomputed from 2-decimal display prices: 366.20"
"T16","T16_display_precision_gap","document","SIV2025000001341","368.92","Recomputed from 2-decimal display prices: 368.93"
"T16","T16_display_precision_gap","document","SIV2025000001348","266.64","Recomputed from 2-decimal display prices: 266.66"
"T16","T16_display_precision_gap","document","SIV2025000001349","139.20","Recomputed from 2-decimal display prices: 139.24"
"T16","T16_display_precision_gap","document","SIV2025000001350","329.95","Recomputed from 2-decimal display prices: 329.94"
"T16","T16_display_precision_gap","document","SIV2025000001351","292.38","Recomputed from 2-decimal display prices: 292.39"
"T16","T16_display_precision_gap","document","SIV2025000001352","124.21","Recomputed from 2-decimal display prices: 124.24"
"T16","T16_display_precision_gap","document","SIV2025000001354","484.09","Recomputed from 2-decimal display prices: 483.97"
"T16","T16_display_precision_gap","document","SIV2025000001355","529.67","Recomputed from 2-decimal display prices: 529.58"
"T16","T16_display_precision_gap","document","SIV2025000001357","145.35","Recomputed from 2-decimal display prices: 145.36"
"T16","T16_display_precision_gap","document","SIV2025000001361","242.43","Recomputed from 2-decimal display prices: 242.35"
"T16","T16_display_precision_gap","document","SIV2025000001364","105.78","Recomputed from 2-decimal display prices: 105.79"
"T16","T16_display_precision_gap","document","SIV2025000001365","126.40","Recomputed from 2-decimal display prices: 126.38"
"T16","T16_display_precision_gap","document","SIV2025000001366","171.91","Recomputed from 2-decimal display prices: 171.89"
"T16","T16_display_precision_gap","document","SIV2025000001367","1117.52","Recomputed from 2-decimal display prices: 1117.58"
"T16","T16_display_precision_gap","document","SIV2025000001368","789.54","Recomputed from 2-decimal display prices: 789.53"
"T16","T16_display_precision_gap","document","SIV2025000001369","1045.67","Recomputed from 2-decimal display prices: 1045.78"
"T16","T16_display_precision_gap","document","SIV2025000001370","403.82","Recomputed from 2-decimal display prices: 403.75"
"T16","T16_display_precision_gap","document","SIV2025000001371","151.01","Recomputed from 2-decimal display prices: 151.00"
"T16","T16_display_precision_gap","document","SIV2025000001372","109.40","Recomputed from 2-decimal display prices: 109.32"
"T16","T16_display_precision_gap","document","SIV2025000001374","1140.74","Recomputed from 2-decimal display prices: 1140.91"
"T16","T16_display_precision_gap","document","SIV2025000001375","3204.11","Recomputed from 2-decimal display prices: 3203.76"
"T16","T16_display_precision_gap","document","SIV2025000001378","562.17","Recomputed from 2-decimal display prices: 562.15"
"T16","T16_display_precision_gap","document","SIV2025000001381","93.81","Recomputed from 2-decimal display prices: 93.79"
"T16","T16_display_precision_gap","document","SIV2025000001382","236.82","Recomputed from 2-decimal display prices: 236.87"
"T16","T16_display_precision_gap","document","SIV2025000001383","340.70","Recomputed from 2-decimal display prices: 340.69"
"T16","T16_display_precision_gap","document","SIV2025000001390","139.47","Recomputed from 2-decimal display prices: 139.46"
"T16","T16_display_precision_gap","document","SIV2025000001392","364.26","Recomputed from 2-decimal display prices: 364.27"
"T16","T16_display_precision_gap","document","SIV2025000001393","413.37","Recomputed from 2-decimal display prices: 413.40"
"T16","T16_display_precision_gap","document","SIV2025000001395","166.36","Recomputed from 2-decimal display prices: 166.42"
"T16","T16_display_precision_gap","document","SIV2025000001397","292.89","Recomputed from 2-decimal display prices: 292.82"
"T16","T16_display_precision_gap","document","SIV2025000001398","535.05","Recomputed from 2-decimal display prices: 535.12"
"T16","T16_display_precision_gap","document","SIV2025000001399","469.83","Recomputed from 2-decimal display prices: 469.86"
"T16","T16_display_precision_gap","document","SIV2025000001400","314.93","Recomputed from 2-decimal display prices: 314.92"
"T16","T16_display_precision_gap","document","SIV2025000001405","242.21","Recomputed from 2-decimal display prices: 242.23"
"T16","T16_display_precision_gap","document","SIV2025000001406","5413.59","Recomputed from 2-decimal display prices: 5413.61"
"T16","T16_display_precision_gap","document","SIV2025000001408","35.23","Recomputed from 2-decimal display prices: 35.24"
"T16","T16_display_precision_gap","document","SIV2025000001410","127.90","Recomputed from 2-decimal display prices: 127.91"
"T16","T16_display_precision_gap","document","SIV2025000001414","44.83","Recomputed from 2-decimal display prices: 44.82"
"T16","T16_display_precision_gap","document","SIV2025000001415","164.36","Recomputed from 2-decimal display prices: 164.35"
"T16","T16_display_precision_gap","document","SIV2025000001416","35167.96","Recomputed from 2-decimal display prices: 35167.85"
"T16","T16_display_precision_gap","document","SIV2025000001418","504.34","Recomputed from 2-decimal display prices: 504.58"
"T16","T16_display_precision_gap","document","SIV2025000001421","54.15","Recomputed from 2-decimal display prices: 54.12"
"T16","T16_display_precision_gap","document","SIV2025000001422","9987.34","Recomputed from 2-decimal display prices: 9987.30"
"T16","T16_display_precision_gap","document","SIV2025000001423","138.14","Recomputed from 2-decimal display prices: 138.18"
"T16","T16_display_precision_gap","document","SIV2025000001425","347.06","Recomputed from 2-decimal display prices: 347.02"
"T16","T16_display_precision_gap","document","SIV2025000001429","422.18","Recomputed from 2-decimal display prices: 422.29"
"T16","T16_display_precision_gap","document","SIV2025000001430","294.19","Recomputed from 2-decimal display prices: 294.17"
"T16","T16_display_precision_gap","document","SIV2025000001431","752.15","Recomputed from 2-decimal display prices: 752.09"
"T16","T16_display_precision_gap","document","SIV2025000001432","112.11","Recomputed from 2-decimal display prices: 112.07"
"T16","T16_display_precision_gap","document","SIV2025000001435","251.44","Recomputed from 2-decimal display prices: 251.45"
"T16","T16_display_precision_gap","document","SIV2025000001437","1045.26","Recomputed from 2-decimal display prices: 1045.21"
"T16","T16_display_precision_gap","document","SIV2025000001440","346.40","Recomputed from 2-decimal display prices: 346.44"
"T16","T16_display_precision_gap","document","SIV2025000001441","161.67","Recomputed from 2-decimal display prices: 161.68"
"T16","T16_display_precision_gap","document","SIV2025000001442","105.09","Recomputed from 2-decimal display prices: 105.07"
"T16","T16_display_precision_gap","document","SIV2025000001443","981.63","Recomputed from 2-decimal display prices: 981.66"
"T16","T16_display_precision_gap","document","SIV2025000001448","4285.50","Recomputed from 2-decimal display prices: 4285.49"
"T16","T16_display_precision_gap","document","SIV2025000001451","42.82","Recomputed from 2-decimal display prices: 42.80"
"T16","T16_display_precision_gap","document","SIV2025000001452","145.28","Recomputed from 2-decimal display prices: 145.30"
"T16","T16_display_precision_gap","document","SIV2025000001454","380.61","Recomputed from 2-decimal display prices: 380.57"
"T16","T16_display_precision_gap","document","SIV2025000001455","163.49","Recomputed from 2-decimal display prices: 163.43"
"T16","T16_display_precision_gap","document","SIV2025000001457","71.67","Recomputed from 2-decimal display prices: 71.64"
"T16","T16_display_precision_gap","document","SIV2025000001458","339.94","Recomputed from 2-decimal display prices: 339.80"
"T16","T16_display_precision_gap","document","SIV2025000001461","255.74","Recomputed from 2-decimal display prices: 255.72"
"T16","T16_display_precision_gap","document","SIV2025000001462","1023.31","Recomputed from 2-decimal display prices: 1023.34"
"T16","T16_display_precision_gap","document","SIV2025000001463","2254.50","Recomputed from 2-decimal display prices: 2254.10"
"T16","T16_display_precision_gap","document","SIV2025000001464","1895.20","Recomputed from 2-decimal display prices: 1895.18"
"T16","T16_display_precision_gap","document","SIV2025000001467","217.93","Recomputed from 2-decimal display prices: 217.94"
"T16","T16_display_precision_gap","document","SIV2025000001469","110.73","Recomputed from 2-decimal display prices: 110.71"
"T16","T16_display_precision_gap","document","SIV2025000001470","87.36","Recomputed from 2-decimal display prices: 87.37"
"T16","T16_display_precision_gap","document","SIV2025000001471","115.55","Recomputed from 2-decimal display prices: 115.52"
"T16","T16_display_precision_gap","document","SIV2025000001472","410.38","Recomputed from 2-decimal display prices: 410.40"
"T16","T16_display_precision_gap","document","SIV2025000001473","111.51","Recomputed from 2-decimal display prices: 111.56"
"T16","T16_display_precision_gap","document","SIV2025000001474","139.84","Recomputed from 2-decimal display prices: 139.85"
"T16","T16_display_precision_gap","document","SIV2025000001475","226.89","Recomputed from 2-decimal display prices: 226.90"
"T16","T16_display_precision_gap","document","SIV2025000001476","4472.37","Recomputed from 2-decimal display prices: 4472.34"
"T16","T16_display_precision_gap","document","SIV2025000001479","449.95","Recomputed from 2-decimal display prices: 450.00"
"T16","T16_display_precision_gap","document","SIV2025000001486","177.00","Recomputed from 2-decimal display prices: 176.93"
"T16","T16_display_precision_gap","document","SIV2025000001487","517.55","Recomputed from 2-decimal display prices: 517.48"
"T16","T16_display_precision_gap","document","SIV2025000001491","392.13","Recomputed from 2-decimal display prices: 392.14"
"T16","T16_display_precision_gap","document","SIV2025000001494","256.24","Recomputed from 2-decimal display prices: 256.30"
"T16","T16_display_precision_gap","document","SIV2025000001496","1194.50","Recomputed from 2-decimal display prices: 1194.49"
"T16","T16_display_precision_gap","document","SIV2025000001497","965.11","Recomputed from 2-decimal display prices: 965.15"
"T16","T16_display_precision_gap","document","SIV2025000001499","518.39","Recomputed from 2-decimal display prices: 518.51"
"T16","T16_display_precision_gap","document","SIV2025000001501","105.98","Recomputed from 2-decimal display prices: 106.01"
"T16","T16_display_precision_gap","document","SIV2025000001505","197.67","Recomputed from 2-decimal display prices: 197.74"
"T16","T16_display_precision_gap","document","SIV2025000001510","162.80","Recomputed from 2-decimal display prices: 162.88"
"T16","T16_display_precision_gap","document","SIV2025000001511","922.97","Recomputed from 2-decimal display prices: 922.96"
"T16","T16_display_precision_gap","document","SIV2025000001513","532.56","Recomputed from 2-decimal display prices: 532.60"
"T16","T16_display_precision_gap","document","SIV2025000001515","287.01","Recomputed from 2-decimal display prices: 287.03"
"T16","T16_display_precision_gap","document","SIV2025000001516","1127.60","Recomputed from 2-decimal display prices: 1128.00"
"T16","T16_display_precision_gap","document","SIV2025000001517","12752.34","Recomputed from 2-decimal display prices: 12752.33"
"T16","T16_display_precision_gap","document","SIV2025000001518","164.69","Recomputed from 2-decimal display prices: 164.70"
"T16","T16_display_precision_gap","document","SIV2025000001522","29.24","Recomputed from 2-decimal display prices: 29.23"
"T16","T16_display_precision_gap","document","SIV2025000001523","381.49","Recomputed from 2-decimal display prices: 381.62"
"T16","T16_display_precision_gap","document","SIV2025000001527","188.36","Recomputed from 2-decimal display prices: 188.39"
"T16","T16_display_precision_gap","document","SIV2025000001530","164.19","Recomputed from 2-decimal display prices: 164.16"
"T16","T16_display_precision_gap","document","SIV2025000001532","94.20","Recomputed from 2-decimal display prices: 94.18"
"T16","T16_display_precision_gap","document","SIV2025000001533","483.90","Recomputed from 2-decimal display prices: 483.74"
"T16","T16_display_precision_gap","document","SIV2025000001534","610.08","Recomputed from 2-decimal display prices: 609.95"
"T16","T16_display_precision_gap","document","SIV2025000001535","4055.45","Recomputed from 2-decimal display prices: 4055.38"
"T16","T16_display_precision_gap","document","SIV2025000001539","422.62","Recomputed from 2-decimal display prices: 422.71"
"T16","T16_display_precision_gap","document","SIV2025000001541","228.66","Recomputed from 2-decimal display prices: 228.67"
"T16","T16_display_precision_gap","document","SIV2025000001543","405.68","Recomputed from 2-decimal display prices: 405.80"
"T16","T16_display_precision_gap","document","SIV2025000001544","236.13","Recomputed from 2-decimal display prices: 236.17"
"T16","T16_display_precision_gap","document","SIV2025000001545","226.24","Recomputed from 2-decimal display prices: 226.20"
"T16","T16_display_precision_gap","document","SIV2025000001546","206.10","Recomputed from 2-decimal display prices: 206.12"
"T16","T16_display_precision_gap","document","SIV2025000001549","2532.49","Recomputed from 2-decimal display prices: 2533.32"
"T16","T16_display_precision_gap","document","SIV2025000001550","954.55","Recomputed from 2-decimal display prices: 954.77"
"T16","T16_display_precision_gap","document","SIV2025000001551","411.84","Recomputed from 2-decimal display prices: 411.86"
"T16","T16_display_precision_gap","document","SIV2025000001552","107.29","Recomputed from 2-decimal display prices: 107.27"
"T16","T16_display_precision_gap","document","SIV2025000001556","47.65","Recomputed from 2-decimal display prices: 47.64"
"T16","T16_display_precision_gap","document","SIV2025000001558","260.46","Recomputed from 2-decimal display prices: 260.48"
"T16","T16_display_precision_gap","document","SIV2025000001560","1760.67","Recomputed from 2-decimal display prices: 1760.96"
"T16","T16_display_precision_gap","document","SIV2025000001564","288.28","Recomputed from 2-decimal display prices: 288.30"
"T16","T16_display_precision_gap","document","SIV2025000001566","757.91","Recomputed from 2-decimal display prices: 757.96"
"T16","T16_display_precision_gap","document","SIV2025000001567","142.27","Recomputed from 2-decimal display prices: 142.19"
"T16","T16_display_precision_gap","document","SIV2025000001568","92.34","Recomputed from 2-decimal display prices: 92.38"
"T16","T16_display_precision_gap","document","SIV2025000001571","243.05","Recomputed from 2-decimal display prices: 243.01"
"T16","T16_display_precision_gap","document","SIV2025000001576","124.41","Recomputed from 2-decimal display prices: 124.34"
"T16","T16_display_precision_gap","document","SIV2025000001577","1434.89","Recomputed from 2-decimal display prices: 1435.12"
"T16","T16_display_precision_gap","document","SIV2025000001580","305.01","Recomputed from 2-decimal display prices: 305.02"
"T16","T16_display_precision_gap","document","SIV2025000001581","163.17","Recomputed from 2-decimal display prices: 163.18"
"T16","T16_display_precision_gap","document","SIV2025000001583","115.39","Recomputed from 2-decimal display prices: 115.37"
"T16","T16_display_precision_gap","document","SIV2025000001584","515.70","Recomputed from 2-decimal display prices: 515.66"
"T16","T16_display_precision_gap","document","SIV2025000001585","420.86","Recomputed from 2-decimal display prices: 420.83"
"T16","T16_display_precision_gap","document","SIV2025000001586","409.45","Recomputed from 2-decimal display prices: 409.39"
"T16","T16_display_precision_gap","document","SIV2025000001587","134.52","Recomputed from 2-decimal display prices: 134.54"
"T16","T16_display_precision_gap","document","SIV2025000001588","63.64","Recomputed from 2-decimal display prices: 63.61"
"T16","T16_display_precision_gap","document","SIV2025000001590","774.71","Recomputed from 2-decimal display prices: 774.72"
"T16","T16_display_precision_gap","document","SIV2025000001595","414.57","Recomputed from 2-decimal display prices: 414.58"
"T16","T16_display_precision_gap","document","SIV2025000001596","78.90","Recomputed from 2-decimal display prices: 78.86"
"T16","T16_display_precision_gap","document","SIV2025000001597","16014.70","Recomputed from 2-decimal display prices: 16014.74"
"T16","T16_display_precision_gap","document","SIV2025000001598","593.67","Recomputed from 2-decimal display prices: 593.83"
"T16","T16_display_precision_gap","document","SIV2025000001599","638.61","Recomputed from 2-decimal display prices: 638.65"
"T16","T16_display_precision_gap","document","SIV2025000001601","197.89","Recomputed from 2-decimal display prices: 197.87"
"T16","T16_display_precision_gap","document","SIV2025000001602","1785.47","Recomputed from 2-decimal display prices: 1785.66"
"T16","T16_display_precision_gap","document","SIV2025000001606","754.26","Recomputed from 2-decimal display prices: 754.27"
"T16","T16_display_precision_gap","document","SIV2025000001607","328.89","Recomputed from 2-decimal display prices: 328.86"
"T16","T16_display_precision_gap","document","SIV2025000001610","231.80","Recomputed from 2-decimal display prices: 231.79"
"T16","T16_display_precision_gap","document","SIV2025000001611","33.29","Recomputed from 2-decimal display prices: 33.28"
"T16","T16_display_precision_gap","document","SIV2025000001612","116.44","Recomputed from 2-decimal display prices: 116.42"
"T16","T16_display_precision_gap","document","SIV2025000001614","543.81","Recomputed from 2-decimal display prices: 543.77"
"T16","T16_display_precision_gap","document","SIV2025000001616","165.53","Recomputed from 2-decimal display prices: 165.50"
"T16","T16_display_precision_gap","document","SIV2025000001617","246.48","Recomputed from 2-decimal display prices: 246.52"
"T16","T16_display_precision_gap","document","SIV2025000001621","240.70","Recomputed from 2-decimal display prices: 240.71"
"T16","T16_display_precision_gap","document","SIV2025000001623","105.83","Recomputed from 2-decimal display prices: 105.80"
"T16","T16_display_precision_gap","document","SIV2025000001624","272.58","Recomputed from 2-decimal display prices: 272.47"
"T16","T16_display_precision_gap","document","SIV2025000001626","500.35","Recomputed from 2-decimal display prices: 500.33"
"T16","T16_display_precision_gap","document","SIV2025000001627","225.41","Recomputed from 2-decimal display prices: 225.40"
"T16","T16_display_precision_gap","document","SIV2025000001628","220.14","Recomputed from 2-decimal display prices: 220.16"
"T16","T16_display_precision_gap","document","SIV2025000001629","179.29","Recomputed from 2-decimal display prices: 179.28"
"T16","T16_display_precision_gap","document","SIV2025000001630","625.56","Recomputed from 2-decimal display prices: 625.73"
"T16","T16_display_precision_gap","document","SIV2025000001631","193.75","Recomputed from 2-decimal display prices: 193.78"
"T16","T16_display_precision_gap","document","SIV2025000001632","96.03","Recomputed from 2-decimal display prices: 96.00"
"T16","T16_display_precision_gap","document","SIV2025000001635","95.38","Recomputed from 2-decimal display prices: 95.41"
"T16","T16_display_precision_gap","document","SIV2025000001637","163.33","Recomputed from 2-decimal display prices: 163.34"
"T16","T16_display_precision_gap","document","SIV2025000001638","501.06","Recomputed from 2-decimal display prices: 501.04"
"T16","T16_display_precision_gap","document","SIV2025000001640","122.41","Recomputed from 2-decimal display prices: 122.39"
"T16","T16_display_precision_gap","document","SIV2025000001641","957.70","Recomputed from 2-decimal display prices: 957.68"
"T16","T16_display_precision_gap","document","SIV2025000001642","167.84","Recomputed from 2-decimal display prices: 167.78"
"T16","T16_display_precision_gap","document","SIV2025000001643","321.38","Recomputed from 2-decimal display prices: 321.47"
"T16","T16_display_precision_gap","document","SIV2025000001644","165.21","Recomputed from 2-decimal display prices: 165.22"
"T16","T16_display_precision_gap","document","SIV2025000001645","459.76","Recomputed from 2-decimal display prices: 459.68"
"T16","T16_display_precision_gap","document","SIV2025000001646","222.83","Recomputed from 2-decimal display prices: 222.84"
"T16","T16_display_precision_gap","document","SIV2025000001649","78.83","Recomputed from 2-decimal display prices: 78.90"
"T16","T16_display_precision_gap","document","SIV2025000001655","86.19","Recomputed from 2-decimal display prices: 86.20"
"T16","T16_display_precision_gap","document","SIV2025000001656","647.13","Recomputed from 2-decimal display prices: 647.20"
"T16","T16_display_precision_gap","document","SIV2025000001659","368.24","Recomputed from 2-decimal display prices: 368.28"
"T16","T16_display_precision_gap","document","SIV2025000001660","110.80","Recomputed from 2-decimal display prices: 110.78"
"T16","T16_display_precision_gap","document","SIV2025000001661","782.59","Recomputed from 2-decimal display prices: 782.48"
"T16","T16_display_precision_gap","document","SIV2025000001668","388.87","Recomputed from 2-decimal display prices: 388.97"
"T16","T16_display_precision_gap","document","SIV2025000001669","33.93","Recomputed from 2-decimal display prices: 33.91"
"T16","T16_display_precision_gap","document","SIV2025000001671","279.62","Recomputed from 2-decimal display prices: 279.60"
"T16","T16_display_precision_gap","document","SIV2025000001672","346.48","Recomputed from 2-decimal display prices: 346.33"
"T16","T16_display_precision_gap","document","SIV2025000001675","520.65","Recomputed from 2-decimal display prices: 520.57"
"T16","T16_display_precision_gap","document","SIV2025000001678","491.62","Recomputed from 2-decimal display prices: 491.60"
"T16","T16_display_precision_gap","document","SIV2025000001679","19507.99","Recomputed from 2-decimal display prices: 19507.88"
"T16","T16_display_precision_gap","document","SIV2025000001684","19.69","Recomputed from 2-decimal display prices: 19.68"
"T16","T16_display_precision_gap","document","SIV2025000001685","55.50","Recomputed from 2-decimal display prices: 55.52"
"T16","T16_display_precision_gap","document","SIV2025000001686","364.99","Recomputed from 2-decimal display prices: 365.00"
"T16","T16_display_precision_gap","document","SIV2025000001687","1071.66","Recomputed from 2-decimal display prices: 1071.60"
"T16","T16_display_precision_gap","document","SIV2025000001688","351.20","Recomputed from 2-decimal display prices: 351.22"
"T16","T16_display_precision_gap","document","SIV2025000001689","142.74","Recomputed from 2-decimal display prices: 142.72"
"T16","T16_display_precision_gap","document","SIV2025000001690","246.31","Recomputed from 2-decimal display prices: 246.34"
"T16","T16_display_precision_gap","document","SIV2025000001691","1648.50","Recomputed from 2-decimal display prices: 1648.64"
"T16","T16_display_precision_gap","document","SIV2025000001695","303.93","Recomputed from 2-decimal display prices: 303.92"
"T16","T16_display_precision_gap","document","SIV2025000001697","30.21","Recomputed from 2-decimal display prices: 30.20"
"T16","T16_display_precision_gap","document","SIV2025000001698","456.02","Recomputed from 2-decimal display prices: 455.99"
"T16","T16_display_precision_gap","document","SIV2025000001700","48.03","Recomputed from 2-decimal display prices: 48.05"
"T16","T16_display_precision_gap","document","SIV2025000001702","82.90","Recomputed from 2-decimal display prices: 82.86"
"T16","T16_display_precision_gap","document","SIV2025000001704","535.21","Recomputed from 2-decimal display prices: 535.26"
"T16","T16_display_precision_gap","document","SIV2025000001706","136.27","Recomputed from 2-decimal display prices: 136.30"
"T16","T16_display_precision_gap","document","SIV2025000001707","2413.32","Recomputed from 2-decimal display prices: 2413.28"
"T16","T16_display_precision_gap","document","SIV2025000001708","1000.07","Recomputed from 2-decimal display prices: 1000.25"
"T16","T16_display_precision_gap","document","SIV2025000001710","356.41","Recomputed from 2-decimal display prices: 356.45"
"T16","T16_display_precision_gap","document","SIV2025000001711","421.44","Recomputed from 2-decimal display prices: 421.43"
"T16","T16_display_precision_gap","document","SIV2025000001712","523.33","Recomputed from 2-decimal display prices: 523.34"
"T16","T16_display_precision_gap","document","SIV2025000001713","307.40","Recomputed from 2-decimal display prices: 307.49"
"T16","T16_display_precision_gap","document","SIV2025000001717","709.38","Recomputed from 2-decimal display prices: 709.31"
"T16","T16_display_precision_gap","document","SIV2025000001721","1482.17","Recomputed from 2-decimal display prices: 1482.16"
"T16","T16_display_precision_gap","document","SIV2025000001724","127.73","Recomputed from 2-decimal display prices: 127.76"
"T16","T16_display_precision_gap","document","SIV2025000001725","102.92","Recomputed from 2-decimal display prices: 102.90"
"T16","T16_display_precision_gap","document","SIV2025000001726","473.57","Recomputed from 2-decimal display prices: 473.51"
"T16","T16_display_precision_gap","document","SIV2025000001728","226.85","Recomputed from 2-decimal display prices: 226.93"
"T16","T16_display_precision_gap","document","SIV2025000001730","402.72","Recomputed from 2-decimal display prices: 402.77"
"T16","T16_display_precision_gap","document","SIV2025000001733","48.04","Recomputed from 2-decimal display prices: 48.05"
"T16","T16_display_precision_gap","document","SIV2025000001734","217.66","Recomputed from 2-decimal display prices: 217.63"
"T16","T16_display_precision_gap","document","SIV2025000001735","129.46","Recomputed from 2-decimal display prices: 129.48"
"T16","T16_display_precision_gap","document","SIV2025000001736","147.98","Recomputed from 2-decimal display prices: 147.91"
"T16","T16_display_precision_gap","document","SIV2025000001737","393.30","Recomputed from 2-decimal display prices: 393.11"
"T16","T16_display_precision_gap","document","SIV2025000001738","745.12","Recomputed from 2-decimal display prices: 745.39"
"T16","T16_display_precision_gap","document","SIV2025000001742","86.91","Recomputed from 2-decimal display prices: 86.93"
"T16","T16_display_precision_gap","document","SIV2025000001745","202.04","Recomputed from 2-decimal display prices: 201.96"
"T16","T16_display_precision_gap","document","SIV2025000001747","107.47","Recomputed from 2-decimal display prices: 107.45"
"T16","T16_display_precision_gap","document","SIV2025000001748","1115.28","Recomputed from 2-decimal display prices: 1115.34"
"T16","T16_display_precision_gap","document","SIV2025000001750","65.65","Recomputed from 2-decimal display prices: 65.62"
"T16","T16_display_precision_gap","document","SIV2025000001754","360.20","Recomputed from 2-decimal display prices: 360.25"
"T16","T16_display_precision_gap","document","SIV2025000001755","246.62","Recomputed from 2-decimal display prices: 246.61"
"T16","T16_display_precision_gap","document","SIV2025000001756","900.93","Recomputed from 2-decimal display prices: 901.14"
"T16","T16_display_precision_gap","document","SIV2025000001757","536.83","Recomputed from 2-decimal display prices: 536.70"
"T16","T16_display_precision_gap","document","SIV2025000001758","178.70","Recomputed from 2-decimal display prices: 178.75"
"T16","T16_display_precision_gap","document","SIV2025000001760","378.32","Recomputed from 2-decimal display prices: 378.30"
"T16","T16_display_precision_gap","document","SIV2025000001763","359.33","Recomputed from 2-decimal display prices: 359.29"
"T16","T16_display_precision_gap","document","SIV2025000001764","2379.60","Recomputed from 2-decimal display prices: 2379.94"
"T16","T16_display_precision_gap","document","SIV2025000001765","565.33","Recomputed from 2-decimal display prices: 565.14"
"T16","T16_display_precision_gap","document","SIV2025000001766","1484.03","Recomputed from 2-decimal display prices: 1484.08"
"T16","T16_display_precision_gap","document","SIV2025000001772","534.08","Recomputed from 2-decimal display prices: 534.07"
"T16","T16_display_precision_gap","document","SIV2025000001773","253.50","Recomputed from 2-decimal display prices: 253.48"
"T16","T16_display_precision_gap","document","SIV2025000001775","180.05","Recomputed from 2-decimal display prices: 180.11"
"T16","T16_display_precision_gap","document","SIV2025000001776","511.72","Recomputed from 2-decimal display prices: 511.81"
"T16","T16_display_precision_gap","document","SIV2025000001777","115.96","Recomputed from 2-decimal display prices: 115.97"
"T16","T16_display_precision_gap","document","SIV2025000001780","582.22","Recomputed from 2-decimal display prices: 582.12"
"T16","T16_display_precision_gap","document","SIV2025000001781","349.92","Recomputed from 2-decimal display prices: 350.00"
"T16","T16_display_precision_gap","document","SIV2025000001782","40.00","Recomputed from 2-decimal display prices: 40.03"
"T16","T16_display_precision_gap","document","SIV2025000001784","352.28","Recomputed from 2-decimal display prices: 352.31"
"T16","T16_display_precision_gap","document","SIV2025000001785","1134.85","Recomputed from 2-decimal display prices: 1134.83"
"T16","T16_display_precision_gap","document","SIV2025000001789","326.86","Recomputed from 2-decimal display prices: 326.81"
"T16","T16_display_precision_gap","document","SIV2025000001790","400.03","Recomputed from 2-decimal display prices: 400.02"
"T16","T16_display_precision_gap","document","SIV2025000001792","480.19","Recomputed from 2-decimal display prices: 480.38"
"T16","T16_display_precision_gap","document","SIV2025000001794","581.37","Recomputed from 2-decimal display prices: 581.42"
"T16","T16_display_precision_gap","document","SIV2025000001795","285.82","Recomputed from 2-decimal display prices: 285.84"
"T16","T16_display_precision_gap","document","SIV2025000001796","34.80","Recomputed from 2-decimal display prices: 34.81"
"T16","T16_display_precision_gap","document","SIV2025000001799","352.75","Recomputed from 2-decimal display prices: 352.73"
"T16","T16_display_precision_gap","document","SIV2025000001801","1231.35","Recomputed from 2-decimal display prices: 1231.38"
"T16","T16_display_precision_gap","document","SIV2025000001802","1618.38","Recomputed from 2-decimal display prices: 1618.26"
"T16","T16_display_precision_gap","document","SIV2025000001803","739.45","Recomputed from 2-decimal display prices: 739.66"
"T16","T16_display_precision_gap","document","SIV2025000001804","716.82","Recomputed from 2-decimal display prices: 716.98"
"T16","T16_display_precision_gap","document","SIV2025000001806","208.67","Recomputed from 2-decimal display prices: 208.61"
"T16","T16_display_precision_gap","document","SIV2025000001807","94.27","Recomputed from 2-decimal display prices: 94.28"
"T16","T16_display_precision_gap","document","SIV2025000001808","522.36","Recomputed from 2-decimal display prices: 522.28"
"T16","T16_display_precision_gap","document","SIV2025000001813","144.67","Recomputed from 2-decimal display prices: 144.72"
"T16","T16_display_precision_gap","document","SIV2025000001814","209.10","Recomputed from 2-decimal display prices: 209.14"
"T16","T16_display_precision_gap","document","SIV2025000001819","225.55","Recomputed from 2-decimal display prices: 225.54"
"T16","T16_display_precision_gap","document","SIV2025000001820","495.56","Recomputed from 2-decimal display prices: 495.55"
"T16","T16_display_precision_gap","document","SIV2025000001821","201.87","Recomputed from 2-decimal display prices: 201.86"
"T16","T16_display_precision_gap","document","SIV2025000001825","97.67","Recomputed from 2-decimal display prices: 97.66"
"T16","T16_display_precision_gap","document","SIV2025000001830","362.77","Recomputed from 2-decimal display prices: 362.63"
"T16","T16_display_precision_gap","document","SIV2025000001831","503.29","Recomputed from 2-decimal display prices: 503.18"
"T16","T16_display_precision_gap","document","SIV2025000001832","100.47","Recomputed from 2-decimal display prices: 100.42"
"T16","T16_display_precision_gap","document","SIV2025000001833","51.21","Recomputed from 2-decimal display prices: 51.22"
"T16","T16_display_precision_gap","document","SIV2025000001834","461.79","Recomputed from 2-decimal display prices: 461.81"
"T16","T16_display_precision_gap","document","SIV2025000001835","568.79","Recomputed from 2-decimal display prices: 568.80"
"T16","T16_display_precision_gap","document","SIV2025000001836","508.39","Recomputed from 2-decimal display prices: 508.52"
"T16","T16_display_precision_gap","document","SIV2025000001837","9745.09","Recomputed from 2-decimal display prices: 9745.25"
"T16","T16_display_precision_gap","document","SIV2025000001838","308.10","Recomputed from 2-decimal display prices: 308.12"
"T16","T16_display_precision_gap","document","SIV2025000001839","210.50","Recomputed from 2-decimal display prices: 210.67"
"T16","T16_display_precision_gap","document","SIV2025000001840","4617.34","Recomputed from 2-decimal display prices: 4617.44"
"T16","T16_display_precision_gap","document","SIV2025000001843","164.86","Recomputed from 2-decimal display prices: 164.89"
"T16","T16_display_precision_gap","document","SIV2025000001844","443.19","Recomputed from 2-decimal display prices: 443.20"
"T16","T16_display_precision_gap","document","SIV2025000001847","823.42","Recomputed from 2-decimal display prices: 823.54"
"T16","T16_display_precision_gap","document","SIV2025000001848","178.29","Recomputed from 2-decimal display prices: 178.25"
"T16","T16_display_precision_gap","document","SIV2025000001849","360.77","Recomputed from 2-decimal display prices: 360.73"
"T16","T16_display_precision_gap","document","SIV2025000001850","68.62","Recomputed from 2-decimal display prices: 68.65"
"T16","T16_display_precision_gap","document","SIV2025000001851","254.63","Recomputed from 2-decimal display prices: 254.66"
"T16","T16_display_precision_gap","document","SIV2025000001852","277.87","Recomputed from 2-decimal display prices: 278.04"
"T16","T16_display_precision_gap","document","SIV2025000001853","477.48","Recomputed from 2-decimal display prices: 477.54"
"T16","T16_display_precision_gap","document","SIV2025000001854","214.80","Recomputed from 2-decimal display prices: 214.85"
"T16","T16_display_precision_gap","document","SIV2025000001856","345.53","Recomputed from 2-decimal display prices: 345.52"
"T16","T16_display_precision_gap","document","SIV2025000001857","310.97","Recomputed from 2-decimal display prices: 310.92"
"T16","T16_display_precision_gap","document","SIV2025000001858","395.41","Recomputed from 2-decimal display prices: 395.34"
"T16","T16_display_precision_gap","document","SIV2025000001859","140.44","Recomputed from 2-decimal display prices: 140.51"
"T16","T16_display_precision_gap","document","SIV2025000001860","74.01","Recomputed from 2-decimal display prices: 74.05"
"T16","T16_display_precision_gap","document","SIV2025000001861","216.28","Recomputed from 2-decimal display prices: 216.25"
"T16","T16_display_precision_gap","document","SIV2025000001862","59.28","Recomputed from 2-decimal display prices: 59.33"
"T16","T16_display_precision_gap","document","SIV2025000001863","465.78","Recomputed from 2-decimal display prices: 465.83"
"T16","T16_display_precision_gap","document","SIV2025000001864","76.27","Recomputed from 2-decimal display prices: 76.30"
"T16","T16_display_precision_gap","document","SIV2025000001865","165.37","Recomputed from 2-decimal display prices: 165.40"
"T16","T16_display_precision_gap","document","SIV2025000001866","425.80","Recomputed from 2-decimal display prices: 425.75"
"T16","T16_display_precision_gap","document","SIV2025000001870","194.52","Recomputed from 2-decimal display prices: 194.41"
"T16","T16_display_precision_gap","document","SIV2025000001871","54.99","Recomputed from 2-decimal display prices: 54.97"
"T16","T16_display_precision_gap","document","SIV2025000001873","7264.97","Recomputed from 2-decimal display prices: 7264.85"
"T16","T16_display_precision_gap","document","SIV2025000001874","464.64","Recomputed from 2-decimal display prices: 464.46"
"T16","T16_display_precision_gap","document","SIV2025000001876","691.25","Recomputed from 2-decimal display prices: 691.20"
"T16","T16_display_precision_gap","document","SIV2025000001880","116.59","Recomputed from 2-decimal display prices: 116.64"
"T16","T16_display_precision_gap","document","SIV2025000001881","194.69","Recomputed from 2-decimal display prices: 194.70"
"T16","T16_display_precision_gap","document","SIV2025000001882","78.73","Recomputed from 2-decimal display prices: 78.82"
"T16","T16_display_precision_gap","document","SIV2025000001884","454.88","Recomputed from 2-decimal display prices: 454.94"
"T16","T16_display_precision_gap","document","SIV2025000001885","66.51","Recomputed from 2-decimal display prices: 66.52"
"T16","T16_display_precision_gap","document","SIV2025000001886","1078.83","Recomputed from 2-decimal display prices: 1078.88"
"T16","T16_display_precision_gap","document","SIV2025000001888","194.89","Recomputed from 2-decimal display prices: 194.82"
"T16","T16_display_precision_gap","document","SIV2025000001892","862.72","Recomputed from 2-decimal display prices: 862.69"
"T16","T16_display_precision_gap","document","SIV2025000001894","1084.00","Recomputed from 2-decimal display prices: 1083.85"
"T16","T16_display_precision_gap","document","SIV2025000001895","1245.92","Recomputed from 2-decimal display prices: 1246.03"
"T16","T16_display_precision_gap","document","SIV2025000001901","286.99","Recomputed from 2-decimal display prices: 286.98"
"T16","T16_display_precision_gap","document","SIV2025000001902","279.06","Recomputed from 2-decimal display prices: 279.07"
"T16","T16_display_precision_gap","document","SIV2025000001904","875.95","Recomputed from 2-decimal display prices: 876.19"
"T16","T16_display_precision_gap","document","SIV2025000001905","82.25","Recomputed from 2-decimal display prices: 82.22"
"T16","T16_display_precision_gap","document","SIV2025000001911","301.59","Recomputed from 2-decimal display prices: 301.63"
"T16","T16_display_precision_gap","document","SIV2025000001913","80.99","Recomputed from 2-decimal display prices: 81.00"
"T16","T16_display_precision_gap","document","SIV2025000001914","35339.95","Recomputed from 2-decimal display prices: 35339.99"
"T16","T16_display_precision_gap","document","SIV2025000001915","457.33","Recomputed from 2-decimal display prices: 457.57"
"T16","T16_display_precision_gap","document","SIV2025000001916","1161.42","Recomputed from 2-decimal display prices: 1161.30"
"T16","T16_display_precision_gap","document","SIV2025000001918","703.42","Recomputed from 2-decimal display prices: 703.49"
"T16","T16_display_precision_gap","document","SIV2025000001920","186.64","Recomputed from 2-decimal display prices: 186.60"
"T16","T16_display_precision_gap","document","SIV2025000001924","113.03","Recomputed from 2-decimal display prices: 113.09"
"T16","T16_display_precision_gap","document","SIV2025000001925","333.16","Recomputed from 2-decimal display prices: 333.12"
"T16","T16_display_precision_gap","document","SIV2025000001926","262.04","Recomputed from 2-decimal display prices: 262.01"
"T16","T16_display_precision_gap","document","SIV2025000001927","179.55","Recomputed from 2-decimal display prices: 179.54"
"T16","T16_display_precision_gap","document","SIV2025000001928","429.23","Recomputed from 2-decimal display prices: 429.38"
"T16","T16_display_precision_gap","document","SIV2025000001929","2236.11","Recomputed from 2-decimal display prices: 2236.02"
"T16","T16_display_precision_gap","document","SIV2025000001932","217.53","Recomputed from 2-decimal display prices: 217.54"
"T16","T16_display_precision_gap","document","SIV2025000001933","344.59","Recomputed from 2-decimal display prices: 344.72"
"T16","T16_display_precision_gap","document","SIV2025000001936","168.45","Recomputed from 2-decimal display prices: 168.48"
"T16","T16_display_precision_gap","document","SIV2025000001938","173.19","Recomputed from 2-decimal display prices: 173.24"
"T16","T16_display_precision_gap","document","SIV2025000001939","198.44","Recomputed from 2-decimal display prices: 198.43"
"T16","T16_display_precision_gap","document","SIV2025000001940","425.77","Recomputed from 2-decimal display prices: 425.75"
"T16","T16_display_precision_gap","document","SIV2025000001943","526.05","Recomputed from 2-decimal display prices: 526.06"
"T16","T16_display_precision_gap","document","SIV2025000001945","460.15","Recomputed from 2-decimal display prices: 460.06"
"T16","T16_display_precision_gap","document","SIV2025000001947","55.54","Recomputed from 2-decimal display prices: 55.56"
"T16","T16_display_precision_gap","document","SIV2025000001949","216.96","Recomputed from 2-decimal display prices: 216.95"
"T16","T16_display_precision_gap","document","SIV2025000001950","667.79","Recomputed from 2-decimal display prices: 667.84"
"T16","T16_display_precision_gap","document","SIV2025000001951","100.05","Recomputed from 2-decimal display prices: 100.03"
"T16","T16_display_precision_gap","document","SIV2025000001952","454.98","Recomputed from 2-decimal display prices: 454.86"
"T16","T16_display_precision_gap","document","SIV2025000001953","667.91","Recomputed from 2-decimal display prices: 668.15"
"T16","T16_display_precision_gap","document","SIV2025000001955","1551.19","Recomputed from 2-decimal display prices: 1551.32"
"T16","T16_display_precision_gap","document","SIV2025000001957","504.55","Recomputed from 2-decimal display prices: 504.58"
"T16","T16_display_precision_gap","document","SIV2025000001958","614.73","Recomputed from 2-decimal display prices: 614.63"
"T16","T16_display_precision_gap","document","SIV2025000001959","186.53","Recomputed from 2-decimal display prices: 186.55"
"T16","T16_display_precision_gap","document","SIV2025000001962","285.32","Recomputed from 2-decimal display prices: 285.31"
"T16","T16_display_precision_gap","document","SIV2025000001965","111.00","Recomputed from 2-decimal display prices: 111.04"
"T16","T16_display_precision_gap","document","SIV2025000001966","1568.28","Recomputed from 2-decimal display prices: 1568.10"
"T16","T16_display_precision_gap","document","SIV2025000001968","346.38","Recomputed from 2-decimal display prices: 346.42"
"T16","T16_display_precision_gap","document","SIV2025000001969","269.12","Recomputed from 2-decimal display prices: 269.15"
"T16","T16_display_precision_gap","document","SIV2025000001972","189.41","Recomputed from 2-decimal display prices: 189.50"
"T16","T16_display_precision_gap","document","SIV2025000001973","20.39","Recomputed from 2-decimal display prices: 20.40"
"T16","T16_display_precision_gap","document","SIV2025000001974","704.07","Recomputed from 2-decimal display prices: 704.17"
"T16","T16_display_precision_gap","document","SIV2025000001975","8617.53","Recomputed from 2-decimal display prices: 8617.51"
"T16","T16_display_precision_gap","document","SIV2025000001977","40736.97","Recomputed from 2-decimal display prices: 40737.05"
"T16","T16_display_precision_gap","document","SIV2025000001981","716.54","Recomputed from 2-decimal display prices: 716.68"
"T16","T16_display_precision_gap","document","SIV2025000001982","196.61","Recomputed from 2-decimal display prices: 196.57"
"T16","T16_display_precision_gap","document","SIV2025000001983","223.77","Recomputed from 2-decimal display prices: 223.78"
"T16","T16_display_precision_gap","document","SIV2025000001985","36.28","Recomputed from 2-decimal display prices: 36.31"
"T16","T16_display_precision_gap","document","SIV2025000001987","972.31","Recomputed from 2-decimal display prices: 972.53"
"T16","T16_display_precision_gap","document","SIV2025000001989","148.16","Recomputed from 2-decimal display prices: 148.18"
"T16","T16_display_precision_gap","document","SIV2025000001990","740.54","Recomputed from 2-decimal display prices: 740.42"
"T16","T16_display_precision_gap","document","SIV2025000001993","969.35","Recomputed from 2-decimal display prices: 969.38"
"T16","T16_display_precision_gap","document","SIV2025000001995","162.77","Recomputed from 2-decimal display prices: 162.72"
"T16","T16_display_precision_gap","document","SIV2025000001997","60.55","Recomputed from 2-decimal display prices: 60.54"
"T16","T16_display_precision_gap","document","SIV2025000001998","79.89","Recomputed from 2-decimal display prices: 79.86"
"T16","T16_display_precision_gap","document","SIV2025000001999","85.96","Recomputed from 2-decimal display prices: 85.99"
"T16","T16_display_precision_gap","document","SIV2025000002003","363.82","Recomputed from 2-decimal display prices: 363.73"
"T16","T16_display_precision_gap","document","SIV2025000002005","1928.28","Recomputed from 2-decimal display prices: 1928.38"
"T16","T16_display_precision_gap","document","SIV2025000002011","50.22","Recomputed from 2-decimal display prices: 50.23"
"T16","T16_display_precision_gap","document","SIV2025000002013","192.28","Recomputed from 2-decimal display prices: 192.24"
"T16","T16_display_precision_gap","document","SIV2025000002017","738.50","Recomputed from 2-decimal display prices: 738.48"
"T16","T16_display_precision_gap","document","SIV2025000002019","169.80","Recomputed from 2-decimal display prices: 169.85"
"T16","T16_display_precision_gap","document","SIV2025000002022","1288.64","Recomputed from 2-decimal display prices: 1288.70"
"T16","T16_display_precision_gap","document","SIV2025000002024","296.13","Recomputed from 2-decimal display prices: 296.09"
"T16","T16_display_precision_gap","document","SIV2025000002026","175.64","Recomputed from 2-decimal display prices: 175.62"
"T16","T16_display_precision_gap","document","SIV2025000002028","531.95","Recomputed from 2-decimal display prices: 531.86"
"T16","T16_display_precision_gap","document","SIV2025000002029","62.34","Recomputed from 2-decimal display prices: 62.32"
"T16","T16_display_precision_gap","document","SIV2025000002030","312.06","Recomputed from 2-decimal display prices: 312.05"
"T16","T16_display_precision_gap","document","SIV2025000002032","102.75","Recomputed from 2-decimal display prices: 102.82"
"T16","T16_display_precision_gap","document","SIV2025000002036","329.96","Recomputed from 2-decimal display prices: 329.89"
"T16","T16_display_precision_gap","document","SIV2025000002037","194.28","Recomputed from 2-decimal display prices: 194.33"
"T16","T16_display_precision_gap","document","SIV2025000002040","267.43","Recomputed from 2-decimal display prices: 267.38"
"T16","T16_display_precision_gap","document","SIV2025000002041","301.56","Recomputed from 2-decimal display prices: 301.51"
"T16","T16_display_precision_gap","document","SIV2025000002042","404.39","Recomputed from 2-decimal display prices: 404.34"
"T16","T16_display_precision_gap","document","SIV2025000002043","258.00","Recomputed from 2-decimal display prices: 257.94"
"T16","T16_display_precision_gap","document","SIV2025000002046","782.93","Recomputed from 2-decimal display prices: 782.89"
"T16","T16_display_precision_gap","document","SIV2025000002047","225.45","Recomputed from 2-decimal display prices: 225.41"
"T16","T16_display_precision_gap","document","SIV2025000002048","36.87","Recomputed from 2-decimal display prices: 36.86"
"T16","T16_display_precision_gap","document","SIV2025000002050","382.17","Recomputed from 2-decimal display prices: 382.22"
"T16","T16_display_precision_gap","document","SIV2025000002051","380.96","Recomputed from 2-decimal display prices: 380.99"
"T16","T16_display_precision_gap","document","SIV2025000002052","200.47","Recomputed from 2-decimal display prices: 200.44"
"T16","T16_display_precision_gap","document","SIV2025000002053","248.49","Recomputed from 2-decimal display prices: 248.48"
"T16","T16_display_precision_gap","document","SIV2025000002054","383.38","Recomputed from 2-decimal display prices: 383.24"
"T16","T16_display_precision_gap","document","SIV2025000002055","42.20","Recomputed from 2-decimal display prices: 42.19"
"T16","T16_display_precision_gap","document","SIV2025000002056","479.68","Recomputed from 2-decimal display prices: 479.69"
"T16","T16_display_precision_gap","document","SIV2025000002057","4010.07","Recomputed from 2-decimal display prices: 4010.02"
"T16","T16_display_precision_gap","document","SIV2025000002058","725.68","Recomputed from 2-decimal display prices: 725.70"
"T16","T16_display_precision_gap","document","SIV2025000002059","1049.58","Recomputed from 2-decimal display prices: 1049.52"
"T16","T16_display_precision_gap","document","SIV2025000002063","408.06","Recomputed from 2-decimal display prices: 408.05"
"T16","T16_display_precision_gap","document","SIV2025000002064","382.56","Recomputed from 2-decimal display prices: 382.58"
"T16","T16_display_precision_gap","document","SIV2025000002065","305.22","Recomputed from 2-decimal display prices: 305.23"
"T16","T16_display_precision_gap","document","SIV2025000002066","242.98","Recomputed from 2-decimal display prices: 242.95"
"T16","T16_display_precision_gap","document","SIV2025000002069","8623.78","Recomputed from 2-decimal display prices: 8623.67"
"T16","T16_display_precision_gap","document","SIV2025000002070","130.61","Recomputed from 2-decimal display prices: 130.60"
"T16","T16_display_precision_gap","document","SIV2025000002071","210.27","Recomputed from 2-decimal display prices: 210.20"
"T16","T16_display_precision_gap","document","SIV2025000002072","41.00","Recomputed from 2-decimal display prices: 40.99"
"T16","T16_display_precision_gap","document","SIV2025000002073","523.30","Recomputed from 2-decimal display prices: 523.34"
"T16","T16_display_precision_gap","document","SIV2025000002075","191.42","Recomputed from 2-decimal display prices: 191.41"
"T16","T16_display_precision_gap","document","SIV2025000002076","125.98","Recomputed from 2-decimal display prices: 125.93"
"T16","T16_display_precision_gap","document","SIV2025000002077","120.26","Recomputed from 2-decimal display prices: 120.24"
"T16","T16_display_precision_gap","document","SIV2025000002081","282.57","Recomputed from 2-decimal display prices: 282.64"
"T16","T16_display_precision_gap","document","SIV2025000002082","235.49","Recomputed from 2-decimal display prices: 235.50"
"T16","T16_display_precision_gap","document","SIV2025000002087","295.00","Recomputed from 2-decimal display prices: 294.98"
"T16","T16_display_precision_gap","document","SIV2025000002089","1855.93","Recomputed from 2-decimal display prices: 1856.26"
"T16","T16_display_precision_gap","document","SIV2025000002091","382.21","Recomputed from 2-decimal display prices: 382.24"
"T16","T16_display_precision_gap","document","SIV2025000002093","190.73","Recomputed from 2-decimal display prices: 190.69"
"T16","T16_display_precision_gap","document","SIV2025000002094","439.22","Recomputed from 2-decimal display prices: 439.24"
"T16","T16_display_precision_gap","document","SIV2025000002096","292.71","Recomputed from 2-decimal display prices: 292.70"
"T16","T16_display_precision_gap","document","SIV2025000002097","206.73","Recomputed from 2-decimal display prices: 206.76"
"T16","T16_display_precision_gap","document","SIV2025000002098","134.67","Recomputed from 2-decimal display prices: 134.63"
"T16","T16_display_precision_gap","document","SIV2025000002100","1503.72","Recomputed from 2-decimal display prices: 1503.65"
"T16","T16_display_precision_gap","document","SIV2025000002102","1141.89","Recomputed from 2-decimal display prices: 1142.00"
"T16","T16_display_precision_gap","document","SIV2025000002103","68.13","Recomputed from 2-decimal display prices: 68.14"
"T16","T16_display_precision_gap","document","SIV2025000002106","39.81","Recomputed from 2-decimal display prices: 39.79"
"T16","T16_display_precision_gap","document","SIV2025000002108","133.07","Recomputed from 2-decimal display prices: 133.12"
"T16","T16_display_precision_gap","document","SIV2025000002109","408.74","Recomputed from 2-decimal display prices: 408.79"
"T16","T16_display_precision_gap","document","SIV2025000002110","191.19","Recomputed from 2-decimal display prices: 191.20"
"T16","T16_display_precision_gap","document","SIV2025000002111","224.89","Recomputed from 2-decimal display prices: 224.84"
"T16","T16_display_precision_gap","document","SIV2025000002114","695.94","Recomputed from 2-decimal display prices: 695.87"
"T16","T16_display_precision_gap","document","SIV2025000002115","1341.05","Recomputed from 2-decimal display prices: 1341.19"
"T16","T16_display_precision_gap","document","SIV2025000002119","30952.80","Recomputed from 2-decimal display prices: 30952.82"
"T16","T16_display_precision_gap","document","SIV2025000002121","163.64","Recomputed from 2-decimal display prices: 163.66"
"T16","T16_display_precision_gap","document","SIV2025000002122","251.36","Recomputed from 2-decimal display prices: 251.38"
"T16","T16_display_precision_gap","document","SIV2025000002124","201.32","Recomputed from 2-decimal display prices: 201.34"
"T16","T16_display_precision_gap","document","SIV2025000002127","356.88","Recomputed from 2-decimal display prices: 356.96"
"T16","T16_display_precision_gap","document","SIV2025000002131","537.25","Recomputed from 2-decimal display prices: 537.42"
"T16","T16_display_precision_gap","document","SIV2025000002134","245.60","Recomputed from 2-decimal display prices: 245.53"
"T16","T16_display_precision_gap","document","SIV2025000002138","25.21","Recomputed from 2-decimal display prices: 25.20"
"T16","T16_display_precision_gap","document","SIV2025000002139","1413.41","Recomputed from 2-decimal display prices: 1413.48"
"T16","T16_display_precision_gap","document","SIV2025000002140","433.32","Recomputed from 2-decimal display prices: 433.31"
"T16","T16_display_precision_gap","document","SIV2025000002143","269.67","Recomputed from 2-decimal display prices: 269.59"
"T16","T16_display_precision_gap","document","SIV2025000002144","176.82","Recomputed from 2-decimal display prices: 176.78"
"T16","T16_display_precision_gap","document","SIV2025000002147","990.35","Recomputed from 2-decimal display prices: 990.00"
"T16","T16_display_precision_gap","document","SIV2025000002154","416.62","Recomputed from 2-decimal display prices: 416.53"
"T16","T16_display_precision_gap","document","SIV2025000002155","77.07","Recomputed from 2-decimal display prices: 77.09"
"T16","T16_display_precision_gap","document","SIV2025000002156","77.69","Recomputed from 2-decimal display prices: 77.65"
"T16","T16_display_precision_gap","document","SIV2025000002158","187.83","Recomputed from 2-decimal display prices: 187.80"
"T16","T16_display_precision_gap","document","SIV2025000002161","326.38","Recomputed from 2-decimal display prices: 326.34"
"T16","T16_display_precision_gap","document","SIV2025000002165","364.98","Recomputed from 2-decimal display prices: 364.93"
"T16","T16_display_precision_gap","document","SIV2025000002166","328.74","Recomputed from 2-decimal display prices: 328.75"
"T16","T16_display_precision_gap","document","SIV2025000002167","276.24","Recomputed from 2-decimal display prices: 276.36"
"T16","T16_display_precision_gap","document","SIV2025000002168","177.19","Recomputed from 2-decimal display prices: 177.20"
"T16","T16_display_precision_gap","document","SIV2025000002170","823.99","Recomputed from 2-decimal display prices: 824.02"
"T16","T16_display_precision_gap","document","SIV2025000002176","181.77","Recomputed from 2-decimal display prices: 181.76"
"T16","T16_display_precision_gap","document","SIV2025000002177","353.45","Recomputed from 2-decimal display prices: 353.48"
"T16","T16_display_precision_gap","document","SIV2025000002179","917.73","Recomputed from 2-decimal display prices: 917.47"
"T16","T16_display_precision_gap","document","SIV2025000002182","295.00","Recomputed from 2-decimal display prices: 295.01"
"T16","T16_display_precision_gap","document","SIV2025000002183","380.68","Recomputed from 2-decimal display prices: 380.69"
"T16","T16_display_precision_gap","document","SIV2025000002185","599.17","Recomputed from 2-decimal display prices: 599.21"
"T16","T16_display_precision_gap","document","SIV2025000002186","263.27","Recomputed from 2-decimal display prices: 263.18"
"T16","T16_display_precision_gap","document","SIV2025000002191","444.13","Recomputed from 2-decimal display prices: 444.23"
"T16","T16_display_precision_gap","document","SIV2025000002192","88.04","Recomputed from 2-decimal display prices: 88.02"
"T16","T16_display_precision_gap","document","SIV2025000002193","414.46","Recomputed from 2-decimal display prices: 414.47"
"T16","T16_display_precision_gap","document","SIV2025000002194","363.53","Recomputed from 2-decimal display prices: 363.55"
"T16","T16_display_precision_gap","document","SIV2025000002196","328.16","Recomputed from 2-decimal display prices: 328.06"
"T16","T16_display_precision_gap","document","SIV2025000002200","991.02","Recomputed from 2-decimal display prices: 991.16"
"T16","T16_display_precision_gap","document","SIV2025000002204","444.09","Recomputed from 2-decimal display prices: 444.12"
"T16","T16_display_precision_gap","document","SIV2025000002206","300.51","Recomputed from 2-decimal display prices: 300.52"
"T16","T16_display_precision_gap","document","SIV2025000002209","154.18","Recomputed from 2-decimal display prices: 154.15"
"T16","T16_display_precision_gap","document","SIV2025000002210","34.77","Recomputed from 2-decimal display prices: 34.78"
"T16","T16_display_precision_gap","document","SIV2025000002211","141.92","Recomputed from 2-decimal display prices: 141.95"
"T16","T16_display_precision_gap","document","SIV2025000002212","161.47","Recomputed from 2-decimal display prices: 161.46"
"T16","T16_display_precision_gap","document","SIV2025000002213","632.10","Recomputed from 2-decimal display prices: 632.02"
"T16","T16_display_precision_gap","document","SIV2025000002214","439.66","Recomputed from 2-decimal display prices: 439.64"
"T16","T16_display_precision_gap","document","SIV2025000002216","302.78","Recomputed from 2-decimal display prices: 302.77"
"T16","T16_display_precision_gap","document","SIV2025000002217","133.84","Recomputed from 2-decimal display prices: 133.85"
"T16","T16_display_precision_gap","document","SIV2025000002218","296.35","Recomputed from 2-decimal display prices: 296.39"
"T16","T16_display_precision_gap","document","SIV2025000002219","339.47","Recomputed from 2-decimal display prices: 339.54"
"T16","T16_display_precision_gap","document","SIV2025000002220","670.01","Recomputed from 2-decimal display prices: 669.98"
"T16","T16_display_precision_gap","document","SIV2025000002221","1505.07","Recomputed from 2-decimal display prices: 1505.11"
"T16","T16_display_precision_gap","document","SIV2025000002223","188.48","Recomputed from 2-decimal display prices: 188.52"
"T16","T16_display_precision_gap","document","SIV2025000002227","5968.33","Recomputed from 2-decimal display prices: 5968.34"
"T16","T16_display_precision_gap","document","SIV2025000002229","908.81","Recomputed from 2-decimal display prices: 908.82"
"T16","T16_display_precision_gap","document","SIV2025000002230","33.53","Recomputed from 2-decimal display prices: 33.55"
"T16","T16_display_precision_gap","document","SIV2025000002233","242.23","Recomputed from 2-decimal display prices: 242.11"
"T16","T16_display_precision_gap","document","SIV2025000002234","130.42","Recomputed from 2-decimal display prices: 130.26"
"T16","T16_display_precision_gap","document","SIV2025000002237","563.02","Recomputed from 2-decimal display prices: 563.04"
"T16","T16_display_precision_gap","document","SIV2025000002239","635.22","Recomputed from 2-decimal display prices: 635.18"
"T16","T16_display_precision_gap","document","SIV2025000002240","332.40","Recomputed from 2-decimal display prices: 332.52"
"T16","T16_display_precision_gap","document","SIV2025000002241","398.20","Recomputed from 2-decimal display prices: 398.23"
"T16","T16_display_precision_gap","document","SIV2025000002243","639.26","Recomputed from 2-decimal display prices: 639.34"
"T16","T16_display_precision_gap","document","SIV2025000002245","103.92","Recomputed from 2-decimal display prices: 103.90"
"T16","T16_display_precision_gap","document","SIV2025000002248","65.91","Recomputed from 2-decimal display prices: 65.88"
"T16","T16_display_precision_gap","document","SIV2025000002249","450.18","Recomputed from 2-decimal display prices: 450.22"
"T16","T16_display_precision_gap","document","SIV2025000002250","110.36","Recomputed from 2-decimal display prices: 110.38"
"T16","T16_display_precision_gap","document","SIV2025000002251","679.50","Recomputed from 2-decimal display prices: 679.58"
"T16","T16_display_precision_gap","document","SIV2025000002254","808.76","Recomputed from 2-decimal display prices: 808.57"
"T16","T16_display_precision_gap","document","SIV2025000002256","406.02","Recomputed from 2-decimal display prices: 406.16"
"T16","T16_display_precision_gap","document","SIV2025000002257","471.61","Recomputed from 2-decimal display prices: 471.77"
"T16","T16_display_precision_gap","document","SIV2025000002260","429.41","Recomputed from 2-decimal display prices: 429.54"
"T16","T16_display_precision_gap","document","SIV2025000002262","366.60","Recomputed from 2-decimal display prices: 366.61"
"T16","T16_display_precision_gap","document","SIV2025000002263","478.11","Recomputed from 2-decimal display prices: 478.04"
"T16","T16_display_precision_gap","document","SIV2025000002264","345.64","Recomputed from 2-decimal display prices: 345.72"
"T16","T16_display_precision_gap","document","SIV2025000002265","427.47","Recomputed from 2-decimal display prices: 427.36"
"T16","T16_display_precision_gap","document","SIV2025000002266","175.71","Recomputed from 2-decimal display prices: 175.72"
"T16","T16_display_precision_gap","document","SIV2025000002267","503.01","Recomputed from 2-decimal display prices: 503.02"
"T16","T16_display_precision_gap","document","SIV2025000002269","225.74","Recomputed from 2-decimal display prices: 225.67"
"T16","T16_display_precision_gap","document","SIV2025000002275","656.13","Recomputed from 2-decimal display prices: 656.12"
"T16","T16_display_precision_gap","document","SIV2025000002281","124.59","Recomputed from 2-decimal display prices: 124.57"
"T16","T16_display_precision_gap","document","SIV2025000002289","147.38","Recomputed from 2-decimal display prices: 147.40"
"T16","T16_display_precision_gap","document","SIV2025000002290","370.69","Recomputed from 2-decimal display prices: 370.73"
"T16","T16_display_precision_gap","document","SIV2025000002291","122.85","Recomputed from 2-decimal display prices: 122.87"
"T16","T16_display_precision_gap","document","SIV2025000002295","14875.10","Recomputed from 2-decimal display prices: 14875.13"
"T16","T16_display_precision_gap","document","SIV2025000002297","98.80","Recomputed from 2-decimal display prices: 98.81"
"T16","T16_display_precision_gap","document","SIV2025000002298","160.03","Recomputed from 2-decimal display prices: 159.97"
"T16","T16_display_precision_gap","document","SIV2025000002299","266.00","Recomputed from 2-decimal display prices: 266.11"
"T16","T16_display_precision_gap","document","SIV2025000002300","570.69","Recomputed from 2-decimal display prices: 570.78"
"T16","T16_display_precision_gap","document","SIV2025000002302","1131.49","Recomputed from 2-decimal display prices: 1131.42"
"T16","T16_display_precision_gap","document","SIV2025000002304","476.27","Recomputed from 2-decimal display prices: 476.26"
"T16","T16_display_precision_gap","document","SIV2025000002305","100.65","Recomputed from 2-decimal display prices: 100.67"
"T16","T16_display_precision_gap","document","SIV2025000002308","83.19","Recomputed from 2-decimal display prices: 83.17"
"T16","T16_display_precision_gap","document","SIV2025000002309","72990.43","Recomputed from 2-decimal display prices: 72990.44"
"T16","T16_display_precision_gap","document","SIV2025000002310","283.08","Recomputed from 2-decimal display prices: 283.13"
"T16","T16_display_precision_gap","document","SIV2025000002312","567.69","Recomputed from 2-decimal display prices: 567.72"
"T16","T16_display_precision_gap","document","SIV2025000002313","613.96","Recomputed from 2-decimal display prices: 613.81"
"T16","T16_display_precision_gap","document","SIV2025000002314","1388.80","Recomputed from 2-decimal display prices: 1389.30"
"T16","T16_display_precision_gap","document","SIV2025000002321","517.53","Recomputed from 2-decimal display prices: 517.52"
"T16","T16_display_precision_gap","document","SIV2025000002322","1103.69","Recomputed from 2-decimal display prices: 1103.68"
"T16","T16_display_precision_gap","document","SIV2025000002323","363.06","Recomputed from 2-decimal display prices: 363.08"
"T16","T16_display_precision_gap","document","SIV2025000002325","359.50","Recomputed from 2-decimal display prices: 359.51"
"T16","T16_display_precision_gap","document","SIV2025000002327","148.31","Recomputed from 2-decimal display prices: 148.37"
"T16","T16_display_precision_gap","document","SIV2025000002335","175.61","Recomputed from 2-decimal display prices: 175.49"
"T16","T16_display_precision_gap","document","SIV2025000002336","527.73","Recomputed from 2-decimal display prices: 527.83"
"T16","T16_display_precision_gap","document","SIV2025000002338","49192.14","Recomputed from 2-decimal display prices: 49192.04"
"T16","T16_display_precision_gap","document","SIV2025000002341","472.00","Recomputed from 2-decimal display prices: 471.97"
"T16","T16_display_precision_gap","document","SIV2025000002342","390.94","Recomputed from 2-decimal display prices: 391.06"
"T16","T16_display_precision_gap","document","SIV2025000002344","1605.65","Recomputed from 2-decimal display prices: 1605.67"
"T16","T16_display_precision_gap","document","SIV2025000002345","368.34","Recomputed from 2-decimal display prices: 368.38"
"T16","T16_display_precision_gap","document","SIV2025000002346","290.29","Recomputed from 2-decimal display prices: 290.24"
"T16","T16_display_precision_gap","document","SIV2025000002348","446.72","Recomputed from 2-decimal display prices: 446.68"
"T16","T16_display_precision_gap","document","SIV2025000002349","273.01","Recomputed from 2-decimal display prices: 272.98"
"T16","T16_display_precision_gap","document","SIV2025000002350","103.26","Recomputed from 2-decimal display prices: 103.25"
"T16","T16_display_precision_gap","document","SIV2025000002352","211.05","Recomputed from 2-decimal display prices: 211.02"
"T16","T16_display_precision_gap","document","SIV2025000002353","405.93","Recomputed from 2-decimal display prices: 405.92"
"T16","T16_display_precision_gap","document","SIV2025000002357","631.94","Recomputed from 2-decimal display prices: 632.02"
"T16","T16_display_precision_gap","document","SIV2025000002358","663.33","Recomputed from 2-decimal display prices: 663.34"
"T16","T16_display_precision_gap","document","SIV2025000002360","263.56","Recomputed from 2-decimal display prices: 263.60"
"T16","T16_display_precision_gap","document","SIV2025000002366","494.62","Recomputed from 2-decimal display prices: 494.66"
"T16","T16_display_precision_gap","document","SIV2025000002367","65.99","Recomputed from 2-decimal display prices: 66.00"
"T16","T16_display_precision_gap","document","SIV2025000002372","1141.13","Recomputed from 2-decimal display prices: 1140.95"
"T16","T16_display_precision_gap","document","SIV2025000002376","354.83","Recomputed from 2-decimal display prices: 354.65"
"T16","T16_display_precision_gap","document","SIV2025000002377","366.66","Recomputed from 2-decimal display prices: 366.76"
"T16","T16_display_precision_gap","document","SIV2025000002379","274.53","Recomputed from 2-decimal display prices: 274.51"
"T16","T16_display_precision_gap","document","SIV2025000002381","4.62","Recomputed from 2-decimal display prices: 4.61"
"T16","T16_display_precision_gap","document","SIV2025000002382","695.56","Recomputed from 2-decimal display prices: 695.77"
"T16","T16_display_precision_gap","document","SIV2025000002383","336.96","Recomputed from 2-decimal display prices: 336.95"
"T16","T16_display_precision_gap","document","SIV2025000002384","130.63","Recomputed from 2-decimal display prices: 130.61"
"T16","T16_display_precision_gap","document","SIV2025000002386","1289.66","Recomputed from 2-decimal display prices: 1289.72"
"T16","T16_display_precision_gap","document","SIV2025000002387","1111.41","Recomputed from 2-decimal display prices: 1111.26"
"T16","T16_display_precision_gap","document","SIV2025000002389","379.06","Recomputed from 2-decimal display prices: 379.10"
"T16","T16_display_precision_gap","document","SIV2025000002390","399.86","Recomputed from 2-decimal display prices: 399.92"
"T16","T16_display_precision_gap","document","SIV2025000002393","1013.77","Recomputed from 2-decimal display prices: 1013.66"
"T16","T16_display_precision_gap","document","SIV2025000002399","340.55","Recomputed from 2-decimal display prices: 340.52"
"T16","T16_display_precision_gap","document","SIV2025000002400","512.92","Recomputed from 2-decimal display prices: 512.93"
"T16","T16_display_precision_gap","document","SIV2025000002402","336.39","Recomputed from 2-decimal display prices: 336.29"
"T16","T16_display_precision_gap","document","SIV2025000002405","187.02","Recomputed from 2-decimal display prices: 186.97"
"T16","T16_display_precision_gap","document","SIV2025000002408","792.23","Recomputed from 2-decimal display prices: 792.25"
"T16","T16_display_precision_gap","document","SIV2025000002410","134.09","Recomputed from 2-decimal display prices: 134.06"
"T16","T16_display_precision_gap","document","SIV2025000002414","966.63","Recomputed from 2-decimal display prices: 966.70"
"T16","T16_display_precision_gap","document","SIV2025000002416","707.66","Recomputed from 2-decimal display prices: 707.69"
"T16","T16_display_precision_gap","document","SIV2025000002417","244.04","Recomputed from 2-decimal display prices: 244.01"
"T16","T16_display_precision_gap","document","SIV2025000002418","254.93","Recomputed from 2-decimal display prices: 254.96"
"T16","T16_display_precision_gap","document","SIV2025000002419","1132.42","Recomputed from 2-decimal display prices: 1132.79"
"T16","T16_display_precision_gap","document","SIV2025000002420","101.67","Recomputed from 2-decimal display prices: 101.68"
"T16","T16_display_precision_gap","document","SIV2025000002425","253.54","Recomputed from 2-decimal display prices: 253.52"
"T16","T16_display_precision_gap","document","SIV2025000002427","207.04","Recomputed from 2-decimal display prices: 207.08"
"T16","T16_display_precision_gap","document","SIV2025000002428","311.40","Recomputed from 2-decimal display prices: 311.38"
"T16","T16_display_precision_gap","document","SIV2025000002429","43.86","Recomputed from 2-decimal display prices: 43.87"
"T16","T16_display_precision_gap","document","SIV2025000002430","494.74","Recomputed from 2-decimal display prices: 494.82"
"T16","T16_display_precision_gap","document","SIV2025000002431","423.05","Recomputed from 2-decimal display prices: 423.04"
"T16","T16_display_precision_gap","document","SIV2025000002432","86.85","Recomputed from 2-decimal display prices: 86.77"
"T16","T16_display_precision_gap","document","SIV2025000002433","310.54","Recomputed from 2-decimal display prices: 310.52"
"T16","T16_display_precision_gap","document","SIV2025000002434","303.97","Recomputed from 2-decimal display prices: 304.07"
"T16","T16_display_precision_gap","document","SIV2025000002436","64.69","Recomputed from 2-decimal display prices: 64.70"
"T16","T16_display_precision_gap","document","SIV2025000002437","518.56","Recomputed from 2-decimal display prices: 518.78"
"T16","T16_display_precision_gap","document","SIV2025000002441","219.76","Recomputed from 2-decimal display prices: 219.77"
"T16","T16_display_precision_gap","document","SIV2025000002442","135.13","Recomputed from 2-decimal display prices: 135.16"
"T16","T16_display_precision_gap","document","SIV2025000002443","211.91","Recomputed from 2-decimal display prices: 211.94"
"T16","T16_display_precision_gap","document","SIV2025000002444","659.44","Recomputed from 2-decimal display prices: 659.48"
"T16","T16_display_precision_gap","document","SIV2025000002448","128.11","Recomputed from 2-decimal display prices: 128.06"
"T16","T16_display_precision_gap","document","SIV2025000002449","278.71","Recomputed from 2-decimal display prices: 278.66"
"T16","T16_display_precision_gap","document","SIV2025000002450","255.84","Recomputed from 2-decimal display prices: 255.88"
"T16","T16_display_precision_gap","document","SIV2025000002451","175.96","Recomputed from 2-decimal display prices: 176.04"
"T16","T16_display_precision_gap","document","SIV2025000002452","135.81","Recomputed from 2-decimal display prices: 135.84"
"T16","T16_display_precision_gap","document","SIV2025000002453","519.38","Recomputed from 2-decimal display prices: 519.62"
"T16","T16_display_precision_gap","document","SIV2025000002455","556.77","Recomputed from 2-decimal display prices: 556.84"
"T16","T16_display_precision_gap","document","SIV2025000002456","264.73","Recomputed from 2-decimal display prices: 264.72"
"T16","T16_display_precision_gap","document","SIV2025000002457","238.78","Recomputed from 2-decimal display prices: 238.73"
"T16","T16_display_precision_gap","document","SIV2025000002458","353.28","Recomputed from 2-decimal display prices: 353.23"
"T16","T16_display_precision_gap","document","SIV2025000002460","424.37","Recomputed from 2-decimal display prices: 424.46"
"T16","T16_display_precision_gap","document","SIV2025000002461","307.03","Recomputed from 2-decimal display prices: 307.19"
"T16","T16_display_precision_gap","document","SIV2025000002462","184.71","Recomputed from 2-decimal display prices: 184.75"
"T16","T16_display_precision_gap","document","SIV2025000002463","663.73","Recomputed from 2-decimal display prices: 663.77"
"T16","T16_display_precision_gap","document","SIV2025000002467","233.74","Recomputed from 2-decimal display prices: 233.76"
"T16","T16_display_precision_gap","document","SIV2025000002468","56.33","Recomputed from 2-decimal display prices: 56.30"
"T16","T16_display_precision_gap","document","SIV2025000002469","336.78","Recomputed from 2-decimal display prices: 336.82"
"T16","T16_display_precision_gap","document","SIV2025000002470","163.27","Recomputed from 2-decimal display prices: 163.26"
"T16","T16_display_precision_gap","document","SIV2025000002472","206.81","Recomputed from 2-decimal display prices: 206.74"
"T16","T16_display_precision_gap","document","SIV2025000002473","311.72","Recomputed from 2-decimal display prices: 311.70"
"T16","T16_display_precision_gap","document","SIV2025000002474","60.06","Recomputed from 2-decimal display prices: 60.05"
"T16","T16_display_precision_gap","document","SIV2025000002477","927.29","Recomputed from 2-decimal display prices: 927.49"
"T16","T16_display_precision_gap","document","SIV2025000002480","77.99","Recomputed from 2-decimal display prices: 77.98"
"T16","T16_display_precision_gap","document","SIV2025000002481","143.92","Recomputed from 2-decimal display prices: 143.96"
"T16","T16_display_precision_gap","document","SIV2025000002482","182.76","Recomputed from 2-decimal display prices: 182.75"
"T16","T16_display_precision_gap","document","SIV2025000002483","228.34","Recomputed from 2-decimal display prices: 228.44"
"T16","T16_display_precision_gap","document","SIV2025000002486","235.11","Recomputed from 2-decimal display prices: 235.06"
"T16","T16_display_precision_gap","document","SIV2025000002487","90.64","Recomputed from 2-decimal display prices: 90.67"
"T16","T16_display_precision_gap","document","SIV2025000002491","651.53","Recomputed from 2-decimal display prices: 651.38"
"T16","T16_display_precision_gap","document","SIV2025000002493","232.01","Recomputed from 2-decimal display prices: 232.08"
"T16","T16_display_precision_gap","document","SIV2025000002495","246.04","Recomputed from 2-decimal display prices: 246.05"
"T16","T16_display_precision_gap","document","SIV2025000002496","119.76","Recomputed from 2-decimal display prices: 119.82"
"T16","T16_display_precision_gap","document","SIV2025000002499","183.61","Recomputed from 2-decimal display prices: 183.64"
"T16","T16_display_precision_gap","document","SIV2025000002502","270.76","Recomputed from 2-decimal display prices: 270.70"
"T16","T16_display_precision_gap","document","SIV2025000002504","288.91","Recomputed from 2-decimal display prices: 288.86"
"T16","T16_display_precision_gap","document","SIV2025000002506","97.62","Recomputed from 2-decimal display prices: 97.61"
"T16","T16_display_precision_gap","document","SIV2025000002510","347.93","Recomputed from 2-decimal display prices: 348.06"
"T16","T16_display_precision_gap","document","SIV2025000002513","235.32","Recomputed from 2-decimal display prices: 235.34"
"T16","T16_display_precision_gap","document","SIV2025000002519","91.13","Recomputed from 2-decimal display prices: 91.15"
"T16","T16_display_precision_gap","document","SIV2025000002522","598.74","Recomputed from 2-decimal display prices: 598.72"
"T16","T16_display_precision_gap","document","SIV2025000002523","445.79","Recomputed from 2-decimal display prices: 445.76"
"T16","T16_display_precision_gap","document","SIV2025000002526","114.81","Recomputed from 2-decimal display prices: 114.80"
"T16","T16_display_precision_gap","document","SIV2025000002527","497.46","Recomputed from 2-decimal display prices: 497.45"
"T16","T16_display_precision_gap","document","SIV2025000002528","485.51","Recomputed from 2-decimal display prices: 485.86"
"T16","T16_display_precision_gap","document","SIV2025000002531","1098.40","Recomputed from 2-decimal display prices: 1098.30"
"T16","T16_display_precision_gap","document","SIV2025000002532","168.51","Recomputed from 2-decimal display prices: 168.49"
"T16","T16_display_precision_gap","document","SIV2025000002533","112.68","Recomputed from 2-decimal display prices: 112.61"
"T16","T16_display_precision_gap","document","SIV2025000002534","399.36","Recomputed from 2-decimal display prices: 399.29"
"T16","T16_display_precision_gap","document","SIV2025000002535","460.10","Recomputed from 2-decimal display prices: 460.13"
"T16","T16_display_precision_gap","document","SIV2025000002540","608.30","Recomputed from 2-decimal display prices: 608.35"
"T16","T16_display_precision_gap","document","SIV2025000002543","157.22","Recomputed from 2-decimal display prices: 157.21"
"T16","T16_display_precision_gap","document","SIV2025000002544","176.00","Recomputed from 2-decimal display prices: 175.99"
"T16","T16_display_precision_gap","document","SIV2025000002548","418.28","Recomputed from 2-decimal display prices: 418.26"
"T16","T16_display_precision_gap","document","SIV2025000002549","194.99","Recomputed from 2-decimal display prices: 194.88"
"T16","T16_display_precision_gap","document","SIV2025000002553","114.32","Recomputed from 2-decimal display prices: 114.31"
"T16","T16_display_precision_gap","document","SIV2025000002554","12176.85","Recomputed from 2-decimal display prices: 12176.86"
"T16","T16_display_precision_gap","document","SIV2025000002555","260.84","Recomputed from 2-decimal display prices: 260.86"
"T16","T16_display_precision_gap","document","SIV2025000002557","236.58","Recomputed from 2-decimal display prices: 236.59"
"T16","T16_display_precision_gap","document","SIV2025000002558","197.68","Recomputed from 2-decimal display prices: 197.74"
"T16","T16_display_precision_gap","document","SIV2025000002561","307.75","Recomputed from 2-decimal display prices: 307.69"
"T16","T16_display_precision_gap","document","SIV2025000002562","299.40","Recomputed from 2-decimal display prices: 299.45"
"T16","T16_display_precision_gap","document","SIV2025000002563","407.12","Recomputed from 2-decimal display prices: 407.08"
"T16","T16_display_precision_gap","document","SIV2025000002564","292.11","Recomputed from 2-decimal display prices: 292.38"
"T16","T16_display_precision_gap","document","SIV2025000002567","859.95","Recomputed from 2-decimal display prices: 859.76"
"T16","T16_display_precision_gap","document","SIV2025000002568","1296.54","Recomputed from 2-decimal display prices: 1296.76"
"T16","T16_display_precision_gap","document","SIV2025000002570","935.89","Recomputed from 2-decimal display prices: 935.86"
"T16","T16_display_precision_gap","document","SIV2025000002571","233.38","Recomputed from 2-decimal display prices: 233.45"
"T16","T16_display_precision_gap","document","SIV2025000002572","388.81","Recomputed from 2-decimal display prices: 388.88"
"T16","T16_display_precision_gap","document","SIV2025000002573","37.00","Recomputed from 2-decimal display prices: 37.01"
"T16","T16_display_precision_gap","document","SIV2025000002575","116.49","Recomputed from 2-decimal display prices: 116.48"
"T16","T16_display_precision_gap","document","SIV2025000002576","493.62","Recomputed from 2-decimal display prices: 493.67"
"T16","T16_display_precision_gap","document","SIV2025000002579","508.56","Recomputed from 2-decimal display prices: 508.51"
"T16","T16_display_precision_gap","document","SIV2025000002580","344.47","Recomputed from 2-decimal display prices: 344.48"
"T16","T16_display_precision_gap","document","SIV2025000002581","86.58","Recomputed from 2-decimal display prices: 86.60"
"T16","T16_display_precision_gap","document","SIV2025000002582","197.31","Recomputed from 2-decimal display prices: 197.26"
"T16","T16_display_precision_gap","document","SIV2025000002584","100.62","Recomputed from 2-decimal display prices: 100.60"
"T16","T16_display_precision_gap","document","SIV2025000002586","483.96","Recomputed from 2-decimal display prices: 483.98"
"T16","T16_display_precision_gap","document","SIV2025000002587","512.48","Recomputed from 2-decimal display prices: 512.51"
"T16","T16_display_precision_gap","document","SIV2025000002591","387.03","Recomputed from 2-decimal display prices: 387.06"
"T16","T16_display_precision_gap","document","SIV2025000002594","54.08","Recomputed from 2-decimal display prices: 54.07"
"T16","T16_display_precision_gap","document","SIV2025000002596","152.95","Recomputed from 2-decimal display prices: 153.01"
"T16","T16_display_precision_gap","document","SIV2025000002597","276.60","Recomputed from 2-decimal display prices: 276.71"
"T16","T16_display_precision_gap","document","SIV2025000002599","863.81","Recomputed from 2-decimal display prices: 864.02"
"T16","T16_display_precision_gap","document","SIV2025000002606","41.96","Recomputed from 2-decimal display prices: 41.98"
"T16","T16_display_precision_gap","document","SIV2025000002607","439.11","Recomputed from 2-decimal display prices: 439.13"
"T16","T16_display_precision_gap","document","SIV2025000002608","137.19","Recomputed from 2-decimal display prices: 137.21"
"T16","T16_display_precision_gap","document","SIV2025000002611","133.71","Recomputed from 2-decimal display prices: 133.66"
"T16","T16_display_precision_gap","document","SIV2025000002613","416.50","Recomputed from 2-decimal display prices: 416.39"
"T16","T16_display_precision_gap","document","SIV2025000002614","544.31","Recomputed from 2-decimal display prices: 544.54"
"T16","T16_display_precision_gap","document","SIV2025000002616","430.07","Recomputed from 2-decimal display prices: 430.13"
"T16","T16_display_precision_gap","document","SIV2025000002617","308.69","Recomputed from 2-decimal display prices: 308.72"
"T16","T16_display_precision_gap","document","SIV2025000002619","257.32","Recomputed from 2-decimal display prices: 257.38"
"T16","T16_display_precision_gap","document","SIV2025000002621","366.49","Recomputed from 2-decimal display prices: 366.58"
"T16","T16_display_precision_gap","document","SIV2025000002625","392.63","Recomputed from 2-decimal display prices: 392.78"
"T16","T16_display_precision_gap","document","SIV2025000002626","234.07","Recomputed from 2-decimal display prices: 234.00"
"T16","T16_display_precision_gap","document","SIV2025000002627","272.27","Recomputed from 2-decimal display prices: 272.12"
"T16","T16_display_precision_gap","document","SIV2025000002628","138.79","Recomputed from 2-decimal display prices: 138.77"
"T16","T16_display_precision_gap","document","SIV2025000002630","859.63","Recomputed from 2-decimal display prices: 859.73"
"T16","T16_display_precision_gap","document","SIV2025000002633","426.30","Recomputed from 2-decimal display prices: 426.35"
"T16","T16_display_precision_gap","document","SIV2025000002635","2612.41","Recomputed from 2-decimal display prices: 2612.44"
"T16","T16_display_precision_gap","document","SIV2025000002636","1097.62","Recomputed from 2-decimal display prices: 1097.63"
"T16","T16_display_precision_gap","document","SIV2025000002638","750.69","Recomputed from 2-decimal display prices: 750.91"
"T16","T16_display_precision_gap","document","SIV2025000002642","223.18","Recomputed from 2-decimal display prices: 223.25"
"T16","T16_display_precision_gap","document","SIV2025000002644","181.37","Recomputed from 2-decimal display prices: 181.36"
"T16","T16_display_precision_gap","document","SIV2025000002646","458.45","Recomputed from 2-decimal display prices: 458.42"
"T16","T16_display_precision_gap","document","SIV2025000002647","297.31","Recomputed from 2-decimal display prices: 297.32"
"T16","T16_display_precision_gap","document","SIV2025000002648","424.24","Recomputed from 2-decimal display prices: 424.40"
"T16","T16_display_precision_gap","document","SIV2025000002649","247.50","Recomputed from 2-decimal display prices: 247.56"
"T16","T16_display_precision_gap","document","SIV2025000002655","288.34","Recomputed from 2-decimal display prices: 288.36"
"T16","T16_display_precision_gap","document","SIV2025000002656","168.60","Recomputed from 2-decimal display prices: 168.56"
"T16","T16_display_precision_gap","document","SIV2025000002657","90.47","Recomputed from 2-decimal display prices: 90.50"
"T16","T16_display_precision_gap","document","SIV2025000002662","95.70","Recomputed from 2-decimal display prices: 95.74"
"T16","T16_display_precision_gap","document","SIV2025000002664","271.50","Recomputed from 2-decimal display prices: 271.49"
"T16","T16_display_precision_gap","document","SIV2025000002665","92.02","Recomputed from 2-decimal display prices: 92.03"
"T16","T16_display_precision_gap","document","SIV2025000002667","181.18","Recomputed from 2-decimal display prices: 181.20"
"T16","T16_display_precision_gap","document","SIV2025000002673","778.83","Recomputed from 2-decimal display prices: 778.79"
"T16","T16_display_precision_gap","document","SIV2025000002676","163.78","Recomputed from 2-decimal display prices: 163.79"
"T16","T16_display_precision_gap","document","SIV2025000002677","1349.19","Recomputed from 2-decimal display prices: 1349.29"
"T16","T16_display_precision_gap","document","SIV2025000002678","17275.67","Recomputed from 2-decimal display prices: 17275.61"
"T16","T16_display_precision_gap","document","SIV2025000002679","668.19","Recomputed from 2-decimal display prices: 668.17"
"T16","T16_display_precision_gap","document","SIV2025000002680","604.23","Recomputed from 2-decimal display prices: 604.30"
"T16","T16_display_precision_gap","document","SIV2025000002681","82.70","Recomputed from 2-decimal display prices: 82.72"
"T16","T16_display_precision_gap","document","SIV2025000002683","513.36","Recomputed from 2-decimal display prices: 513.37"
"T16","T16_display_precision_gap","document","SIV2025000002684","132.78","Recomputed from 2-decimal display prices: 132.71"
"T16","T16_display_precision_gap","document","SIV2025000002685","954.80","Recomputed from 2-decimal display prices: 954.82"
"T16","T16_display_precision_gap","document","SIV2025000002686","130.75","Recomputed from 2-decimal display prices: 130.73"
"T16","T16_display_precision_gap","document","SIV2025000002690","310.87","Recomputed from 2-decimal display prices: 310.97"
"T16","T16_display_precision_gap","document","SIV2025000002691","572.14","Recomputed from 2-decimal display prices: 572.54"
"T16","T16_display_precision_gap","document","SIV2025000002692","790.21","Recomputed from 2-decimal display prices: 790.31"
"T16","T16_display_precision_gap","document","SIV2025000002693","204.22","Recomputed from 2-decimal display prices: 204.24"
"T16","T16_display_precision_gap","document","SIV2025000002694","409.91","Recomputed from 2-decimal display prices: 409.96"
"T16","T16_display_precision_gap","document","SIV2025000002695","211.83","Recomputed from 2-decimal display prices: 211.84"
"T16","T16_display_precision_gap","document","SIV2025000002696","238.10","Recomputed from 2-decimal display prices: 238.13"
"T16","T16_display_precision_gap","document","SIV2025000002697","411.49","Recomputed from 2-decimal display prices: 411.38"
"T16","T16_display_precision_gap","document","SIV2025000002700","1680.86","Recomputed from 2-decimal display prices: 1681.01"
"T16","T16_display_precision_gap","document","SIV2025000002701","420.25","Recomputed from 2-decimal display prices: 420.28"
"T16","T16_display_precision_gap","document","SIV2025000002704","222.49","Recomputed from 2-decimal display prices: 222.52"
"T16","T16_display_precision_gap","document","SIV2025000002707","154.13","Recomputed from 2-decimal display prices: 154.21"
"T16","T16_display_precision_gap","document","SIV2025000002709","224.46","Recomputed from 2-decimal display prices: 224.50"
"T16","T16_display_precision_gap","document","SIV2025000002710","465.24","Recomputed from 2-decimal display prices: 465.22"
"T16","T16_display_precision_gap","document","SIV2025000002713","402.11","Recomputed from 2-decimal display prices: 402.07"
"T16","T16_display_precision_gap","document","SIV2025000002714","57.49","Recomputed from 2-decimal display prices: 57.54"
"T16","T16_display_precision_gap","document","SIV2025000002715","622.25","Recomputed from 2-decimal display prices: 622.26"
"T16","T16_display_precision_gap","document","SIV2025000002717","1553.51","Recomputed from 2-decimal display prices: 1553.64"
"T16","T16_display_precision_gap","document","SIV2025000002721","111.71","Recomputed from 2-decimal display prices: 111.76"
"T16","T16_display_precision_gap","document","SIV2025000002722","217.08","Recomputed from 2-decimal display prices: 217.12"
"T16","T16_display_precision_gap","document","SIV2025000002723","250.12","Recomputed from 2-decimal display prices: 250.06"
"T16","T16_display_precision_gap","document","SIV2025000002726","109.90","Recomputed from 2-decimal display prices: 109.92"
"T16","T16_display_precision_gap","document","SIV2025000002731","294.06","Recomputed from 2-decimal display prices: 293.98"
"T16","T16_display_precision_gap","document","SIV2025000002732","309.15","Recomputed from 2-decimal display prices: 309.14"
"T16","T16_display_precision_gap","document","SIV2025000002735","182.68","Recomputed from 2-decimal display prices: 182.76"
"T16","T16_display_precision_gap","document","SIV2025000002737","344.66","Recomputed from 2-decimal display prices: 344.63"
"T16","T16_display_precision_gap","document","SIV2025000002738","226.76","Recomputed from 2-decimal display prices: 226.72"
"T16","T16_display_precision_gap","document","SIV2025000002740","125.71","Recomputed from 2-decimal display prices: 125.70"
"T16","T16_display_precision_gap","document","SIV2025000002741","261.69","Recomputed from 2-decimal display prices: 261.62"
"T16","T16_display_precision_gap","document","SIV2025000002742","712.92","Recomputed from 2-decimal display prices: 712.85"
"T16","T16_display_precision_gap","document","SIV2025000002743","241.65","Recomputed from 2-decimal display prices: 241.72"
"T16","T16_display_precision_gap","document","SIV2025000002745","447.11","Recomputed from 2-decimal display prices: 447.20"
"T16","T16_display_precision_gap","document","SIV2025000002748","1992.07","Recomputed from 2-decimal display prices: 1992.20"
"T16","T16_display_precision_gap","document","SIV2025000002751","185.24","Recomputed from 2-decimal display prices: 185.20"
"T16","T16_display_precision_gap","document","SIV2025000002752","225.51","Recomputed from 2-decimal display prices: 225.50"
"T16","T16_display_precision_gap","document","SIV2025000002753","611.76","Recomputed from 2-decimal display prices: 611.81"
"T16","T16_display_precision_gap","document","SIV2025000002754","190.34","Recomputed from 2-decimal display prices: 190.32"
"T16","T16_display_precision_gap","document","SIV2025000002755","488.05","Recomputed from 2-decimal display prices: 488.02"
"T16","T16_display_precision_gap","document","SIV2025000002759","1801.92","Recomputed from 2-decimal display prices: 1801.42"
"T16","T16_display_precision_gap","document","SIV2025000002760","611.31","Recomputed from 2-decimal display prices: 611.30"
"T16","T16_display_precision_gap","document","SIV2025000002765","932.25","Recomputed from 2-decimal display prices: 932.22"
"T16","T16_display_precision_gap","document","SIV2025000002767","308.35","Recomputed from 2-decimal display prices: 308.44"
"T16","T16_display_precision_gap","document","SIV2025000002768","114.49","Recomputed from 2-decimal display prices: 114.55"
"T16","T16_display_precision_gap","document","SIV2025000002770","334.10","Recomputed from 2-decimal display prices: 334.13"
"T16","T16_display_precision_gap","document","SIV2025000002772","623.39","Recomputed from 2-decimal display prices: 623.35"
"T16","T16_display_precision_gap","document","SIV2025000002773","64.34","Recomputed from 2-decimal display prices: 64.37"
"T16","T16_display_precision_gap","document","SIV2025000002774","228.31","Recomputed from 2-decimal display prices: 228.26"
"T16","T16_display_precision_gap","document","SIV2025000002775","216.61","Recomputed from 2-decimal display prices: 216.67"
"T16","T16_display_precision_gap","document","SIV2025000002777","12.55","Recomputed from 2-decimal display prices: 12.52"
"T16","T16_display_precision_gap","document","SIV2025000002778","177.68","Recomputed from 2-decimal display prices: 177.72"
"T16","T16_display_precision_gap","document","SIV2025000002782","348.36","Recomputed from 2-decimal display prices: 348.40"
"T16","T16_display_precision_gap","document","SIV2025000002783","729.59","Recomputed from 2-decimal display prices: 729.53"
"T16","T16_display_precision_gap","document","SIV2025000002784","370.54","Recomputed from 2-decimal display prices: 370.56"
"T16","T16_display_precision_gap","document","SIV2025000002785","235.71","Recomputed from 2-decimal display prices: 235.76"
"T16","T16_display_precision_gap","document","SIV2025000002786","578.36","Recomputed from 2-decimal display prices: 578.38"
"T16","T16_display_precision_gap","document","SIV2025000002787","298.37","Recomputed from 2-decimal display prices: 298.42"
"T16","T16_display_precision_gap","document","SIV2025000002788","476.42","Recomputed from 2-decimal display prices: 476.46"
"T16","T16_display_precision_gap","document","SIV2025000002789","168.64","Recomputed from 2-decimal display prices: 168.66"
"T16","T16_display_precision_gap","document","SIV2025000002790","1748.90","Recomputed from 2-decimal display prices: 1748.82"
"T16","T16_display_precision_gap","document","SIV2025000002793","120.94","Recomputed from 2-decimal display prices: 120.92"
"T16","T16_display_precision_gap","document","SIV2025000002794","609.94","Recomputed from 2-decimal display prices: 609.92"
"T16","T16_display_precision_gap","document","SIV2025000002795","304.58","Recomputed from 2-decimal display prices: 304.54"
"T16","T16_display_precision_gap","document","SIV2025000002800","237.95","Recomputed from 2-decimal display prices: 237.98"
"T16","T16_display_precision_gap","document","SIV2025000002802","468.55","Recomputed from 2-decimal display prices: 468.59"
"T16","T16_display_precision_gap","document","SIV2025000002803","441.43","Recomputed from 2-decimal display prices: 441.30"
"T16","T16_display_precision_gap","document","SIV2025000002804","130.99","Recomputed from 2-decimal display prices: 130.96"
"T16","T16_display_precision_gap","document","SIV2025000002805","352.63","Recomputed from 2-decimal display prices: 352.57"
"T16","T16_display_precision_gap","document","SIV2025000002811","42.21","Recomputed from 2-decimal display prices: 42.22"
"T16","T16_display_precision_gap","document","SIV2025000002812","335.72","Recomputed from 2-decimal display prices: 335.62"
"T16","T16_display_precision_gap","document","SIV2025000002815","329.41","Recomputed from 2-decimal display prices: 329.29"
"T16","T16_display_precision_gap","document","SIV2025000002816","241.13","Recomputed from 2-decimal display prices: 241.12"
"T16","T16_display_precision_gap","document","SIV2025000002817","276.40","Recomputed from 2-decimal display prices: 276.48"
"T16","T16_display_precision_gap","document","SIV2025000002818","279.04","Recomputed from 2-decimal display prices: 278.95"
"T16","T16_display_precision_gap","document","SIV2025000002820","1007.11","Recomputed from 2-decimal display prices: 1006.79"
"T16","T16_display_precision_gap","document","SIV2025000002822","801.75","Recomputed from 2-decimal display prices: 801.82"
"T16","T16_display_precision_gap","document","SIV2025000002825","989.63","Recomputed from 2-decimal display prices: 989.70"
"T16","T16_display_precision_gap","document","SIV2025000002826","80.66","Recomputed from 2-decimal display prices: 80.64"
"T16","T16_display_precision_gap","document","SIV2025000002829","114.76","Recomputed from 2-decimal display prices: 114.74"
"T16","T16_display_precision_gap","document","SIV2025000002830","199.38","Recomputed from 2-decimal display prices: 199.37"
"T16","T16_display_precision_gap","document","SIV2025000002832","450.42","Recomputed from 2-decimal display prices: 450.38"
"T16","T16_display_precision_gap","document","SIV2025000002833","109.97","Recomputed from 2-decimal display prices: 109.99"
"T16","T16_display_precision_gap","document","SIV2025000002834","334.47","Recomputed from 2-decimal display prices: 334.51"
"T16","T16_display_precision_gap","document","SIV2025000002835","4997.43","Recomputed from 2-decimal display prices: 4997.41"
"T16","T16_display_precision_gap","document","SIV2025000002837","328.77","Recomputed from 2-decimal display prices: 328.78"
"T16","T16_display_precision_gap","document","SIV2025000002838","175.25","Recomputed from 2-decimal display prices: 175.28"
"T16","T16_display_precision_gap","document","SIV2025000002840","139.56","Recomputed from 2-decimal display prices: 139.55"
"T16","T16_display_precision_gap","document","SIV2025000002841","666.14","Recomputed from 2-decimal display prices: 666.05"
"T16","T16_display_precision_gap","document","SIV2025000002843","153.64","Recomputed from 2-decimal display prices: 153.62"
"T16","T16_display_precision_gap","document","SIV2025000002846","614.81","Recomputed from 2-decimal display prices: 614.82"
"T16","T16_display_precision_gap","document","SIV2025000002850","208.89","Recomputed from 2-decimal display prices: 208.91"
"T16","T16_display_precision_gap","document","SIV2025000002851","675.60","Recomputed from 2-decimal display prices: 675.54"
"T16","T16_display_precision_gap","document","SIV2025000002852","751.91","Recomputed from 2-decimal display prices: 752.10"
"T16","T16_display_precision_gap","document","SIV2025000002858","138.48","Recomputed from 2-decimal display prices: 138.46"
"T16","T16_display_precision_gap","document","SIV2025000002859","94.98","Recomputed from 2-decimal display prices: 94.97"
"T16","T16_display_precision_gap","document","SIV2025000002860","333.10","Recomputed from 2-decimal display prices: 333.07"
"T16","T16_display_precision_gap","document","SIV2025000002861","197.73","Recomputed from 2-decimal display prices: 197.71"
"T16","T16_display_precision_gap","document","SIV2025000002865","133.02","Recomputed from 2-decimal display prices: 133.07"
"T16","T16_display_precision_gap","document","SIV2025000002867","2428.40","Recomputed from 2-decimal display prices: 2428.36"
"T16","T16_display_precision_gap","document","SIV2025000002870","91.10","Recomputed from 2-decimal display prices: 91.08"
"T16","T16_display_precision_gap","document","SIV2025000002872","503.59","Recomputed from 2-decimal display prices: 503.65"
"T16","T16_display_precision_gap","document","SIV2025000002874","401.78","Recomputed from 2-decimal display prices: 401.76"
"T16","T16_display_precision_gap","document","SIV2025000002875","112.81","Recomputed from 2-decimal display prices: 112.87"
"T16","T16_display_precision_gap","document","SIV2025000002876","349.66","Recomputed from 2-decimal display prices: 349.62"
"T16","T16_display_precision_gap","document","SIV2025000002877","109.84","Recomputed from 2-decimal display prices: 109.80"
"T16","T16_display_precision_gap","document","SIV2025000002883","126.04","Recomputed from 2-decimal display prices: 126.00"
"T16","T16_display_precision_gap","document","SIV2025000002885","158.81","Recomputed from 2-decimal display prices: 158.80"
"T16","T16_display_precision_gap","document","SIV2025000002892","259.23","Recomputed from 2-decimal display prices: 259.21"
"T16","T16_display_precision_gap","document","SIV2025000002894","501.51","Recomputed from 2-decimal display prices: 502.00"
"T16","T16_display_precision_gap","document","SIV2025000002896","1464.58","Recomputed from 2-decimal display prices: 1464.43"
"T16","T16_display_precision_gap","document","SIV2025000002900","96.01","Recomputed from 2-decimal display prices: 96.05"
"T16","T16_display_precision_gap","document","SIV2025000002901","224.47","Recomputed from 2-decimal display prices: 224.48"
"T16","T16_display_precision_gap","document","SIV2025000002903","407.80","Recomputed from 2-decimal display prices: 407.84"
"T16","T16_display_precision_gap","document","SIV2025000002905","611.93","Recomputed from 2-decimal display prices: 611.94"
"T16","T16_display_precision_gap","document","SIV2025000002907","121.89","Recomputed from 2-decimal display prices: 121.88"
"T16","T16_display_precision_gap","document","SIV2025000002908","1385.82","Recomputed from 2-decimal display prices: 1385.77"
"T16","T16_display_precision_gap","document","SIV2025000002909","448.39","Recomputed from 2-decimal display prices: 448.33"
"T16","T16_display_precision_gap","document","SIV2025000002914","121.36","Recomputed from 2-decimal display prices: 121.40"
"T16","T16_display_precision_gap","document","SIV2025000002915","88.79","Recomputed from 2-decimal display prices: 88.80"
"T16","T16_display_precision_gap","document","SIV2025000002916","349.64","Recomputed from 2-decimal display prices: 349.60"
"T16","T16_display_precision_gap","document","SIV2025000002922","189.48","Recomputed from 2-decimal display prices: 189.52"
"T16","T16_display_precision_gap","document","SIV2025000002924","277.36","Recomputed from 2-decimal display prices: 277.34"
"T16","T16_display_precision_gap","document","SIV2025000002929","306.81","Recomputed from 2-decimal display prices: 306.73"
"T16","T16_display_precision_gap","document","SIV2025000002930","227.88","Recomputed from 2-decimal display prices: 227.90"
"T16","T16_display_precision_gap","document","SIV2025000002933","242.14","Recomputed from 2-decimal display prices: 242.20"
"T16","T16_display_precision_gap","document","SIV2025000002935","361.51","Recomputed from 2-decimal display prices: 361.44"
"T16","T16_display_precision_gap","document","SIV2025000002937","950.11","Recomputed from 2-decimal display prices: 950.20"
"T16","T16_display_precision_gap","document","SIV2025000002940","407.32","Recomputed from 2-decimal display prices: 407.34"
"T16","T16_display_precision_gap","document","SIV2025000002941","228.82","Recomputed from 2-decimal display prices: 228.79"
"T16","T16_display_precision_gap","document","SIV2025000002945","614.12","Recomputed from 2-decimal display prices: 614.18"
"T16","T16_display_precision_gap","document","SIV2025000002949","147.66","Recomputed from 2-decimal display prices: 147.67"
"T16","T16_display_precision_gap","document","SIV2025000002951","343.58","Recomputed from 2-decimal display prices: 343.51"
"T16","T16_display_precision_gap","document","SIV2025000002952","133.95","Recomputed from 2-decimal display prices: 133.99"
"T16","T16_display_precision_gap","document","SIV2025000002957","472.20","Recomputed from 2-decimal display prices: 472.26"
"T16","T16_display_precision_gap","document","SIV2025000002960","570.42","Recomputed from 2-decimal display prices: 570.46"
"T16","T16_display_precision_gap","document","SIV2025000002966","394.49","Recomputed from 2-decimal display prices: 394.44"
"T16","T16_display_precision_gap","document","SIV2025000002967","154.14","Recomputed from 2-decimal display prices: 154.16"
"T16","T16_display_precision_gap","document","SIV2025000002968","26.77","Recomputed from 2-decimal display prices: 26.78"
"T16","T16_display_precision_gap","document","SIV2025000002970","625.43","Recomputed from 2-decimal display prices: 625.45"
"T16","T16_display_precision_gap","document","SIV2025000002971","9.92","Recomputed from 2-decimal display prices: 9.91"
"T16","T16_display_precision_gap","document","SIV2025000002973","187.43","Recomputed from 2-decimal display prices: 187.46"
"T16","T16_display_precision_gap","document","SIV2025000002979","460.66","Recomputed from 2-decimal display prices: 460.67"
"T16","T16_display_precision_gap","document","SIV2025000002980","703.17","Recomputed from 2-decimal display prices: 703.26"
"T16","T16_display_precision_gap","document","SIV2025000002981","100.53","Recomputed from 2-decimal display prices: 100.52"
"T16","T16_display_precision_gap","document","SIV2025000002982","245.20","Recomputed from 2-decimal display prices: 245.28"
"T16","T16_display_precision_gap","document","SIV2025000002983","297.16","Recomputed from 2-decimal display prices: 296.98"
"T16","T16_display_precision_gap","document","SIV2025000002987","590.22","Recomputed from 2-decimal display prices: 590.26"
"T16","T16_display_precision_gap","document","SIV2025000002994","308.52","Recomputed from 2-decimal display prices: 308.66"
"T16","T16_display_precision_gap","document","SIV2025000002997","259.78","Recomputed from 2-decimal display prices: 259.73"
"T16","T16_display_precision_gap","document","SIV2025000002999","1451.60","Recomputed from 2-decimal display prices: 1451.87"
"T16","T16_display_precision_gap","document","SIV2025000003002","565.31","Recomputed from 2-decimal display prices: 565.26"
"T16","T16_display_precision_gap","document","SIV2025000003003","200.74","Recomputed from 2-decimal display prices: 200.82"
"T16","T16_display_precision_gap","document","SIV2025000003006","212.98","Recomputed from 2-decimal display prices: 212.95"
"T16","T16_display_precision_gap","document","SIV2025000003008","92.00","Recomputed from 2-decimal display prices: 92.03"
"T16","T16_display_precision_gap","document","SIV2025000003009","126.16","Recomputed from 2-decimal display prices: 126.14"
"T16","T16_display_precision_gap","document","SIV2025000003012","105.00","Recomputed from 2-decimal display prices: 105.02"
"T16","T16_display_precision_gap","document","SIV2025000003015","1015.30","Recomputed from 2-decimal display prices: 1015.45"
"T16","T16_display_precision_gap","document","SIV2025000003016","403.12","Recomputed from 2-decimal display prices: 403.04"
"T16","T16_display_precision_gap","document","SIV2025000003017","249.50","Recomputed from 2-decimal display prices: 249.52"
"T16","T16_display_precision_gap","document","SIV2025000003018","164.93","Recomputed from 2-decimal display prices: 164.95"
"T16","T16_display_precision_gap","document","SIV2025000003019","156.99","Recomputed from 2-decimal display prices: 156.94"
"T16","T16_display_precision_gap","document","SIV2025000003020","468.97","Recomputed from 2-decimal display prices: 468.67"
"T16","T16_display_precision_gap","document","SIV2025000003021","502.78","Recomputed from 2-decimal display prices: 502.80"
"T16","T16_display_precision_gap","document","SIV2025000003024","377.90","Recomputed from 2-decimal display prices: 377.99"
"T16","T16_display_precision_gap","document","SIV2025000003025","247.54","Recomputed from 2-decimal display prices: 247.56"
"T16","T16_display_precision_gap","document","SIV2025000003027","122.85","Recomputed from 2-decimal display prices: 122.86"
"T16","T16_display_precision_gap","document","SIV2025000003029","308.32","Recomputed from 2-decimal display prices: 308.30"
"T16","T16_display_precision_gap","document","SIV2025000003030","321.45","Recomputed from 2-decimal display prices: 321.41"
"T16","T16_display_precision_gap","document","SIV2025000003032","546.96","Recomputed from 2-decimal display prices: 547.22"
"T16","T16_display_precision_gap","document","SIV2025000003033","241.10","Recomputed from 2-decimal display prices: 241.08"
"T16","T16_display_precision_gap","document","SIV2025000003034","1628.09","Recomputed from 2-decimal display prices: 1628.16"
"T16","T16_display_precision_gap","document","SIV2025000003036","168.40","Recomputed from 2-decimal display prices: 168.37"
"T16","T16_display_precision_gap","document","SIV2025000003038","105.58","Recomputed from 2-decimal display prices: 105.55"
"T16","T16_display_precision_gap","document","SIV2025000003042","128.98","Recomputed from 2-decimal display prices: 129.00"
"T16","T16_display_precision_gap","document","SIV2025000003043","438.00","Recomputed from 2-decimal display prices: 438.06"
"T16","T16_display_precision_gap","document","SIV2025000003044","254.44","Recomputed from 2-decimal display prices: 254.48"
"T16","T16_display_precision_gap","document","SIV2025000003045","79.30","Recomputed from 2-decimal display prices: 79.33"
"T16","T16_display_precision_gap","document","SIV2025000003049","307.54","Recomputed from 2-decimal display prices: 307.55"
"T16","T16_display_precision_gap","document","SIV2025000003053","468.33","Recomputed from 2-decimal display prices: 468.24"
"T16","T16_display_precision_gap","document","SIV2025000003054","264.42","Recomputed from 2-decimal display prices: 264.46"
"T16","T16_display_precision_gap","document","SIV2025000003055","419.18","Recomputed from 2-decimal display prices: 419.17"
"T16","T16_display_precision_gap","document","SIV2025000003056","399.10","Recomputed from 2-decimal display prices: 399.11"
"T16","T16_display_precision_gap","document","SIV2025000003063","586.96","Recomputed from 2-decimal display prices: 586.79"
"T16","T16_display_precision_gap","document","SIV2025000003066","121.11","Recomputed from 2-decimal display prices: 121.15"
"T16","T16_display_precision_gap","document","SIV2025000003067","615.33","Recomputed from 2-decimal display prices: 615.43"
"T16","T16_display_precision_gap","document","SIV2025000003068","149.31","Recomputed from 2-decimal display prices: 149.34"
"T16","T16_display_precision_gap","document","SIV2025000003070","196.29","Recomputed from 2-decimal display prices: 196.24"
"T16","T16_display_precision_gap","document","SIV2025000003073","250.34","Recomputed from 2-decimal display prices: 250.32"
"T16","T16_display_precision_gap","document","SIV2025000003076","420.15","Recomputed from 2-decimal display prices: 420.26"
"T16","T16_display_precision_gap","document","SIV2025000003078","377.38","Recomputed from 2-decimal display prices: 377.45"
"T16","T16_display_precision_gap","document","SIV2025000003084","2350.93","Recomputed from 2-decimal display prices: 2350.92"
"T16","T16_display_precision_gap","document","SIV2025000003087","197.02","Recomputed from 2-decimal display prices: 197.08"
"T16","T16_display_precision_gap","document","SIV2025000003088","370.32","Recomputed from 2-decimal display prices: 370.18"
"T16","T16_display_precision_gap","document","SIV2025000003091","235.03","Recomputed from 2-decimal display prices: 235.02"
"T16","T16_display_precision_gap","document","SIV2025000003093","1320.56","Recomputed from 2-decimal display prices: 1320.52"
"T16","T16_display_precision_gap","document","SIV2025000003096","426.93","Recomputed from 2-decimal display prices: 426.98"
"T16","T16_display_precision_gap","document","SIV2025000003098","234.58","Recomputed from 2-decimal display prices: 234.60"
"T16","T16_display_precision_gap","document","SIV2025000003099","441.97","Recomputed from 2-decimal display prices: 441.96"
"T16","T16_display_precision_gap","document","SIV2025000003100","735.39","Recomputed from 2-decimal display prices: 735.40"
"T16","T16_display_precision_gap","document","SIV2025000003101","113.24","Recomputed from 2-decimal display prices: 113.26"
"T16","T16_display_precision_gap","document","SIV2025000003102","77.91","Recomputed from 2-decimal display prices: 77.94"
"T16","T16_display_precision_gap","document","SIV2025000003103","608.76","Recomputed from 2-decimal display prices: 608.68"
"T16","T16_display_precision_gap","document","SIV2025000003105","125.19","Recomputed from 2-decimal display prices: 125.17"
"T16","T16_display_precision_gap","document","SIV2025000003111","866.91","Recomputed from 2-decimal display prices: 867.14"
"T16","T16_display_precision_gap","document","SIV2025000003113","2481.83","Recomputed from 2-decimal display prices: 2481.52"
"T16","T16_display_precision_gap","document","SIV2025000003114","1941.72","Recomputed from 2-decimal display prices: 1941.47"
"T16","T16_display_precision_gap","document","SIV2025000003117","269.55","Recomputed from 2-decimal display prices: 269.69"
"T16","T16_display_precision_gap","document","SIV2025000003118","233.81","Recomputed from 2-decimal display prices: 233.90"
"T16","T16_display_precision_gap","document","SIV2025000003119","161.77","Recomputed from 2-decimal display prices: 161.82"
"T16","T16_display_precision_gap","document","SIV2025000003120","578.86","Recomputed from 2-decimal display prices: 578.99"
"T16","T16_display_precision_gap","document","SIV2025000003121","463.88","Recomputed from 2-decimal display prices: 463.91"
"T16","T16_display_precision_gap","document","SIV2025000003124","67.96","Recomputed from 2-decimal display prices: 67.91"
"T16","T16_display_precision_gap","document","SIV2025000003126","122.73","Recomputed from 2-decimal display prices: 122.80"
"T16","T16_display_precision_gap","document","SIV2025000003127","1153.78","Recomputed from 2-decimal display prices: 1153.67"
"T16","T16_display_precision_gap","document","SIV2025000003128","556.13","Recomputed from 2-decimal display prices: 556.07"
"T16","T16_display_precision_gap","document","SIV2025000003129","366.75","Recomputed from 2-decimal display prices: 366.80"
"T16","T16_display_precision_gap","document","SIV2025000003130","1210.54","Recomputed from 2-decimal display prices: 1210.48"
"T16","T16_display_precision_gap","document","SIV2025000003133","531.68","Recomputed from 2-decimal display prices: 531.74"
"T16","T16_display_precision_gap","document","SIV2025000003134","303.41","Recomputed from 2-decimal display prices: 303.48"
"T16","T16_display_precision_gap","document","SIV2025000003135","738.98","Recomputed from 2-decimal display prices: 739.02"
"T16","T16_display_precision_gap","document","SIV2025000003136","178.42","Recomputed from 2-decimal display prices: 178.40"
"T16","T16_display_precision_gap","document","SIV2025000003137","75.03","Recomputed from 2-decimal display prices: 75.06"
"T16","T16_display_precision_gap","document","SIV2025000003138","256.29","Recomputed from 2-decimal display prices: 256.25"
"T16","T16_display_precision_gap","document","SIV2025000003139","74.12","Recomputed from 2-decimal display prices: 74.11"
"T16","T16_display_precision_gap","document","SIV2025000003140","260.71","Recomputed from 2-decimal display prices: 260.68"
"T16","T16_display_precision_gap","document","SIV2025000003141","535.82","Recomputed from 2-decimal display prices: 535.81"
"T16","T16_display_precision_gap","document","SIV2025000003142","435.14","Recomputed from 2-decimal display prices: 435.13"
"T16","T16_display_precision_gap","document","SIV2025000003148","625.02","Recomputed from 2-decimal display prices: 625.01"
"T16","T16_display_precision_gap","document","SIV2025000003149","179.51","Recomputed from 2-decimal display prices: 179.54"
"T16","T16_display_precision_gap","document","SIV2025000003150","593.26","Recomputed from 2-decimal display prices: 593.27"
"T16","T16_display_precision_gap","document","SIV2025000003152","832.05","Recomputed from 2-decimal display prices: 832.02"
"T16","T16_display_precision_gap","document","SIV2025000003153","1344.16","Recomputed from 2-decimal display prices: 1344.34"
"T16","T16_display_precision_gap","document","SIV2025000003154","915.27","Recomputed from 2-decimal display prices: 915.06"
"T16","T16_display_precision_gap","document","SIV2025000003155","1091.31","Recomputed from 2-decimal display prices: 1091.18"
"T16","T16_display_precision_gap","document","SIV2025000003156","690.69","Recomputed from 2-decimal display prices: 690.65"
"T16","T16_display_precision_gap","document","SIV2025000003158","397.03","Recomputed from 2-decimal display prices: 397.09"
"T16","T16_display_precision_gap","document","SIV2025000003159","451.39","Recomputed from 2-decimal display prices: 451.56"
"T16","T16_display_precision_gap","document","SIV2025000003161","528.11","Recomputed from 2-decimal display prices: 528.12"
"T16","T16_display_precision_gap","document","SIV2025000003162","245.35","Recomputed from 2-decimal display prices: 245.36"
"T16","T16_display_precision_gap","document","SIV2025000003163","646.25","Recomputed from 2-decimal display prices: 646.20"
"T16","T16_display_precision_gap","document","SIV2025000003168","161.67","Recomputed from 2-decimal display prices: 161.58"
"T16","T16_display_precision_gap","document","SIV2025000003170","112.00","Recomputed from 2-decimal display prices: 112.02"
"T16","T16_display_precision_gap","document","SIV2025000003172","152.55","Recomputed from 2-decimal display prices: 152.48"
"T16","T16_display_precision_gap","document","SIV2025000003174","178.47","Recomputed from 2-decimal display prices: 178.49"
"T16","T16_display_precision_gap","document","SIV2025000003176","1898.41","Recomputed from 2-decimal display prices: 1898.09"
"T16","T16_display_precision_gap","document","SIV2025000003177","1128.29","Recomputed from 2-decimal display prices: 1128.24"
"T16","T16_display_precision_gap","document","SIV2025000003179","97.21","Recomputed from 2-decimal display prices: 97.19"
"T16","T16_display_precision_gap","document","SIV2025000003180","120.25","Recomputed from 2-decimal display prices: 120.24"
"T16","T16_display_precision_gap","document","SIV2025000003181","1127.73","Recomputed from 2-decimal display prices: 1127.72"
"T16","T16_display_precision_gap","document","SIV2025000003183","427.13","Recomputed from 2-decimal display prices: 427.19"
"T16","T16_display_precision_gap","document","SIV2025000003185","83.33","Recomputed from 2-decimal display prices: 83.34"
"T16","T16_display_precision_gap","document","SIV2025000003186","240.59","Recomputed from 2-decimal display prices: 240.58"
"T16","T16_display_precision_gap","document","SIV2025000003187","306.54","Recomputed from 2-decimal display prices: 306.56"
"T16","T16_display_precision_gap","document","SIV2025000003193","115.63","Recomputed from 2-decimal display prices: 115.64"
"T16","T16_display_precision_gap","document","SIV2025000003194","410.79","Recomputed from 2-decimal display prices: 410.80"
"T16","T16_display_precision_gap","document","SIV2025000003195","1766.59","Recomputed from 2-decimal display prices: 1766.47"
"T16","T16_display_precision_gap","document","SIV2025000003196","2490.14","Recomputed from 2-decimal display prices: 2489.74"
"T16","T16_display_precision_gap","document","SIV2025000003197","361.46","Recomputed from 2-decimal display prices: 361.25"
"T16","T16_display_precision_gap","document","SIV2025000003198","4001.65","Recomputed from 2-decimal display prices: 4001.78"
"T16","T16_display_precision_gap","document","SIV2025000003199","149.63","Recomputed from 2-decimal display prices: 149.64"
"T16","T16_display_precision_gap","document","SIV2025000003200","286.89","Recomputed from 2-decimal display prices: 286.90"
"T16","T16_display_precision_gap","document","SIV2025000003204","629.60","Recomputed from 2-decimal display prices: 629.59"
"T16","T16_display_precision_gap","document","SIV2025000003207","189.48","Recomputed from 2-decimal display prices: 189.49"
"T16","T16_display_precision_gap","document","SIV2025000003209","347.10","Recomputed from 2-decimal display prices: 347.14"
"T16","T16_display_precision_gap","document","SIV2025000003211","85.73","Recomputed from 2-decimal display prices: 85.72"
"T16","T16_display_precision_gap","document","SIV2025000003215","536.48","Recomputed from 2-decimal display prices: 536.35"
"T16","T16_display_precision_gap","document","SIV2025000003216","534.12","Recomputed from 2-decimal display prices: 534.14"
"T16","T16_display_precision_gap","document","SIV2025000003218","780.65","Recomputed from 2-decimal display prices: 780.55"
"T16","T16_display_precision_gap","document","SIV2025000003219","150.13","Recomputed from 2-decimal display prices: 150.11"
"T16","T16_display_precision_gap","document","SIV2025000003220","498.07","Recomputed from 2-decimal display prices: 497.99"
"T16","T16_display_precision_gap","document","SIV2025000003222","313.06","Recomputed from 2-decimal display prices: 313.14"
"T16","T16_display_precision_gap","document","SIV2025000003223","90.08","Recomputed from 2-decimal display prices: 90.07"
"T16","T16_display_precision_gap","document","SIV2025000003224","2185.65","Recomputed from 2-decimal display prices: 2185.74"
"T16","T16_display_precision_gap","document","SIV2025000003225","1315.96","Recomputed from 2-decimal display prices: 1316.10"
"T16","T16_display_precision_gap","document","SIV2025000003227","129.54","Recomputed from 2-decimal display prices: 129.49"
"T16","T16_display_precision_gap","document","SIV2025000003230","139.39","Recomputed from 2-decimal display prices: 139.40"
"T16","T16_display_precision_gap","document","SIV2025000003231","342.29","Recomputed from 2-decimal display prices: 342.23"
"T16","T16_display_precision_gap","document","SIV2025000003233","752.04","Recomputed from 2-decimal display prices: 752.15"
"T16","T16_display_precision_gap","document","SIV2025000003234","181.48","Recomputed from 2-decimal display prices: 181.52"
"T16","T16_display_precision_gap","document","SIV2025000003236","147.00","Recomputed from 2-decimal display prices: 147.06"
"T16","T16_display_precision_gap","document","SIV2025000003238","24.10","Recomputed from 2-decimal display prices: 24.08"
"T16","T16_display_precision_gap","document","SIV2025000003239","45.06","Recomputed from 2-decimal display prices: 45.04"
"T16","T16_display_precision_gap","document","SIV2025000003240","294.97","Recomputed from 2-decimal display prices: 294.95"
"T16","T16_display_precision_gap","document","SIV2025000003241","321.03","Recomputed from 2-decimal display prices: 321.05"
"T16","T16_display_precision_gap","document","SIV2025000003242","439.94","Recomputed from 2-decimal display prices: 439.75"
"T16","T16_display_precision_gap","document","SIV2025000003243","85.97","Recomputed from 2-decimal display prices: 85.92"
"T16","T16_display_precision_gap","document","SIV2025000003244","490.34","Recomputed from 2-decimal display prices: 490.33"
"T16","T16_display_precision_gap","document","SIV2025000003248","164.09","Recomputed from 2-decimal display prices: 164.12"
"T16","T16_display_precision_gap","document","SIV2025000003251","56.11","Recomputed from 2-decimal display prices: 56.14"
"T16","T16_display_precision_gap","document","SIV2025000003252","287.47","Recomputed from 2-decimal display prices: 287.45"
"T16","T16_display_precision_gap","document","SIV2025000003253","211.13","Recomputed from 2-decimal display prices: 211.14"
"T16","T16_display_precision_gap","document","SIV2025000003254","293.56","Recomputed from 2-decimal display prices: 293.54"
"T16","T16_display_precision_gap","document","SIV2025000003255","378.31","Recomputed from 2-decimal display prices: 378.41"
"T16","T16_display_precision_gap","document","SIV2025000003256","261.30","Recomputed from 2-decimal display prices: 261.37"
"T16","T16_display_precision_gap","document","SIV2025000003257","255.86","Recomputed from 2-decimal display prices: 255.96"
"T16","T16_display_precision_gap","document","SIV2025000003261","676.35","Recomputed from 2-decimal display prices: 676.62"
"T16","T16_display_precision_gap","document","SIV2025000003263","1037.31","Recomputed from 2-decimal display prices: 1037.35"
"T16","T16_display_precision_gap","document","SIV2025000003264","754.80","Recomputed from 2-decimal display prices: 754.92"
"T16","T16_display_precision_gap","document","SIV2025000003269","173.79","Recomputed from 2-decimal display prices: 173.78"
"T16","T16_display_precision_gap","document","SIV2025000003270","132.39","Recomputed from 2-decimal display prices: 132.36"
"T16","T16_display_precision_gap","document","SIV2025000003271","285.39","Recomputed from 2-decimal display prices: 285.42"
"T16","T16_display_precision_gap","document","SIV2025000003274","1593.38","Recomputed from 2-decimal display prices: 1593.08"
"T16","T16_display_precision_gap","document","SIV2025000003276","349.66","Recomputed from 2-decimal display prices: 349.69"
"T16","T16_display_precision_gap","document","SIV2025000003277","455.66","Recomputed from 2-decimal display prices: 455.71"
"T16","T16_display_precision_gap","document","SIV2025000003278","1157.95","Recomputed from 2-decimal display prices: 1157.93"
"T16","T16_display_precision_gap","document","SIV2025000003280","150.27","Recomputed from 2-decimal display prices: 150.28"
"T16","T16_display_precision_gap","document","SIV2025000003281","172.91","Recomputed from 2-decimal display prices: 172.92"
"T16","T16_display_precision_gap","document","SIV2025000003282","262.21","Recomputed from 2-decimal display prices: 262.16"
"T16","T16_display_precision_gap","document","SIV2025000003289","304.46","Recomputed from 2-decimal display prices: 304.39"
"T16","T16_display_precision_gap","document","SIV2025000003292","205.98","Recomputed from 2-decimal display prices: 205.97"
"T16","T16_display_precision_gap","document","SIV2025000003296","543.91","Recomputed from 2-decimal display prices: 543.96"
"T16","T16_display_precision_gap","document","SIV2025000003299","81.16","Recomputed from 2-decimal display prices: 81.14"
"T16","T16_display_precision_gap","document","SIV2025000003300","2758.68","Recomputed from 2-decimal display prices: 2759.10"
"T16","T16_display_precision_gap","document","SIV2025000003304","420.39","Recomputed from 2-decimal display prices: 420.31"
"T16","T16_display_precision_gap","document","SIV2025000003305","78.21","Recomputed from 2-decimal display prices: 78.24"
"T16","T16_display_precision_gap","document","SIV2025000003307","589.81","Recomputed from 2-decimal display prices: 589.87"
"T16","T16_display_precision_gap","document","SIV2025000003308","18164.49","Recomputed from 2-decimal display prices: 18164.51"
"T16","T16_display_precision_gap","document","SIV2025000003309","410.68","Recomputed from 2-decimal display prices: 410.66"
"T16","T16_display_precision_gap","document","SIV2025000003310","751.65","Recomputed from 2-decimal display prices: 751.67"
"T16","T16_display_precision_gap","document","SIV2025000003311","415.01","Recomputed from 2-decimal display prices: 415.00"
"T16","T16_display_precision_gap","document","SIV2025000003314","857.49","Recomputed from 2-decimal display prices: 857.47"
"T16","T16_display_precision_gap","document","SIV2025000003315","718.69","Recomputed from 2-decimal display prices: 718.73"
"T16","T16_display_precision_gap","document","SIV2025000003316","76.21","Recomputed from 2-decimal display prices: 76.20"
"T16","T16_display_precision_gap","document","SIV2025000003317","353.94","Recomputed from 2-decimal display prices: 354.05"
"T16","T16_display_precision_gap","document","SIV2025000003321","290.78","Recomputed from 2-decimal display prices: 290.77"
"T16","T16_display_precision_gap","document","SIV2025000003322","304.22","Recomputed from 2-decimal display prices: 304.13"
"T16","T16_display_precision_gap","document","SIV2025000003326","1233.99","Recomputed from 2-decimal display prices: 1233.96"
"T16","T16_display_precision_gap","document","SIV2025000003329","502.86","Recomputed from 2-decimal display prices: 502.90"
"T16","T16_display_precision_gap","document","SIV2025000003330","332.24","Recomputed from 2-decimal display prices: 332.20"
"T16","T16_display_precision_gap","document","SIV2025000003331","493.17","Recomputed from 2-decimal display prices: 492.95"
"T16","T16_display_precision_gap","document","SIV2025000003332","267.91","Recomputed from 2-decimal display prices: 267.85"
"T16","T16_display_precision_gap","document","SIV2025000003333","14567.94","Recomputed from 2-decimal display prices: 14567.93"
"T16","T16_display_precision_gap","document","SIV2025000003334","382.11","Recomputed from 2-decimal display prices: 382.12"
"T16","T16_display_precision_gap","document","SIV2025000003335","179.35","Recomputed from 2-decimal display prices: 179.36"
"T16","T16_display_precision_gap","document","SIV2025000003336","318.74","Recomputed from 2-decimal display prices: 318.70"
"T16","T16_display_precision_gap","document","SIV2025000003338","536.70","Recomputed from 2-decimal display prices: 536.74"
"T16","T16_display_precision_gap","document","SIV2025000003340","954.96","Recomputed from 2-decimal display prices: 955.00"
"T16","T16_display_precision_gap","document","SIV2025000003341","1045.44","Recomputed from 2-decimal display prices: 1045.75"
"T16","T16_display_precision_gap","document","SIV2025000003343","48.45","Recomputed from 2-decimal display prices: 48.44"
"T16","T16_display_precision_gap","document","SIV2025000003344","374.30","Recomputed from 2-decimal display prices: 374.45"
"T16","T16_display_precision_gap","document","SIV2025000003346","119.18","Recomputed from 2-decimal display prices: 119.24"
"T16","T16_display_precision_gap","document","SIV2025000003348","191.75","Recomputed from 2-decimal display prices: 191.68"
"T16","T16_display_precision_gap","document","SIV2025000003349","777.12","Recomputed from 2-decimal display prices: 776.74"
"T16","T16_display_precision_gap","document","SIV2025000003351","200.19","Recomputed from 2-decimal display prices: 200.08"
"T16","T16_display_precision_gap","document","SIV2025000003352","161.32","Recomputed from 2-decimal display prices: 161.30"
"T16","T16_display_precision_gap","document","SIV2025000003353","167.30","Recomputed from 2-decimal display prices: 167.27"
"T16","T16_display_precision_gap","document","SIV2025000003356","1367.41","Recomputed from 2-decimal display prices: 1367.90"
"T16","T16_display_precision_gap","document","SIV2025000003357","532.45","Recomputed from 2-decimal display prices: 532.50"
"T16","T16_display_precision_gap","document","SIV2025000003367","268.66","Recomputed from 2-decimal display prices: 268.73"
"T16","T16_display_precision_gap","document","SIV2025000003369","47.42","Recomputed from 2-decimal display prices: 47.40"
"T16","T16_display_precision_gap","document","SIV2025000003371","141.65","Recomputed from 2-decimal display prices: 141.59"
"T16","T16_display_precision_gap","document","SIV2025000003373","243.27","Recomputed from 2-decimal display prices: 243.25"
"T16","T16_display_precision_gap","document","SIV2025000003374","339.35","Recomputed from 2-decimal display prices: 339.31"
"T16","T16_display_precision_gap","document","SIV2025000003375","85.31","Recomputed from 2-decimal display prices: 85.32"
"T16","T16_display_precision_gap","document","SIV2025000003376","1096.54","Recomputed from 2-decimal display prices: 1096.80"
"T16","T16_display_precision_gap","document","SIV2025000003380","65.61","Recomputed from 2-decimal display prices: 65.59"
"T16","T16_display_precision_gap","document","SIV2025000003381","231.01","Recomputed from 2-decimal display prices: 231.02"
"T16","T16_display_precision_gap","document","SIV2025000003383","263.29","Recomputed from 2-decimal display prices: 263.34"
"T16","T16_display_precision_gap","document","SIV2025000003385","485.15","Recomputed from 2-decimal display prices: 485.20"
"T16","T16_display_precision_gap","document","SIV2025000003394","200.20","Recomputed from 2-decimal display prices: 200.22"
"T16","T16_display_precision_gap","document","SIV2025000003397","176.11","Recomputed from 2-decimal display prices: 176.12"
"T16","T16_display_precision_gap","document","SIV2025000003400","523.70","Recomputed from 2-decimal display prices: 523.68"
"T16","T16_display_precision_gap","document","SIV2025000003401","535.88","Recomputed from 2-decimal display prices: 535.96"
"T16","T16_display_precision_gap","document","SIV2025000003403","89.51","Recomputed from 2-decimal display prices: 89.54"
"T16","T16_display_precision_gap","document","SIV2025000003404","183.68","Recomputed from 2-decimal display prices: 183.74"
"T16","T16_display_precision_gap","document","SIV2025000003405","2333.94","Recomputed from 2-decimal display prices: 2333.92"
"T16","T16_display_precision_gap","document","SIV2025000003412","391.01","Recomputed from 2-decimal display prices: 390.88"
"T16","T16_display_precision_gap","document","SIV2025000003413","671.09","Recomputed from 2-decimal display prices: 671.10"
"T16","T16_display_precision_gap","document","SIV2025000003414","263.28","Recomputed from 2-decimal display prices: 263.40"
"T16","T16_display_precision_gap","document","SIV2025000003415","784.19","Recomputed from 2-decimal display prices: 784.25"
"T16","T16_display_precision_gap","document","SIV2025000003416","160.49","Recomputed from 2-decimal display prices: 160.54"
"T16","T16_display_precision_gap","document","SIV2025000003417","150.62","Recomputed from 2-decimal display prices: 150.58"
"T16","T16_display_precision_gap","document","SIV2025000003418","142.26","Recomputed from 2-decimal display prices: 142.25"
"T16","T16_display_precision_gap","document","SIV2025000003419","718.27","Recomputed from 2-decimal display prices: 718.21"
"T16","T16_display_precision_gap","document","SIV2025000003420","61191.22","Recomputed from 2-decimal display prices: 61191.36"
"T16","T16_display_precision_gap","document","SIV2025000003423","809.39","Recomputed from 2-decimal display prices: 809.51"
"T16","T16_display_precision_gap","document","SIV2025000003425","2090.38","Recomputed from 2-decimal display prices: 2090.23"
"T16","T16_display_precision_gap","document","SIV2025000003426","211.68","Recomputed from 2-decimal display prices: 211.69"
"T16","T16_display_precision_gap","document","SIV2025000003429","509.38","Recomputed from 2-decimal display prices: 509.36"
"T16","T16_display_precision_gap","document","SIV2025000003432","232.60","Recomputed from 2-decimal display prices: 232.69"
"T16","T16_display_precision_gap","document","SIV2025000003437","28268.71","Recomputed from 2-decimal display prices: 28268.74"
"T16","T16_display_precision_gap","document","SIV2025000003438","236.38","Recomputed from 2-decimal display prices: 236.42"
"T16","T16_display_precision_gap","document","SIV2025000003440","18.67","Recomputed from 2-decimal display prices: 18.65"
"T16","T16_display_precision_gap","document","SIV2025000003441","39.58","Recomputed from 2-decimal display prices: 39.60"
"T16","T16_display_precision_gap","document","SIV2025000003442","3320.96","Recomputed from 2-decimal display prices: 3320.70"
"T16","T16_display_precision_gap","document","SIV2025000003443","875.93","Recomputed from 2-decimal display prices: 876.11"
